arm,suite,problem,repeat,sha,fingerprint,feasible,proven,objective,solveSeconds,budgetMs,openBoolDecisions,openIntDecisions,openTheoryDecisions,openTheoryChecks,openWork,openLearned,openRelearned,openRestarts,openReductions,openDropped,openRetained,openPeakRetained,openLearnedWatchVisits,openAssertingConflicts,openNonAssertingConflicts,openClauseActivityBumps,openClauseLbdImprovements,openReductionNs,decisions,equalWorkEligible
activity-default,dimacs-core,bipartite-2col,0,84ec0f7f9b0b9a44411b69c70e9519c5b4360a63,593c9bf673e2fe6a915039f2a62dd198c4a0110d61310ade6ef721ff9e1bd0fa,True,False,,0.048,10000,0,0,0,0,0,0,0,0,0,0,0,0,0,0,0,0,0,0,0,True
baseline,dimacs-core,bipartite-2col,0,58ae735e7b527a9d5e1050a0111b78f38b8590f0,47e08fddaf216bb294f883b6b2af9c952dcf4681ded7234d34177367e0ed29b1,True,False,,0.07,10000,0,0,0,0,0,0,0,0,0,0,0,0,0,,,,,,0,True
coverage,dimacs-core,bipartite-2col,0,4ffba2d4eb2d78fdf19b65217ffabb6260f1cb1a,b09267e28b28d569b2a47325fa0d9b89f1a6a1852fcdc6c8ebb6f0f1fdbac42f,True,False,,0.048,10000,0,0,0,0,0,0,0,0,0,0,0,0,0,0,0,,,,0,True
activity-default,dimacs-core,bipartite-2col,1,84ec0f7f9b0b9a44411b69c70e9519c5b4360a63,593c9bf673e2fe6a915039f2a62dd198c4a0110d61310ade6ef721ff9e1bd0fa,True,False,,0.049,10000,0,0,0,0,0,0,0,0,0,0,0,0,0,0,0,0,0,0,0,True
baseline,dimacs-core,bipartite-2col,1,58ae735e7b527a9d5e1050a0111b78f38b8590f0,47e08fddaf216bb294f883b6b2af9c952dcf4681ded7234d34177367e0ed29b1,True,False,,0.058,10000,0,0,0,0,0,0,0,0,0,0,0,0,0,,,,,,0,True
coverage,dimacs-core,bipartite-2col,1,4ffba2d4eb2d78fdf19b65217ffabb6260f1cb1a,b09267e28b28d569b2a47325fa0d9b89f1a6a1852fcdc6c8ebb6f0f1fdbac42f,True,False,,0.057,10000,0,0,0,0,0,0,0,0,0,0,0,0,0,0,0,,,,0,True
activity-default,dimacs-core,bipartite-2col,2,84ec0f7f9b0b9a44411b69c70e9519c5b4360a63,593c9bf673e2fe6a915039f2a62dd198c4a0110d61310ade6ef721ff9e1bd0fa,True,False,,0.048,10000,0,0,0,0,0,0,0,0,0,0,0,0,0,0,0,0,0,0,0,True
baseline,dimacs-core,bipartite-2col,2,58ae735e7b527a9d5e1050a0111b78f38b8590f0,47e08fddaf216bb294f883b6b2af9c952dcf4681ded7234d34177367e0ed29b1,True,False,,0.047,10000,0,0,0,0,0,0,0,0,0,0,0,0,0,,,,,,0,True
coverage,dimacs-core,bipartite-2col,2,4ffba2d4eb2d78fdf19b65217ffabb6260f1cb1a,b09267e28b28d569b2a47325fa0d9b89f1a6a1852fcdc6c8ebb6f0f1fdbac42f,True,False,,0.05,10000,0,0,0,0,0,0,0,0,0,0,0,0,0,0,0,,,,0,True
activity-default,dimacs-core,implication-chain,0,84ec0f7f9b0b9a44411b69c70e9519c5b4360a63,593c9bf673e2fe6a915039f2a62dd198c4a0110d61310ade6ef721ff9e1bd0fa,True,False,,0.046,10000,0,0,0,0,0,0,0,0,0,0,0,0,0,0,0,0,0,0,0,True
baseline,dimacs-core,implication-chain,0,58ae735e7b527a9d5e1050a0111b78f38b8590f0,47e08fddaf216bb294f883b6b2af9c952dcf4681ded7234d34177367e0ed29b1,True,False,,0.045,10000,0,0,0,0,0,0,0,0,0,0,0,0,0,,,,,,0,True
coverage,dimacs-core,implication-chain,0,4ffba2d4eb2d78fdf19b65217ffabb6260f1cb1a,b09267e28b28d569b2a47325fa0d9b89f1a6a1852fcdc6c8ebb6f0f1fdbac42f,True,False,,0.051,10000,0,0,0,0,0,0,0,0,0,0,0,0,0,0,0,,,,0,True
activity-default,dimacs-core,implication-chain,1,84ec0f7f9b0b9a44411b69c70e9519c5b4360a63,593c9bf673e2fe6a915039f2a62dd198c4a0110d61310ade6ef721ff9e1bd0fa,True,False,,0.047,10000,0,0,0,0,0,0,0,0,0,0,0,0,0,0,0,0,0,0,0,True
baseline,dimacs-core,implication-chain,1,58ae735e7b527a9d5e1050a0111b78f38b8590f0,47e08fddaf216bb294f883b6b2af9c952dcf4681ded7234d34177367e0ed29b1,True,False,,0.042,10000,0,0,0,0,0,0,0,0,0,0,0,0,0,,,,,,0,True
coverage,dimacs-core,implication-chain,1,4ffba2d4eb2d78fdf19b65217ffabb6260f1cb1a,b09267e28b28d569b2a47325fa0d9b89f1a6a1852fcdc6c8ebb6f0f1fdbac42f,True,False,,0.045,10000,0,0,0,0,0,0,0,0,0,0,0,0,0,0,0,,,,0,True
activity-default,dimacs-core,implication-chain,2,84ec0f7f9b0b9a44411b69c70e9519c5b4360a63,593c9bf673e2fe6a915039f2a62dd198c4a0110d61310ade6ef721ff9e1bd0fa,True,False,,0.043,10000,0,0,0,0,0,0,0,0,0,0,0,0,0,0,0,0,0,0,0,True
baseline,dimacs-core,implication-chain,2,58ae735e7b527a9d5e1050a0111b78f38b8590f0,47e08fddaf216bb294f883b6b2af9c952dcf4681ded7234d34177367e0ed29b1,True,False,,0.049,10000,0,0,0,0,0,0,0,0,0,0,0,0,0,,,,,,0,True
coverage,dimacs-core,implication-chain,2,4ffba2d4eb2d78fdf19b65217ffabb6260f1cb1a,b09267e28b28d569b2a47325fa0d9b89f1a6a1852fcdc6c8ebb6f0f1fdbac42f,True,False,,0.042,10000,0,0,0,0,0,0,0,0,0,0,0,0,0,0,0,,,,0,True
activity-default,dimacs-core,php3,0,84ec0f7f9b0b9a44411b69c70e9519c5b4360a63,593c9bf673e2fe6a915039f2a62dd198c4a0110d61310ade6ef721ff9e1bd0fa,False,True,,0.049,10000,0,0,0,0,0,0,0,0,0,0,0,0,0,0,0,0,0,0,0,True
baseline,dimacs-core,php3,0,58ae735e7b527a9d5e1050a0111b78f38b8590f0,47e08fddaf216bb294f883b6b2af9c952dcf4681ded7234d34177367e0ed29b1,False,True,,0.072,10000,0,0,0,0,0,0,0,0,0,0,0,0,0,,,,,,0,True
coverage,dimacs-core,php3,0,4ffba2d4eb2d78fdf19b65217ffabb6260f1cb1a,b09267e28b28d569b2a47325fa0d9b89f1a6a1852fcdc6c8ebb6f0f1fdbac42f,False,True,,0.048,10000,0,0,0,0,0,0,0,0,0,0,0,0,0,0,0,,,,0,True
activity-default,dimacs-core,php3,1,84ec0f7f9b0b9a44411b69c70e9519c5b4360a63,593c9bf673e2fe6a915039f2a62dd198c4a0110d61310ade6ef721ff9e1bd0fa,False,True,,0.058,10000,0,0,0,0,0,0,0,0,0,0,0,0,0,0,0,0,0,0,0,True
baseline,dimacs-core,php3,1,58ae735e7b527a9d5e1050a0111b78f38b8590f0,47e08fddaf216bb294f883b6b2af9c952dcf4681ded7234d34177367e0ed29b1,False,True,,0.057,10000,0,0,0,0,0,0,0,0,0,0,0,0,0,,,,,,0,True
coverage,dimacs-core,php3,1,4ffba2d4eb2d78fdf19b65217ffabb6260f1cb1a,b09267e28b28d569b2a47325fa0d9b89f1a6a1852fcdc6c8ebb6f0f1fdbac42f,False,True,,0.05,10000,0,0,0,0,0,0,0,0,0,0,0,0,0,0,0,,,,0,True
activity-default,dimacs-core,php3,2,84ec0f7f9b0b9a44411b69c70e9519c5b4360a63,593c9bf673e2fe6a915039f2a62dd198c4a0110d61310ade6ef721ff9e1bd0fa,False,True,,0.048,10000,0,0,0,0,0,0,0,0,0,0,0,0,0,0,0,0,0,0,0,True
baseline,dimacs-core,php3,2,58ae735e7b527a9d5e1050a0111b78f38b8590f0,47e08fddaf216bb294f883b6b2af9c952dcf4681ded7234d34177367e0ed29b1,False,True,,0.048,10000,0,0,0,0,0,0,0,0,0,0,0,0,0,,,,,,0,True
coverage,dimacs-core,php3,2,4ffba2d4eb2d78fdf19b65217ffabb6260f1cb1a,b09267e28b28d569b2a47325fa0d9b89f1a6a1852fcdc6c8ebb6f0f1fdbac42f,False,True,,0.048,10000,0,0,0,0,0,0,0,0,0,0,0,0,0,0,0,,,,0,True
activity-default,dimacs-core,php4,0,84ec0f7f9b0b9a44411b69c70e9519c5b4360a63,593c9bf673e2fe6a915039f2a62dd198c4a0110d61310ade6ef721ff9e1bd0fa,False,True,,0.113,10000,0,0,0,0,0,0,0,0,0,0,0,0,0,0,0,0,0,0,0,True
baseline,dimacs-core,php4,0,58ae735e7b527a9d5e1050a0111b78f38b8590f0,47e08fddaf216bb294f883b6b2af9c952dcf4681ded7234d34177367e0ed29b1,False,True,,0.117,10000,0,0,0,0,0,0,0,0,0,0,0,0,0,,,,,,0,True
coverage,dimacs-core,php4,0,4ffba2d4eb2d78fdf19b65217ffabb6260f1cb1a,b09267e28b28d569b2a47325fa0d9b89f1a6a1852fcdc6c8ebb6f0f1fdbac42f,False,True,,0.122,10000,0,0,0,0,0,0,0,0,0,0,0,0,0,0,0,,,,0,True
activity-default,dimacs-core,php4,1,84ec0f7f9b0b9a44411b69c70e9519c5b4360a63,593c9bf673e2fe6a915039f2a62dd198c4a0110d61310ade6ef721ff9e1bd0fa,False,True,,0.063,10000,0,0,0,0,0,0,0,0,0,0,0,0,0,0,0,0,0,0,0,True
baseline,dimacs-core,php4,1,58ae735e7b527a9d5e1050a0111b78f38b8590f0,47e08fddaf216bb294f883b6b2af9c952dcf4681ded7234d34177367e0ed29b1,False,True,,0.068,10000,0,0,0,0,0,0,0,0,0,0,0,0,0,,,,,,0,True
coverage,dimacs-core,php4,1,4ffba2d4eb2d78fdf19b65217ffabb6260f1cb1a,b09267e28b28d569b2a47325fa0d9b89f1a6a1852fcdc6c8ebb6f0f1fdbac42f,False,True,,0.071,10000,0,0,0,0,0,0,0,0,0,0,0,0,0,0,0,,,,0,True
activity-default,dimacs-core,php4,2,84ec0f7f9b0b9a44411b69c70e9519c5b4360a63,593c9bf673e2fe6a915039f2a62dd198c4a0110d61310ade6ef721ff9e1bd0fa,False,True,,0.075,10000,0,0,0,0,0,0,0,0,0,0,0,0,0,0,0,0,0,0,0,True
baseline,dimacs-core,php4,2,58ae735e7b527a9d5e1050a0111b78f38b8590f0,47e08fddaf216bb294f883b6b2af9c952dcf4681ded7234d34177367e0ed29b1,False,True,,0.066,10000,0,0,0,0,0,0,0,0,0,0,0,0,0,,,,,,0,True
coverage,dimacs-core,php4,2,4ffba2d4eb2d78fdf19b65217ffabb6260f1cb1a,b09267e28b28d569b2a47325fa0d9b89f1a6a1852fcdc6c8ebb6f0f1fdbac42f,False,True,,0.063,10000,0,0,0,0,0,0,0,0,0,0,0,0,0,0,0,,,,0,True
activity-default,dimacs-core,random3sat-20-80,0,84ec0f7f9b0b9a44411b69c70e9519c5b4360a63,593c9bf673e2fe6a915039f2a62dd198c4a0110d61310ade6ef721ff9e1bd0fa,True,False,,0.06,10000,0,0,0,0,0,0,0,0,0,0,0,0,0,0,0,0,0,0,0,True
baseline,dimacs-core,random3sat-20-80,0,58ae735e7b527a9d5e1050a0111b78f38b8590f0,47e08fddaf216bb294f883b6b2af9c952dcf4681ded7234d34177367e0ed29b1,True,False,,0.072,10000,0,0,0,0,0,0,0,0,0,0,0,0,0,,,,,,0,True
coverage,dimacs-core,random3sat-20-80,0,4ffba2d4eb2d78fdf19b65217ffabb6260f1cb1a,b09267e28b28d569b2a47325fa0d9b89f1a6a1852fcdc6c8ebb6f0f1fdbac42f,True,False,,0.061,10000,0,0,0,0,0,0,0,0,0,0,0,0,0,0,0,,,,0,True
activity-default,dimacs-core,random3sat-20-80,1,84ec0f7f9b0b9a44411b69c70e9519c5b4360a63,593c9bf673e2fe6a915039f2a62dd198c4a0110d61310ade6ef721ff9e1bd0fa,True,False,,0.06,10000,0,0,0,0,0,0,0,0,0,0,0,0,0,0,0,0,0,0,0,True
baseline,dimacs-core,random3sat-20-80,1,58ae735e7b527a9d5e1050a0111b78f38b8590f0,47e08fddaf216bb294f883b6b2af9c952dcf4681ded7234d34177367e0ed29b1,True,False,,0.059,10000,0,0,0,0,0,0,0,0,0,0,0,0,0,,,,,,0,True
coverage,dimacs-core,random3sat-20-80,1,4ffba2d4eb2d78fdf19b65217ffabb6260f1cb1a,b09267e28b28d569b2a47325fa0d9b89f1a6a1852fcdc6c8ebb6f0f1fdbac42f,True,False,,0.057,10000,0,0,0,0,0,0,0,0,0,0,0,0,0,0,0,,,,0,True
activity-default,dimacs-core,random3sat-20-80,2,84ec0f7f9b0b9a44411b69c70e9519c5b4360a63,593c9bf673e2fe6a915039f2a62dd198c4a0110d61310ade6ef721ff9e1bd0fa,True,False,,0.061,10000,0,0,0,0,0,0,0,0,0,0,0,0,0,0,0,0,0,0,0,True
baseline,dimacs-core,random3sat-20-80,2,58ae735e7b527a9d5e1050a0111b78f38b8590f0,47e08fddaf216bb294f883b6b2af9c952dcf4681ded7234d34177367e0ed29b1,True,False,,0.062,10000,0,0,0,0,0,0,0,0,0,0,0,0,0,,,,,,0,True
coverage,dimacs-core,random3sat-20-80,2,4ffba2d4eb2d78fdf19b65217ffabb6260f1cb1a,b09267e28b28d569b2a47325fa0d9b89f1a6a1852fcdc6c8ebb6f0f1fdbac42f,True,False,,0.064,10000,0,0,0,0,0,0,0,0,0,0,0,0,0,0,0,,,,0,True
activity-default,dimacs-core,random3sat-50-200,0,84ec0f7f9b0b9a44411b69c70e9519c5b4360a63,593c9bf673e2fe6a915039f2a62dd198c4a0110d61310ade6ef721ff9e1bd0fa,True,False,,0.075,10000,0,0,0,0,0,0,0,0,0,0,0,0,0,0,0,0,0,0,0,True
baseline,dimacs-core,random3sat-50-200,0,58ae735e7b527a9d5e1050a0111b78f38b8590f0,47e08fddaf216bb294f883b6b2af9c952dcf4681ded7234d34177367e0ed29b1,True,False,,0.081,10000,0,0,0,0,0,0,0,0,0,0,0,0,0,,,,,,0,True
coverage,dimacs-core,random3sat-50-200,0,4ffba2d4eb2d78fdf19b65217ffabb6260f1cb1a,b09267e28b28d569b2a47325fa0d9b89f1a6a1852fcdc6c8ebb6f0f1fdbac42f,True,False,,0.07,10000,0,0,0,0,0,0,0,0,0,0,0,0,0,0,0,,,,0,True
activity-default,dimacs-core,random3sat-50-200,1,84ec0f7f9b0b9a44411b69c70e9519c5b4360a63,593c9bf673e2fe6a915039f2a62dd198c4a0110d61310ade6ef721ff9e1bd0fa,True,False,,0.069,10000,0,0,0,0,0,0,0,0,0,0,0,0,0,0,0,0,0,0,0,True
baseline,dimacs-core,random3sat-50-200,1,58ae735e7b527a9d5e1050a0111b78f38b8590f0,47e08fddaf216bb294f883b6b2af9c952dcf4681ded7234d34177367e0ed29b1,True,False,,0.059,10000,0,0,0,0,0,0,0,0,0,0,0,0,0,,,,,,0,True
coverage,dimacs-core,random3sat-50-200,1,4ffba2d4eb2d78fdf19b65217ffabb6260f1cb1a,b09267e28b28d569b2a47325fa0d9b89f1a6a1852fcdc6c8ebb6f0f1fdbac42f,True,False,,0.059,10000,0,0,0,0,0,0,0,0,0,0,0,0,0,0,0,,,,0,True
activity-default,dimacs-core,random3sat-50-200,2,84ec0f7f9b0b9a44411b69c70e9519c5b4360a63,593c9bf673e2fe6a915039f2a62dd198c4a0110d61310ade6ef721ff9e1bd0fa,True,False,,0.067,10000,0,0,0,0,0,0,0,0,0,0,0,0,0,0,0,0,0,0,0,True
baseline,dimacs-core,random3sat-50-200,2,58ae735e7b527a9d5e1050a0111b78f38b8590f0,47e08fddaf216bb294f883b6b2af9c952dcf4681ded7234d34177367e0ed29b1,True,False,,0.067,10000,0,0,0,0,0,0,0,0,0,0,0,0,0,,,,,,0,True
coverage,dimacs-core,random3sat-50-200,2,4ffba2d4eb2d78fdf19b65217ffabb6260f1cb1a,b09267e28b28d569b2a47325fa0d9b89f1a6a1852fcdc6c8ebb6f0f1fdbac42f,True,False,,0.06,10000,0,0,0,0,0,0,0,0,0,0,0,0,0,0,0,,,,0,True
activity-default,mps-core,blend-tiny,0,84ec0f7f9b0b9a44411b69c70e9519c5b4360a63,593c9bf673e2fe6a915039f2a62dd198c4a0110d61310ade6ef721ff9e1bd0fa,True,True,9.0,0.078,10000,0,0,0,0,0,0,0,0,0,0,0,0,0,0,0,0,0,0,0,True
baseline,mps-core,blend-tiny,0,58ae735e7b527a9d5e1050a0111b78f38b8590f0,47e08fddaf216bb294f883b6b2af9c952dcf4681ded7234d34177367e0ed29b1,True,True,9.0,0.091,10000,0,0,0,0,0,0,0,0,0,0,0,0,0,,,,,,0,True
coverage,mps-core,blend-tiny,0,4ffba2d4eb2d78fdf19b65217ffabb6260f1cb1a,b09267e28b28d569b2a47325fa0d9b89f1a6a1852fcdc6c8ebb6f0f1fdbac42f,True,True,9.0,0.084,10000,0,0,0,0,0,0,0,0,0,0,0,0,0,0,0,,,,0,True
activity-default,mps-core,blend-tiny,1,84ec0f7f9b0b9a44411b69c70e9519c5b4360a63,593c9bf673e2fe6a915039f2a62dd198c4a0110d61310ade6ef721ff9e1bd0fa,True,True,9.0,0.093,10000,0,0,0,0,0,0,0,0,0,0,0,0,0,0,0,0,0,0,0,True
baseline,mps-core,blend-tiny,1,58ae735e7b527a9d5e1050a0111b78f38b8590f0,47e08fddaf216bb294f883b6b2af9c952dcf4681ded7234d34177367e0ed29b1,True,True,9.0,0.076,10000,0,0,0,0,0,0,0,0,0,0,0,0,0,,,,,,0,True
coverage,mps-core,blend-tiny,1,4ffba2d4eb2d78fdf19b65217ffabb6260f1cb1a,b09267e28b28d569b2a47325fa0d9b89f1a6a1852fcdc6c8ebb6f0f1fdbac42f,True,True,9.0,0.077,10000,0,0,0,0,0,0,0,0,0,0,0,0,0,0,0,,,,0,True
activity-default,mps-core,blend-tiny,2,84ec0f7f9b0b9a44411b69c70e9519c5b4360a63,593c9bf673e2fe6a915039f2a62dd198c4a0110d61310ade6ef721ff9e1bd0fa,True,True,9.0,0.08,10000,0,0,0,0,0,0,0,0,0,0,0,0,0,0,0,0,0,0,0,True
baseline,mps-core,blend-tiny,2,58ae735e7b527a9d5e1050a0111b78f38b8590f0,47e08fddaf216bb294f883b6b2af9c952dcf4681ded7234d34177367e0ed29b1,True,True,9.0,0.088,10000,0,0,0,0,0,0,0,0,0,0,0,0,0,,,,,,0,True
coverage,mps-core,blend-tiny,2,4ffba2d4eb2d78fdf19b65217ffabb6260f1cb1a,b09267e28b28d569b2a47325fa0d9b89f1a6a1852fcdc6c8ebb6f0f1fdbac42f,True,True,9.0,0.091,10000,0,0,0,0,0,0,0,0,0,0,0,0,0,0,0,,,,0,True
activity-default,mps-core,feasible-tiny,0,84ec0f7f9b0b9a44411b69c70e9519c5b4360a63,593c9bf673e2fe6a915039f2a62dd198c4a0110d61310ade6ef721ff9e1bd0fa,True,False,,0.067,10000,0,0,0,0,0,0,0,0,0,0,0,0,0,0,0,0,0,0,0,True
baseline,mps-core,feasible-tiny,0,58ae735e7b527a9d5e1050a0111b78f38b8590f0,47e08fddaf216bb294f883b6b2af9c952dcf4681ded7234d34177367e0ed29b1,True,False,,0.062,10000,0,0,0,0,0,0,0,0,0,0,0,0,0,,,,,,0,True
coverage,mps-core,feasible-tiny,0,4ffba2d4eb2d78fdf19b65217ffabb6260f1cb1a,b09267e28b28d569b2a47325fa0d9b89f1a6a1852fcdc6c8ebb6f0f1fdbac42f,True,False,,0.057,10000,0,0,0,0,0,0,0,0,0,0,0,0,0,0,0,,,,0,True
activity-default,mps-core,feasible-tiny,1,84ec0f7f9b0b9a44411b69c70e9519c5b4360a63,593c9bf673e2fe6a915039f2a62dd198c4a0110d61310ade6ef721ff9e1bd0fa,True,False,,0.063,10000,0,0,0,0,0,0,0,0,0,0,0,0,0,0,0,0,0,0,0,True
baseline,mps-core,feasible-tiny,1,58ae735e7b527a9d5e1050a0111b78f38b8590f0,47e08fddaf216bb294f883b6b2af9c952dcf4681ded7234d34177367e0ed29b1,True,False,,0.057,10000,0,0,0,0,0,0,0,0,0,0,0,0,0,,,,,,0,True
coverage,mps-core,feasible-tiny,1,4ffba2d4eb2d78fdf19b65217ffabb6260f1cb1a,b09267e28b28d569b2a47325fa0d9b89f1a6a1852fcdc6c8ebb6f0f1fdbac42f,True,False,,0.064,10000,0,0,0,0,0,0,0,0,0,0,0,0,0,0,0,,,,0,True
activity-default,mps-core,feasible-tiny,2,84ec0f7f9b0b9a44411b69c70e9519c5b4360a63,593c9bf673e2fe6a915039f2a62dd198c4a0110d61310ade6ef721ff9e1bd0fa,True,False,,0.075,10000,0,0,0,0,0,0,0,0,0,0,0,0,0,0,0,0,0,0,0,True
baseline,mps-core,feasible-tiny,2,58ae735e7b527a9d5e1050a0111b78f38b8590f0,47e08fddaf216bb294f883b6b2af9c952dcf4681ded7234d34177367e0ed29b1,True,False,,0.075,10000,0,0,0,0,0,0,0,0,0,0,0,0,0,,,,,,0,True
coverage,mps-core,feasible-tiny,2,4ffba2d4eb2d78fdf19b65217ffabb6260f1cb1a,b09267e28b28d569b2a47325fa0d9b89f1a6a1852fcdc6c8ebb6f0f1fdbac42f,True,False,,0.058,10000,0,0,0,0,0,0,0,0,0,0,0,0,0,0,0,,,,0,True
activity-default,opb-core,pb-cardinality,0,84ec0f7f9b0b9a44411b69c70e9519c5b4360a63,593c9bf673e2fe6a915039f2a62dd198c4a0110d61310ade6ef721ff9e1bd0fa,True,False,,0.043,10000,0,0,0,0,0,0,0,0,0,0,0,0,0,0,0,0,0,0,0,True
baseline,opb-core,pb-cardinality,0,58ae735e7b527a9d5e1050a0111b78f38b8590f0,47e08fddaf216bb294f883b6b2af9c952dcf4681ded7234d34177367e0ed29b1,True,False,,0.043,10000,0,0,0,0,0,0,0,0,0,0,0,0,0,,,,,,0,True
coverage,opb-core,pb-cardinality,0,4ffba2d4eb2d78fdf19b65217ffabb6260f1cb1a,b09267e28b28d569b2a47325fa0d9b89f1a6a1852fcdc6c8ebb6f0f1fdbac42f,True,False,,0.05,10000,0,0,0,0,0,0,0,0,0,0,0,0,0,0,0,,,,0,True
activity-default,opb-core,pb-cardinality,1,84ec0f7f9b0b9a44411b69c70e9519c5b4360a63,593c9bf673e2fe6a915039f2a62dd198c4a0110d61310ade6ef721ff9e1bd0fa,True,False,,0.044,10000,0,0,0,0,0,0,0,0,0,0,0,0,0,0,0,0,0,0,0,True
baseline,opb-core,pb-cardinality,1,58ae735e7b527a9d5e1050a0111b78f38b8590f0,47e08fddaf216bb294f883b6b2af9c952dcf4681ded7234d34177367e0ed29b1,True,False,,0.044,10000,0,0,0,0,0,0,0,0,0,0,0,0,0,,,,,,0,True
coverage,opb-core,pb-cardinality,1,4ffba2d4eb2d78fdf19b65217ffabb6260f1cb1a,b09267e28b28d569b2a47325fa0d9b89f1a6a1852fcdc6c8ebb6f0f1fdbac42f,True,False,,0.042,10000,0,0,0,0,0,0,0,0,0,0,0,0,0,0,0,,,,0,True
activity-default,opb-core,pb-cardinality,2,84ec0f7f9b0b9a44411b69c70e9519c5b4360a63,593c9bf673e2fe6a915039f2a62dd198c4a0110d61310ade6ef721ff9e1bd0fa,True,False,,0.052,10000,0,0,0,0,0,0,0,0,0,0,0,0,0,0,0,0,0,0,0,True
baseline,opb-core,pb-cardinality,2,58ae735e7b527a9d5e1050a0111b78f38b8590f0,47e08fddaf216bb294f883b6b2af9c952dcf4681ded7234d34177367e0ed29b1,True,False,,0.042,10000,0,0,0,0,0,0,0,0,0,0,0,0,0,,,,,,0,True
coverage,opb-core,pb-cardinality,2,4ffba2d4eb2d78fdf19b65217ffabb6260f1cb1a,b09267e28b28d569b2a47325fa0d9b89f1a6a1852fcdc6c8ebb6f0f1fdbac42f,True,False,,0.043,10000,0,0,0,0,0,0,0,0,0,0,0,0,0,0,0,,,,0,True
activity-default,opb-core,queens4-soft,0,84ec0f7f9b0b9a44411b69c70e9519c5b4360a63,593c9bf673e2fe6a915039f2a62dd198c4a0110d61310ade6ef721ff9e1bd0fa,True,True,0.0,0.092,10000,0,0,0,0,0,0,0,0,0,0,0,0,0,0,0,0,0,0,0,True
baseline,opb-core,queens4-soft,0,58ae735e7b527a9d5e1050a0111b78f38b8590f0,47e08fddaf216bb294f883b6b2af9c952dcf4681ded7234d34177367e0ed29b1,True,True,0.0,0.073,10000,0,0,0,0,0,0,0,0,0,0,0,0,0,,,,,,0,True
coverage,opb-core,queens4-soft,0,4ffba2d4eb2d78fdf19b65217ffabb6260f1cb1a,b09267e28b28d569b2a47325fa0d9b89f1a6a1852fcdc6c8ebb6f0f1fdbac42f,True,True,0.0,0.08,10000,0,0,0,0,0,0,0,0,0,0,0,0,0,0,0,,,,0,True
activity-default,opb-core,queens4-soft,1,84ec0f7f9b0b9a44411b69c70e9519c5b4360a63,593c9bf673e2fe6a915039f2a62dd198c4a0110d61310ade6ef721ff9e1bd0fa,True,True,0.0,0.069,10000,0,0,0,0,0,0,0,0,0,0,0,0,0,0,0,0,0,0,0,True
baseline,opb-core,queens4-soft,1,58ae735e7b527a9d5e1050a0111b78f38b8590f0,47e08fddaf216bb294f883b6b2af9c952dcf4681ded7234d34177367e0ed29b1,True,True,0.0,0.082,10000,0,0,0,0,0,0,0,0,0,0,0,0,0,,,,,,0,True
coverage,opb-core,queens4-soft,1,4ffba2d4eb2d78fdf19b65217ffabb6260f1cb1a,b09267e28b28d569b2a47325fa0d9b89f1a6a1852fcdc6c8ebb6f0f1fdbac42f,True,True,0.0,0.084,10000,0,0,0,0,0,0,0,0,0,0,0,0,0,0,0,,,,0,True
activity-default,opb-core,queens4-soft,2,84ec0f7f9b0b9a44411b69c70e9519c5b4360a63,593c9bf673e2fe6a915039f2a62dd198c4a0110d61310ade6ef721ff9e1bd0fa,True,True,0.0,0.084,10000,0,0,0,0,0,0,0,0,0,0,0,0,0,0,0,0,0,0,0,True
baseline,opb-core,queens4-soft,2,58ae735e7b527a9d5e1050a0111b78f38b8590f0,47e08fddaf216bb294f883b6b2af9c952dcf4681ded7234d34177367e0ed29b1,True,True,0.0,0.08,10000,0,0,0,0,0,0,0,0,0,0,0,0,0,,,,,,0,True
coverage,opb-core,queens4-soft,2,4ffba2d4eb2d78fdf19b65217ffabb6260f1cb1a,b09267e28b28d569b2a47325fa0d9b89f1a6a1852fcdc6c8ebb6f0f1fdbac42f,True,True,0.0,0.07,10000,0,0,0,0,0,0,0,0,0,0,0,0,0,0,0,,,,0,True
activity-default,opb-core,setcover-tiny,0,84ec0f7f9b0b9a44411b69c70e9519c5b4360a63,593c9bf673e2fe6a915039f2a62dd198c4a0110d61310ade6ef721ff9e1bd0fa,True,True,4.0,0.07,10000,0,0,0,0,0,0,0,0,0,0,0,0,0,0,0,0,0,0,0,True
baseline,opb-core,setcover-tiny,0,58ae735e7b527a9d5e1050a0111b78f38b8590f0,47e08fddaf216bb294f883b6b2af9c952dcf4681ded7234d34177367e0ed29b1,True,True,4.0,0.066,10000,0,0,0,0,0,0,0,0,0,0,0,0,0,,,,,,0,True
coverage,opb-core,setcover-tiny,0,4ffba2d4eb2d78fdf19b65217ffabb6260f1cb1a,b09267e28b28d569b2a47325fa0d9b89f1a6a1852fcdc6c8ebb6f0f1fdbac42f,True,True,4.0,0.075,10000,0,0,0,0,0,0,0,0,0,0,0,0,0,0,0,,,,0,True
activity-default,opb-core,setcover-tiny,1,84ec0f7f9b0b9a44411b69c70e9519c5b4360a63,593c9bf673e2fe6a915039f2a62dd198c4a0110d61310ade6ef721ff9e1bd0fa,True,True,4.0,0.066,10000,0,0,0,0,0,0,0,0,0,0,0,0,0,0,0,0,0,0,0,True
baseline,opb-core,setcover-tiny,1,58ae735e7b527a9d5e1050a0111b78f38b8590f0,47e08fddaf216bb294f883b6b2af9c952dcf4681ded7234d34177367e0ed29b1,True,True,4.0,0.085,10000,0,0,0,0,0,0,0,0,0,0,0,0,0,,,,,,0,True
coverage,opb-core,setcover-tiny,1,4ffba2d4eb2d78fdf19b65217ffabb6260f1cb1a,b09267e28b28d569b2a47325fa0d9b89f1a6a1852fcdc6c8ebb6f0f1fdbac42f,True,True,4.0,0.075,10000,0,0,0,0,0,0,0,0,0,0,0,0,0,0,0,,,,0,True
activity-default,opb-core,setcover-tiny,2,84ec0f7f9b0b9a44411b69c70e9519c5b4360a63,593c9bf673e2fe6a915039f2a62dd198c4a0110d61310ade6ef721ff9e1bd0fa,True,True,4.0,0.067,10000,0,0,0,0,0,0,0,0,0,0,0,0,0,0,0,0,0,0,0,True
baseline,opb-core,setcover-tiny,2,58ae735e7b527a9d5e1050a0111b78f38b8590f0,47e08fddaf216bb294f883b6b2af9c952dcf4681ded7234d34177367e0ed29b1,True,True,4.0,0.066,10000,0,0,0,0,0,0,0,0,0,0,0,0,0,,,,,,0,True
coverage,opb-core,setcover-tiny,2,4ffba2d4eb2d78fdf19b65217ffabb6260f1cb1a,b09267e28b28d569b2a47325fa0d9b89f1a6a1852fcdc6c8ebb6f0f1fdbac42f,True,True,4.0,0.066,10000,0,0,0,0,0,0,0,0,0,0,0,0,0,0,0,,,,0,True
activity-default,opb-core,sporttournament06,0,84ec0f7f9b0b9a44411b69c70e9519c5b4360a63,593c9bf673e2fe6a915039f2a62dd198c4a0110d61310ade6ef721ff9e1bd0fa,True,True,-6.0,0.254,10000,0,0,0,0,0,0,0,0,0,0,0,0,0,0,0,0,0,0,0,True
baseline,opb-core,sporttournament06,0,58ae735e7b527a9d5e1050a0111b78f38b8590f0,47e08fddaf216bb294f883b6b2af9c952dcf4681ded7234d34177367e0ed29b1,True,True,-6.0,0.292,10000,0,0,0,0,0,0,0,0,0,0,0,0,0,,,,,,0,True
coverage,opb-core,sporttournament06,0,4ffba2d4eb2d78fdf19b65217ffabb6260f1cb1a,b09267e28b28d569b2a47325fa0d9b89f1a6a1852fcdc6c8ebb6f0f1fdbac42f,True,True,-6.0,0.258,10000,0,0,0,0,0,0,0,0,0,0,0,0,0,0,0,,,,0,True
activity-default,opb-core,sporttournament06,1,84ec0f7f9b0b9a44411b69c70e9519c5b4360a63,593c9bf673e2fe6a915039f2a62dd198c4a0110d61310ade6ef721ff9e1bd0fa,True,True,-6.0,0.285,10000,0,0,0,0,0,0,0,0,0,0,0,0,0,0,0,0,0,0,0,True
baseline,opb-core,sporttournament06,1,58ae735e7b527a9d5e1050a0111b78f38b8590f0,47e08fddaf216bb294f883b6b2af9c952dcf4681ded7234d34177367e0ed29b1,True,True,-6.0,0.245,10000,0,0,0,0,0,0,0,0,0,0,0,0,0,,,,,,0,True
coverage,opb-core,sporttournament06,1,4ffba2d4eb2d78fdf19b65217ffabb6260f1cb1a,b09267e28b28d569b2a47325fa0d9b89f1a6a1852fcdc6c8ebb6f0f1fdbac42f,True,True,-6.0,0.259,10000,0,0,0,0,0,0,0,0,0,0,0,0,0,0,0,,,,0,True
activity-default,opb-core,sporttournament06,2,84ec0f7f9b0b9a44411b69c70e9519c5b4360a63,593c9bf673e2fe6a915039f2a62dd198c4a0110d61310ade6ef721ff9e1bd0fa,True,True,-6.0,0.265,10000,0,0,0,0,0,0,0,0,0,0,0,0,0,0,0,0,0,0,0,True
baseline,opb-core,sporttournament06,2,58ae735e7b527a9d5e1050a0111b78f38b8590f0,47e08fddaf216bb294f883b6b2af9c952dcf4681ded7234d34177367e0ed29b1,True,True,-6.0,0.303,10000,0,0,0,0,0,0,0,0,0,0,0,0,0,,,,,,0,True
coverage,opb-core,sporttournament06,2,4ffba2d4eb2d78fdf19b65217ffabb6260f1cb1a,b09267e28b28d569b2a47325fa0d9b89f1a6a1852fcdc6c8ebb6f0f1fdbac42f,True,True,-6.0,0.252,10000,0,0,0,0,0,0,0,0,0,0,0,0,0,0,0,,,,0,True
activity-default,smtlib-qfidl,20210312-Bouvier/vlsat3_i06,0,84ec0f7f9b0b9a44411b69c70e9519c5b4360a63,593c9bf673e2fe6a915039f2a62dd198c4a0110d61310ade6ef721ff9e1bd0fa,,False,,9.676,10000,0,0,0,0,0,0,0,0,0,0,0,0,0,0,0,0,0,0,0,False
baseline,smtlib-qfidl,20210312-Bouvier/vlsat3_i06,0,58ae735e7b527a9d5e1050a0111b78f38b8590f0,47e08fddaf216bb294f883b6b2af9c952dcf4681ded7234d34177367e0ed29b1,,False,,9.636,10000,0,0,0,0,0,0,0,0,0,0,0,0,0,,,,,,0,False
coverage,smtlib-qfidl,20210312-Bouvier/vlsat3_i06,0,4ffba2d4eb2d78fdf19b65217ffabb6260f1cb1a,b09267e28b28d569b2a47325fa0d9b89f1a6a1852fcdc6c8ebb6f0f1fdbac42f,,False,,9.713,10000,0,0,0,0,0,0,0,0,0,0,0,0,0,0,0,,,,0,False
activity-default,smtlib-qfidl,20210312-Bouvier/vlsat3_i06,1,84ec0f7f9b0b9a44411b69c70e9519c5b4360a63,593c9bf673e2fe6a915039f2a62dd198c4a0110d61310ade6ef721ff9e1bd0fa,,False,,9.612,10000,0,0,0,0,0,0,0,0,0,0,0,0,0,0,0,0,0,0,0,False
baseline,smtlib-qfidl,20210312-Bouvier/vlsat3_i06,1,58ae735e7b527a9d5e1050a0111b78f38b8590f0,47e08fddaf216bb294f883b6b2af9c952dcf4681ded7234d34177367e0ed29b1,,False,,9.644,10000,0,0,0,0,0,0,0,0,0,0,0,0,0,,,,,,0,False
coverage,smtlib-qfidl,20210312-Bouvier/vlsat3_i06,1,4ffba2d4eb2d78fdf19b65217ffabb6260f1cb1a,b09267e28b28d569b2a47325fa0d9b89f1a6a1852fcdc6c8ebb6f0f1fdbac42f,,False,,9.666,10000,0,0,0,0,0,0,0,0,0,0,0,0,0,0,0,,,,0,False
activity-default,smtlib-qfidl,20210312-Bouvier/vlsat3_i06,2,84ec0f7f9b0b9a44411b69c70e9519c5b4360a63,593c9bf673e2fe6a915039f2a62dd198c4a0110d61310ade6ef721ff9e1bd0fa,,False,,9.699,10000,0,0,0,0,0,0,0,0,0,0,0,0,0,0,0,0,0,0,0,False
baseline,smtlib-qfidl,20210312-Bouvier/vlsat3_i06,2,58ae735e7b527a9d5e1050a0111b78f38b8590f0,47e08fddaf216bb294f883b6b2af9c952dcf4681ded7234d34177367e0ed29b1,,False,,9.653,10000,0,0,0,0,0,0,0,0,0,0,0,0,0,,,,,,0,False
coverage,smtlib-qfidl,20210312-Bouvier/vlsat3_i06,2,4ffba2d4eb2d78fdf19b65217ffabb6260f1cb1a,b09267e28b28d569b2a47325fa0d9b89f1a6a1852fcdc6c8ebb6f0f1fdbac42f,,False,,9.651,10000,0,0,0,0,0,0,0,0,0,0,0,0,0,0,0,,,,0,False
activity-default,smtlib-qfidl,20220214-RVpredict-BohanLi/RVpredict_13,0,84ec0f7f9b0b9a44411b69c70e9519c5b4360a63,593c9bf673e2fe6a915039f2a62dd198c4a0110d61310ade6ef721ff9e1bd0fa,,False,,9.729,10000,960,0,0,0,960,5,0,0,0,0,5,5,1,5,0,0,0,0,960,False
baseline,smtlib-qfidl,20220214-RVpredict-BohanLi/RVpredict_13,0,58ae735e7b527a9d5e1050a0111b78f38b8590f0,47e08fddaf216bb294f883b6b2af9c952dcf4681ded7234d34177367e0ed29b1,,False,,9.748,10000,1008,0,0,0,1008,5,0,0,0,0,5,5,1,,,,,,1008,False
coverage,smtlib-qfidl,20220214-RVpredict-BohanLi/RVpredict_13,0,4ffba2d4eb2d78fdf19b65217ffabb6260f1cb1a,b09267e28b28d569b2a47325fa0d9b89f1a6a1852fcdc6c8ebb6f0f1fdbac42f,,False,,9.799,10000,1079,0,0,0,1079,6,0,0,0,0,6,6,1,6,0,,,,1079,False
activity-default,smtlib-qfidl,20220214-RVpredict-BohanLi/RVpredict_13,1,84ec0f7f9b0b9a44411b69c70e9519c5b4360a63,593c9bf673e2fe6a915039f2a62dd198c4a0110d61310ade6ef721ff9e1bd0fa,,False,,9.79,10000,960,0,0,0,960,5,0,0,0,0,5,5,1,5,0,0,0,0,960,False
baseline,smtlib-qfidl,20220214-RVpredict-BohanLi/RVpredict_13,1,58ae735e7b527a9d5e1050a0111b78f38b8590f0,47e08fddaf216bb294f883b6b2af9c952dcf4681ded7234d34177367e0ed29b1,,False,,9.794,10000,1153,0,0,0,1153,6,0,0,0,0,6,6,1,,,,,,1153,False
coverage,smtlib-qfidl,20220214-RVpredict-BohanLi/RVpredict_13,1,4ffba2d4eb2d78fdf19b65217ffabb6260f1cb1a,b09267e28b28d569b2a47325fa0d9b89f1a6a1852fcdc6c8ebb6f0f1fdbac42f,,False,,9.758,10000,1024,0,0,0,1024,5,0,0,0,0,5,5,1,5,0,,,,1024,False
activity-default,smtlib-qfidl,20220214-RVpredict-BohanLi/RVpredict_13,2,84ec0f7f9b0b9a44411b69c70e9519c5b4360a63,593c9bf673e2fe6a915039f2a62dd198c4a0110d61310ade6ef721ff9e1bd0fa,,False,,9.796,10000,799,0,0,0,799,4,0,0,0,0,4,4,1,4,0,0,0,0,799,False
baseline,smtlib-qfidl,20220214-RVpredict-BohanLi/RVpredict_13,2,58ae735e7b527a9d5e1050a0111b78f38b8590f0,47e08fddaf216bb294f883b6b2af9c952dcf4681ded7234d34177367e0ed29b1,,False,,9.773,10000,968,0,0,0,968,5,0,0,0,0,5,5,1,,,,,,968,False
coverage,smtlib-qfidl,20220214-RVpredict-BohanLi/RVpredict_13,2,4ffba2d4eb2d78fdf19b65217ffabb6260f1cb1a,b09267e28b28d569b2a47325fa0d9b89f1a6a1852fcdc6c8ebb6f0f1fdbac42f,,False,,9.759,10000,1020,0,0,0,1020,5,0,0,0,0,5,5,1,5,0,,,,1020,False
activity-default,smtlib-qfidl,20220214-jobshop-BohanLi/jobshop30-2-15-15-4-4-16,0,84ec0f7f9b0b9a44411b69c70e9519c5b4360a63,593c9bf673e2fe6a915039f2a62dd198c4a0110d61310ade6ef721ff9e1bd0fa,,False,,9.825,10000,131,0,0,135,266,0,0,0,0,0,0,0,0,0,0,0,0,0,131,False
baseline,smtlib-qfidl,20220214-jobshop-BohanLi/jobshop30-2-15-15-4-4-16,0,58ae735e7b527a9d5e1050a0111b78f38b8590f0,47e08fddaf216bb294f883b6b2af9c952dcf4681ded7234d34177367e0ed29b1,,False,,9.845,10000,125,0,0,129,254,0,0,0,0,0,0,0,0,,,,,,125,False
coverage,smtlib-qfidl,20220214-jobshop-BohanLi/jobshop30-2-15-15-4-4-16,0,4ffba2d4eb2d78fdf19b65217ffabb6260f1cb1a,b09267e28b28d569b2a47325fa0d9b89f1a6a1852fcdc6c8ebb6f0f1fdbac42f,,False,,9.849,10000,135,0,0,140,275,0,0,0,0,0,0,0,0,0,0,,,,135,False
activity-default,smtlib-qfidl,20220214-jobshop-BohanLi/jobshop30-2-15-15-4-4-16,1,84ec0f7f9b0b9a44411b69c70e9519c5b4360a63,593c9bf673e2fe6a915039f2a62dd198c4a0110d61310ade6ef721ff9e1bd0fa,,False,,9.847,10000,137,0,0,141,278,0,0,0,0,0,0,0,0,0,0,0,0,0,137,False
baseline,smtlib-qfidl,20220214-jobshop-BohanLi/jobshop30-2-15-15-4-4-16,1,58ae735e7b527a9d5e1050a0111b78f38b8590f0,47e08fddaf216bb294f883b6b2af9c952dcf4681ded7234d34177367e0ed29b1,,False,,9.832,10000,132,0,0,136,268,0,0,0,0,0,0,0,0,,,,,,132,False
coverage,smtlib-qfidl,20220214-jobshop-BohanLi/jobshop30-2-15-15-4-4-16,1,4ffba2d4eb2d78fdf19b65217ffabb6260f1cb1a,b09267e28b28d569b2a47325fa0d9b89f1a6a1852fcdc6c8ebb6f0f1fdbac42f,,False,,9.821,10000,137,0,0,141,278,0,0,0,0,0,0,0,0,0,0,,,,137,False
activity-default,smtlib-qfidl,20220214-jobshop-BohanLi/jobshop30-2-15-15-4-4-16,2,84ec0f7f9b0b9a44411b69c70e9519c5b4360a63,593c9bf673e2fe6a915039f2a62dd198c4a0110d61310ade6ef721ff9e1bd0fa,,False,,9.839,10000,134,0,0,138,272,0,0,0,0,0,0,0,0,0,0,0,0,0,134,False
baseline,smtlib-qfidl,20220214-jobshop-BohanLi/jobshop30-2-15-15-4-4-16,2,58ae735e7b527a9d5e1050a0111b78f38b8590f0,47e08fddaf216bb294f883b6b2af9c952dcf4681ded7234d34177367e0ed29b1,,False,,9.902,10000,140,0,0,143,283,0,0,0,0,0,0,0,0,,,,,,140,False
coverage,smtlib-qfidl,20220214-jobshop-BohanLi/jobshop30-2-15-15-4-4-16,2,4ffba2d4eb2d78fdf19b65217ffabb6260f1cb1a,b09267e28b28d569b2a47325fa0d9b89f1a6a1852fcdc6c8ebb6f0f1fdbac42f,,False,,9.897,10000,130,0,0,135,265,0,0,0,0,0,0,0,0,0,0,,,,130,False
activity-default,smtlib-qfidl,Averest/buble_sort/BubbleSort_safe_bgmc004,0,84ec0f7f9b0b9a44411b69c70e9519c5b4360a63,593c9bf673e2fe6a915039f2a62dd198c4a0110d61310ade6ef721ff9e1bd0fa,False,True,,0.268,10000,0,0,0,0,0,0,0,0,0,0,0,0,0,0,0,0,0,0,0,True
baseline,smtlib-qfidl,Averest/buble_sort/BubbleSort_safe_bgmc004,0,58ae735e7b527a9d5e1050a0111b78f38b8590f0,47e08fddaf216bb294f883b6b2af9c952dcf4681ded7234d34177367e0ed29b1,False,True,,0.353,10000,0,0,0,0,0,0,0,0,0,0,0,0,0,,,,,,0,True
coverage,smtlib-qfidl,Averest/buble_sort/BubbleSort_safe_bgmc004,0,4ffba2d4eb2d78fdf19b65217ffabb6260f1cb1a,b09267e28b28d569b2a47325fa0d9b89f1a6a1852fcdc6c8ebb6f0f1fdbac42f,False,True,,0.315,10000,0,0,0,0,0,0,0,0,0,0,0,0,0,0,0,,,,0,True
activity-default,smtlib-qfidl,Averest/buble_sort/BubbleSort_safe_bgmc004,1,84ec0f7f9b0b9a44411b69c70e9519c5b4360a63,593c9bf673e2fe6a915039f2a62dd198c4a0110d61310ade6ef721ff9e1bd0fa,False,True,,0.294,10000,0,0,0,0,0,0,0,0,0,0,0,0,0,0,0,0,0,0,0,True
baseline,smtlib-qfidl,Averest/buble_sort/BubbleSort_safe_bgmc004,1,58ae735e7b527a9d5e1050a0111b78f38b8590f0,47e08fddaf216bb294f883b6b2af9c952dcf4681ded7234d34177367e0ed29b1,False,True,,0.284,10000,0,0,0,0,0,0,0,0,0,0,0,0,0,,,,,,0,True
coverage,smtlib-qfidl,Averest/buble_sort/BubbleSort_safe_bgmc004,1,4ffba2d4eb2d78fdf19b65217ffabb6260f1cb1a,b09267e28b28d569b2a47325fa0d9b89f1a6a1852fcdc6c8ebb6f0f1fdbac42f,False,True,,0.348,10000,0,0,0,0,0,0,0,0,0,0,0,0,0,0,0,,,,0,True
activity-default,smtlib-qfidl,Averest/buble_sort/BubbleSort_safe_bgmc004,2,84ec0f7f9b0b9a44411b69c70e9519c5b4360a63,593c9bf673e2fe6a915039f2a62dd198c4a0110d61310ade6ef721ff9e1bd0fa,False,True,,0.308,10000,0,0,0,0,0,0,0,0,0,0,0,0,0,0,0,0,0,0,0,True
baseline,smtlib-qfidl,Averest/buble_sort/BubbleSort_safe_bgmc004,2,58ae735e7b527a9d5e1050a0111b78f38b8590f0,47e08fddaf216bb294f883b6b2af9c952dcf4681ded7234d34177367e0ed29b1,False,True,,0.353,10000,0,0,0,0,0,0,0,0,0,0,0,0,0,,,,,,0,True
coverage,smtlib-qfidl,Averest/buble_sort/BubbleSort_safe_bgmc004,2,4ffba2d4eb2d78fdf19b65217ffabb6260f1cb1a,b09267e28b28d569b2a47325fa0d9b89f1a6a1852fcdc6c8ebb6f0f1fdbac42f,False,True,,0.283,10000,0,0,0,0,0,0,0,0,0,0,0,0,0,0,0,,,,0,True
activity-default,smtlib-qfidl,DTP/DTP_k2_n35_c175_s12,0,84ec0f7f9b0b9a44411b69c70e9519c5b4360a63,593c9bf673e2fe6a915039f2a62dd198c4a0110d61310ade6ef721ff9e1bd0fa,,False,,7.107,10000,50000,0,0,0,50000,13966,0,0,0,0,13966,13966,21353011,13966,0,0,0,0,50000,True
baseline,smtlib-qfidl,DTP/DTP_k2_n35_c175_s12,0,58ae735e7b527a9d5e1050a0111b78f38b8590f0,47e08fddaf216bb294f883b6b2af9c952dcf4681ded7234d34177367e0ed29b1,,False,,7.088,10000,50000,0,0,0,50000,13966,0,0,0,0,13966,13966,21353011,,,,,,50000,True
coverage,smtlib-qfidl,DTP/DTP_k2_n35_c175_s12,0,4ffba2d4eb2d78fdf19b65217ffabb6260f1cb1a,b09267e28b28d569b2a47325fa0d9b89f1a6a1852fcdc6c8ebb6f0f1fdbac42f,,False,,6.926,10000,50000,0,0,0,50000,13966,0,0,0,0,13966,13966,21353011,13966,0,,,,50000,True
activity-default,smtlib-qfidl,DTP/DTP_k2_n35_c175_s12,1,84ec0f7f9b0b9a44411b69c70e9519c5b4360a63,593c9bf673e2fe6a915039f2a62dd198c4a0110d61310ade6ef721ff9e1bd0fa,,False,,6.841,10000,50000,0,0,0,50000,13966,0,0,0,0,13966,13966,21353011,13966,0,0,0,0,50000,True
baseline,smtlib-qfidl,DTP/DTP_k2_n35_c175_s12,1,58ae735e7b527a9d5e1050a0111b78f38b8590f0,47e08fddaf216bb294f883b6b2af9c952dcf4681ded7234d34177367e0ed29b1,,False,,7.12,10000,50000,0,0,0,50000,13966,0,0,0,0,13966,13966,21353011,,,,,,50000,True
coverage,smtlib-qfidl,DTP/DTP_k2_n35_c175_s12,1,4ffba2d4eb2d78fdf19b65217ffabb6260f1cb1a,b09267e28b28d569b2a47325fa0d9b89f1a6a1852fcdc6c8ebb6f0f1fdbac42f,,False,,7.205,10000,50000,0,0,0,50000,13966,0,0,0,0,13966,13966,21353011,13966,0,,,,50000,True
activity-default,smtlib-qfidl,DTP/DTP_k2_n35_c175_s12,2,84ec0f7f9b0b9a44411b69c70e9519c5b4360a63,593c9bf673e2fe6a915039f2a62dd198c4a0110d61310ade6ef721ff9e1bd0fa,,False,,7.18,10000,50000,0,0,0,50000,13966,0,0,0,0,13966,13966,21353011,13966,0,0,0,0,50000,True
baseline,smtlib-qfidl,DTP/DTP_k2_n35_c175_s12,2,58ae735e7b527a9d5e1050a0111b78f38b8590f0,47e08fddaf216bb294f883b6b2af9c952dcf4681ded7234d34177367e0ed29b1,,False,,6.932,10000,50000,0,0,0,50000,13966,0,0,0,0,13966,13966,21353011,,,,,,50000,True
coverage,smtlib-qfidl,DTP/DTP_k2_n35_c175_s12,2,4ffba2d4eb2d78fdf19b65217ffabb6260f1cb1a,b09267e28b28d569b2a47325fa0d9b89f1a6a1852fcdc6c8ebb6f0f1fdbac42f,,False,,6.866,10000,50000,0,0,0,50000,13966,0,0,0,0,13966,13966,21353011,13966,0,,,,50000,True
activity-default,smtlib-qfidl,DTP/DTP_k2_n35_c175_s18,0,84ec0f7f9b0b9a44411b69c70e9519c5b4360a63,593c9bf673e2fe6a915039f2a62dd198c4a0110d61310ade6ef721ff9e1bd0fa,,False,,7.656,10000,50000,0,0,0,50000,14952,0,0,0,0,14952,14952,25041226,14952,0,0,0,0,50000,True
baseline,smtlib-qfidl,DTP/DTP_k2_n35_c175_s18,0,58ae735e7b527a9d5e1050a0111b78f38b8590f0,47e08fddaf216bb294f883b6b2af9c952dcf4681ded7234d34177367e0ed29b1,,False,,7.577,10000,50000,0,0,0,50000,14952,0,0,0,0,14952,14952,25041226,,,,,,50000,True
coverage,smtlib-qfidl,DTP/DTP_k2_n35_c175_s18,0,4ffba2d4eb2d78fdf19b65217ffabb6260f1cb1a,b09267e28b28d569b2a47325fa0d9b89f1a6a1852fcdc6c8ebb6f0f1fdbac42f,,False,,8.11,10000,50000,0,0,0,50000,14952,0,0,0,0,14952,14952,25041226,14952,0,,,,50000,True
activity-default,smtlib-qfidl,DTP/DTP_k2_n35_c175_s18,1,84ec0f7f9b0b9a44411b69c70e9519c5b4360a63,593c9bf673e2fe6a915039f2a62dd198c4a0110d61310ade6ef721ff9e1bd0fa,,False,,8.093,10000,50000,0,0,0,50000,14952,0,0,0,0,14952,14952,25041226,14952,0,0,0,0,50000,True
baseline,smtlib-qfidl,DTP/DTP_k2_n35_c175_s18,1,58ae735e7b527a9d5e1050a0111b78f38b8590f0,47e08fddaf216bb294f883b6b2af9c952dcf4681ded7234d34177367e0ed29b1,,False,,7.859,10000,50000,0,0,0,50000,14952,0,0,0,0,14952,14952,25041226,,,,,,50000,True
coverage,smtlib-qfidl,DTP/DTP_k2_n35_c175_s18,1,4ffba2d4eb2d78fdf19b65217ffabb6260f1cb1a,b09267e28b28d569b2a47325fa0d9b89f1a6a1852fcdc6c8ebb6f0f1fdbac42f,,False,,7.61,10000,50000,0,0,0,50000,14952,0,0,0,0,14952,14952,25041226,14952,0,,,,50000,True
activity-default,smtlib-qfidl,DTP/DTP_k2_n35_c175_s18,2,84ec0f7f9b0b9a44411b69c70e9519c5b4360a63,593c9bf673e2fe6a915039f2a62dd198c4a0110d61310ade6ef721ff9e1bd0fa,,False,,7.791,10000,50000,0,0,0,50000,14952,0,0,0,0,14952,14952,25041226,14952,0,0,0,0,50000,True
baseline,smtlib-qfidl,DTP/DTP_k2_n35_c175_s18,2,58ae735e7b527a9d5e1050a0111b78f38b8590f0,47e08fddaf216bb294f883b6b2af9c952dcf4681ded7234d34177367e0ed29b1,,False,,7.919,10000,50000,0,0,0,50000,14952,0,0,0,0,14952,14952,25041226,,,,,,50000,True
coverage,smtlib-qfidl,DTP/DTP_k2_n35_c175_s18,2,4ffba2d4eb2d78fdf19b65217ffabb6260f1cb1a,b09267e28b28d569b2a47325fa0d9b89f1a6a1852fcdc6c8ebb6f0f1fdbac42f,,False,,7.844,10000,50000,0,0,0,50000,14952,0,0,0,0,14952,14952,25041226,14952,0,,,,50000,True
activity-default,smtlib-qfidl,DTP/DTP_k2_n35_c175_s9,0,84ec0f7f9b0b9a44411b69c70e9519c5b4360a63,593c9bf673e2fe6a915039f2a62dd198c4a0110d61310ade6ef721ff9e1bd0fa,True,False,,1.884,10000,25392,0,0,1,25393,2253,0,0,0,0,2253,2253,377276,2253,0,0,0,0,25392,True
baseline,smtlib-qfidl,DTP/DTP_k2_n35_c175_s9,0,58ae735e7b527a9d5e1050a0111b78f38b8590f0,47e08fddaf216bb294f883b6b2af9c952dcf4681ded7234d34177367e0ed29b1,True,False,,1.865,10000,25392,0,0,1,25393,2253,0,0,0,0,2253,2253,377276,,,,,,25392,True
coverage,smtlib-qfidl,DTP/DTP_k2_n35_c175_s9,0,4ffba2d4eb2d78fdf19b65217ffabb6260f1cb1a,b09267e28b28d569b2a47325fa0d9b89f1a6a1852fcdc6c8ebb6f0f1fdbac42f,True,False,,1.924,10000,25392,0,0,1,25393,2253,0,0,0,0,2253,2253,377276,2253,0,,,,25392,True
activity-default,smtlib-qfidl,DTP/DTP_k2_n35_c175_s9,1,84ec0f7f9b0b9a44411b69c70e9519c5b4360a63,593c9bf673e2fe6a915039f2a62dd198c4a0110d61310ade6ef721ff9e1bd0fa,True,False,,1.866,10000,25392,0,0,1,25393,2253,0,0,0,0,2253,2253,377276,2253,0,0,0,0,25392,True
baseline,smtlib-qfidl,DTP/DTP_k2_n35_c175_s9,1,58ae735e7b527a9d5e1050a0111b78f38b8590f0,47e08fddaf216bb294f883b6b2af9c952dcf4681ded7234d34177367e0ed29b1,True,False,,1.892,10000,25392,0,0,1,25393,2253,0,0,0,0,2253,2253,377276,,,,,,25392,True
coverage,smtlib-qfidl,DTP/DTP_k2_n35_c175_s9,1,4ffba2d4eb2d78fdf19b65217ffabb6260f1cb1a,b09267e28b28d569b2a47325fa0d9b89f1a6a1852fcdc6c8ebb6f0f1fdbac42f,True,False,,1.867,10000,25392,0,0,1,25393,2253,0,0,0,0,2253,2253,377276,2253,0,,,,25392,True
activity-default,smtlib-qfidl,DTP/DTP_k2_n35_c175_s9,2,84ec0f7f9b0b9a44411b69c70e9519c5b4360a63,593c9bf673e2fe6a915039f2a62dd198c4a0110d61310ade6ef721ff9e1bd0fa,True,False,,1.851,10000,25392,0,0,1,25393,2253,0,0,0,0,2253,2253,377276,2253,0,0,0,0,25392,True
baseline,smtlib-qfidl,DTP/DTP_k2_n35_c175_s9,2,58ae735e7b527a9d5e1050a0111b78f38b8590f0,47e08fddaf216bb294f883b6b2af9c952dcf4681ded7234d34177367e0ed29b1,True,False,,1.888,10000,25392,0,0,1,25393,2253,0,0,0,0,2253,2253,377276,,,,,,25392,True
coverage,smtlib-qfidl,DTP/DTP_k2_n35_c175_s9,2,4ffba2d4eb2d78fdf19b65217ffabb6260f1cb1a,b09267e28b28d569b2a47325fa0d9b89f1a6a1852fcdc6c8ebb6f0f1fdbac42f,True,False,,1.801,10000,25392,0,0,1,25393,2253,0,0,0,0,2253,2253,377276,2253,0,,,,25392,True
activity-default,smtlib-qfidl,DTP/DTP_k2_n35_c210_s6,0,84ec0f7f9b0b9a44411b69c70e9519c5b4360a63,593c9bf673e2fe6a915039f2a62dd198c4a0110d61310ade6ef721ff9e1bd0fa,,False,,5.123,10000,50000,0,0,0,50000,6934,0,0,0,0,6934,6934,4458705,6934,0,0,0,0,50000,True
baseline,smtlib-qfidl,DTP/DTP_k2_n35_c210_s6,0,58ae735e7b527a9d5e1050a0111b78f38b8590f0,47e08fddaf216bb294f883b6b2af9c952dcf4681ded7234d34177367e0ed29b1,,False,,5.149,10000,50000,0,0,0,50000,6934,0,0,0,0,6934,6934,4458705,,,,,,50000,True
coverage,smtlib-qfidl,DTP/DTP_k2_n35_c210_s6,0,4ffba2d4eb2d78fdf19b65217ffabb6260f1cb1a,b09267e28b28d569b2a47325fa0d9b89f1a6a1852fcdc6c8ebb6f0f1fdbac42f,,False,,5.404,10000,50000,0,0,0,50000,6934,0,0,0,0,6934,6934,4458705,6934,0,,,,50000,True
activity-default,smtlib-qfidl,DTP/DTP_k2_n35_c210_s6,1,84ec0f7f9b0b9a44411b69c70e9519c5b4360a63,593c9bf673e2fe6a915039f2a62dd198c4a0110d61310ade6ef721ff9e1bd0fa,,False,,6.015,10000,50000,0,0,0,50000,6934,0,0,0,0,6934,6934,4458705,6934,0,0,0,0,50000,True
baseline,smtlib-qfidl,DTP/DTP_k2_n35_c210_s6,1,58ae735e7b527a9d5e1050a0111b78f38b8590f0,47e08fddaf216bb294f883b6b2af9c952dcf4681ded7234d34177367e0ed29b1,,False,,5.456,10000,50000,0,0,0,50000,6934,0,0,0,0,6934,6934,4458705,,,,,,50000,True
coverage,smtlib-qfidl,DTP/DTP_k2_n35_c210_s6,1,4ffba2d4eb2d78fdf19b65217ffabb6260f1cb1a,b09267e28b28d569b2a47325fa0d9b89f1a6a1852fcdc6c8ebb6f0f1fdbac42f,,False,,7.008,10000,50000,0,0,0,50000,6934,0,0,0,0,6934,6934,4458705,6934,0,,,,50000,True
activity-default,smtlib-qfidl,DTP/DTP_k2_n35_c210_s6,2,84ec0f7f9b0b9a44411b69c70e9519c5b4360a63,593c9bf673e2fe6a915039f2a62dd198c4a0110d61310ade6ef721ff9e1bd0fa,,False,,5.134,10000,50000,0,0,0,50000,6934,0,0,0,0,6934,6934,4458705,6934,0,0,0,0,50000,True
baseline,smtlib-qfidl,DTP/DTP_k2_n35_c210_s6,2,58ae735e7b527a9d5e1050a0111b78f38b8590f0,47e08fddaf216bb294f883b6b2af9c952dcf4681ded7234d34177367e0ed29b1,,False,,6.786,10000,50000,0,0,0,50000,6934,0,0,0,0,6934,6934,4458705,,,,,,50000,True
coverage,smtlib-qfidl,DTP/DTP_k2_n35_c210_s6,2,4ffba2d4eb2d78fdf19b65217ffabb6260f1cb1a,b09267e28b28d569b2a47325fa0d9b89f1a6a1852fcdc6c8ebb6f0f1fdbac42f,,False,,5.161,10000,50000,0,0,0,50000,6934,0,0,0,0,6934,6934,4458705,6934,0,,,,50000,True
activity-default,smtlib-qfidl,RTCL/b13_tf_10/ckt_PROP3_tf_10,0,84ec0f7f9b0b9a44411b69c70e9519c5b4360a63,593c9bf673e2fe6a915039f2a62dd198c4a0110d61310ade6ef721ff9e1bd0fa,False,True,,0.675,10000,71,0,0,55,126,11,0,0,0,0,11,11,32,11,0,0,0,0,71,True
baseline,smtlib-qfidl,RTCL/b13_tf_10/ckt_PROP3_tf_10,0,58ae735e7b527a9d5e1050a0111b78f38b8590f0,47e08fddaf216bb294f883b6b2af9c952dcf4681ded7234d34177367e0ed29b1,False,True,,0.709,10000,71,0,0,55,126,11,0,0,0,0,11,11,32,,,,,,71,True
coverage,smtlib-qfidl,RTCL/b13_tf_10/ckt_PROP3_tf_10,0,4ffba2d4eb2d78fdf19b65217ffabb6260f1cb1a,b09267e28b28d569b2a47325fa0d9b89f1a6a1852fcdc6c8ebb6f0f1fdbac42f,False,True,,0.598,10000,71,0,0,55,126,11,0,0,0,0,11,11,32,11,0,,,,71,True
activity-default,smtlib-qfidl,RTCL/b13_tf_10/ckt_PROP3_tf_10,1,84ec0f7f9b0b9a44411b69c70e9519c5b4360a63,593c9bf673e2fe6a915039f2a62dd198c4a0110d61310ade6ef721ff9e1bd0fa,False,True,,0.6,10000,71,0,0,55,126,11,0,0,0,0,11,11,32,11,0,0,0,0,71,True
baseline,smtlib-qfidl,RTCL/b13_tf_10/ckt_PROP3_tf_10,1,58ae735e7b527a9d5e1050a0111b78f38b8590f0,47e08fddaf216bb294f883b6b2af9c952dcf4681ded7234d34177367e0ed29b1,False,True,,0.664,10000,71,0,0,55,126,11,0,0,0,0,11,11,32,,,,,,71,True
coverage,smtlib-qfidl,RTCL/b13_tf_10/ckt_PROP3_tf_10,1,4ffba2d4eb2d78fdf19b65217ffabb6260f1cb1a,b09267e28b28d569b2a47325fa0d9b89f1a6a1852fcdc6c8ebb6f0f1fdbac42f,False,True,,0.689,10000,71,0,0,55,126,11,0,0,0,0,11,11,32,11,0,,,,71,True
activity-default,smtlib-qfidl,RTCL/b13_tf_10/ckt_PROP3_tf_10,2,84ec0f7f9b0b9a44411b69c70e9519c5b4360a63,593c9bf673e2fe6a915039f2a62dd198c4a0110d61310ade6ef721ff9e1bd0fa,False,True,,0.635,10000,71,0,0,55,126,11,0,0,0,0,11,11,32,11,0,0,0,0,71,True
baseline,smtlib-qfidl,RTCL/b13_tf_10/ckt_PROP3_tf_10,2,58ae735e7b527a9d5e1050a0111b78f38b8590f0,47e08fddaf216bb294f883b6b2af9c952dcf4681ded7234d34177367e0ed29b1,False,True,,0.63,10000,71,0,0,55,126,11,0,0,0,0,11,11,32,,,,,,71,True
coverage,smtlib-qfidl,RTCL/b13_tf_10/ckt_PROP3_tf_10,2,4ffba2d4eb2d78fdf19b65217ffabb6260f1cb1a,b09267e28b28d569b2a47325fa0d9b89f1a6a1852fcdc6c8ebb6f0f1fdbac42f,False,True,,0.656,10000,71,0,0,55,126,11,0,0,0,0,11,11,32,11,0,,,,71,True
activity-default,smtlib-qfidl,asp/GeneralizedSlitherlink/altair1.48.asp,0,84ec0f7f9b0b9a44411b69c70e9519c5b4360a63,593c9bf673e2fe6a915039f2a62dd198c4a0110d61310ade6ef721ff9e1bd0fa,,False,,9.108,10000,55,0,0,59,114,1,0,0,0,0,1,1,0,1,0,0,0,0,55,False
baseline,smtlib-qfidl,asp/GeneralizedSlitherlink/altair1.48.asp,0,58ae735e7b527a9d5e1050a0111b78f38b8590f0,47e08fddaf216bb294f883b6b2af9c952dcf4681ded7234d34177367e0ed29b1,,False,,9.269,10000,57,0,0,61,118,1,0,0,0,0,1,1,0,,,,,,57,False
coverage,smtlib-qfidl,asp/GeneralizedSlitherlink/altair1.48.asp,0,4ffba2d4eb2d78fdf19b65217ffabb6260f1cb1a,b09267e28b28d569b2a47325fa0d9b89f1a6a1852fcdc6c8ebb6f0f1fdbac42f,,False,,9.191,10000,57,0,0,63,120,2,0,0,0,0,2,2,1,2,0,,,,57,False
activity-default,smtlib-qfidl,asp/GeneralizedSlitherlink/altair1.48.asp,1,84ec0f7f9b0b9a44411b69c70e9519c5b4360a63,593c9bf673e2fe6a915039f2a62dd198c4a0110d61310ade6ef721ff9e1bd0fa,,False,,9.139,10000,55,0,0,59,114,1,0,0,0,0,1,1,0,1,0,0,0,0,55,False
baseline,smtlib-qfidl,asp/GeneralizedSlitherlink/altair1.48.asp,1,58ae735e7b527a9d5e1050a0111b78f38b8590f0,47e08fddaf216bb294f883b6b2af9c952dcf4681ded7234d34177367e0ed29b1,,False,,9.102,10000,54,0,0,58,112,1,0,0,0,0,1,1,0,,,,,,54,False
coverage,smtlib-qfidl,asp/GeneralizedSlitherlink/altair1.48.asp,1,4ffba2d4eb2d78fdf19b65217ffabb6260f1cb1a,b09267e28b28d569b2a47325fa0d9b89f1a6a1852fcdc6c8ebb6f0f1fdbac42f,,False,,9.242,10000,57,0,0,64,121,2,0,0,0,0,2,2,1,2,0,,,,57,False
activity-default,smtlib-qfidl,asp/GeneralizedSlitherlink/altair1.48.asp,2,84ec0f7f9b0b9a44411b69c70e9519c5b4360a63,593c9bf673e2fe6a915039f2a62dd198c4a0110d61310ade6ef721ff9e1bd0fa,,False,,9.214,10000,56,0,0,60,116,1,0,0,0,0,1,1,0,1,0,0,0,0,56,False
baseline,smtlib-qfidl,asp/GeneralizedSlitherlink/altair1.48.asp,2,58ae735e7b527a9d5e1050a0111b78f38b8590f0,47e08fddaf216bb294f883b6b2af9c952dcf4681ded7234d34177367e0ed29b1,,False,,9.171,10000,52,0,0,56,108,1,0,0,0,0,1,1,0,,,,,,52,False
coverage,smtlib-qfidl,asp/GeneralizedSlitherlink/altair1.48.asp,2,4ffba2d4eb2d78fdf19b65217ffabb6260f1cb1a,b09267e28b28d569b2a47325fa0d9b89f1a6a1852fcdc6c8ebb6f0f1fdbac42f,,False,,9.024,10000,51,0,0,55,106,1,0,0,0,0,1,1,0,1,0,,,,51,False
activity-default,smtlib-qfidl,bcnscheduling/bcnscheduling139,0,84ec0f7f9b0b9a44411b69c70e9519c5b4360a63,593c9bf673e2fe6a915039f2a62dd198c4a0110d61310ade6ef721ff9e1bd0fa,,False,,8.095,10000,0,0,0,0,0,0,0,0,0,0,0,0,0,0,0,0,0,0,0,False
baseline,smtlib-qfidl,bcnscheduling/bcnscheduling139,0,58ae735e7b527a9d5e1050a0111b78f38b8590f0,47e08fddaf216bb294f883b6b2af9c952dcf4681ded7234d34177367e0ed29b1,,False,,8.082,10000,0,0,0,0,0,0,0,0,0,0,0,0,0,,,,,,0,False
coverage,smtlib-qfidl,bcnscheduling/bcnscheduling139,0,4ffba2d4eb2d78fdf19b65217ffabb6260f1cb1a,b09267e28b28d569b2a47325fa0d9b89f1a6a1852fcdc6c8ebb6f0f1fdbac42f,,False,,8.3,10000,0,0,0,0,0,0,0,0,0,0,0,0,0,0,0,,,,0,False
activity-default,smtlib-qfidl,bcnscheduling/bcnscheduling139,1,84ec0f7f9b0b9a44411b69c70e9519c5b4360a63,593c9bf673e2fe6a915039f2a62dd198c4a0110d61310ade6ef721ff9e1bd0fa,,False,,8.179,10000,0,0,0,0,0,0,0,0,0,0,0,0,0,0,0,0,0,0,0,False
baseline,smtlib-qfidl,bcnscheduling/bcnscheduling139,1,58ae735e7b527a9d5e1050a0111b78f38b8590f0,47e08fddaf216bb294f883b6b2af9c952dcf4681ded7234d34177367e0ed29b1,,False,,8.043,10000,0,0,0,0,0,0,0,0,0,0,0,0,0,,,,,,0,False
coverage,smtlib-qfidl,bcnscheduling/bcnscheduling139,1,4ffba2d4eb2d78fdf19b65217ffabb6260f1cb1a,b09267e28b28d569b2a47325fa0d9b89f1a6a1852fcdc6c8ebb6f0f1fdbac42f,,False,,8.057,10000,0,0,0,0,0,0,0,0,0,0,0,0,0,0,0,,,,0,False
activity-default,smtlib-qfidl,bcnscheduling/bcnscheduling139,2,84ec0f7f9b0b9a44411b69c70e9519c5b4360a63,593c9bf673e2fe6a915039f2a62dd198c4a0110d61310ade6ef721ff9e1bd0fa,,False,,7.932,10000,0,0,0,0,0,0,0,0,0,0,0,0,0,0,0,0,0,0,0,False
baseline,smtlib-qfidl,bcnscheduling/bcnscheduling139,2,58ae735e7b527a9d5e1050a0111b78f38b8590f0,47e08fddaf216bb294f883b6b2af9c952dcf4681ded7234d34177367e0ed29b1,,False,,8.023,10000,0,0,0,0,0,0,0,0,0,0,0,0,0,,,,,,0,False
coverage,smtlib-qfidl,bcnscheduling/bcnscheduling139,2,4ffba2d4eb2d78fdf19b65217ffabb6260f1cb1a,b09267e28b28d569b2a47325fa0d9b89f1a6a1852fcdc6c8ebb6f0f1fdbac42f,,False,,7.834,10000,0,0,0,0,0,0,0,0,0,0,0,0,0,0,0,,,,0,False
activity-default,smtlib-qfidl,cellar/CELAR7_SUB2,0,84ec0f7f9b0b9a44411b69c70e9519c5b4360a63,593c9bf673e2fe6a915039f2a62dd198c4a0110d61310ade6ef721ff9e1bd0fa,,False,,9.85,10000,163,0,0,472,635,100,0,0,0,0,100,100,38,100,0,0,0,0,163,False
baseline,smtlib-qfidl,cellar/CELAR7_SUB2,0,58ae735e7b527a9d5e1050a0111b78f38b8590f0,47e08fddaf216bb294f883b6b2af9c952dcf4681ded7234d34177367e0ed29b1,,False,,9.845,10000,161,0,0,468,629,100,0,0,0,0,100,100,36,,,,,,161,False
coverage,smtlib-qfidl,cellar/CELAR7_SUB2,0,4ffba2d4eb2d78fdf19b65217ffabb6260f1cb1a,b09267e28b28d569b2a47325fa0d9b89f1a6a1852fcdc6c8ebb6f0f1fdbac42f,,False,,9.876,10000,167,0,0,480,647,100,0,0,0,0,100,100,42,100,0,,,,167,False
activity-default,smtlib-qfidl,cellar/CELAR7_SUB2,1,84ec0f7f9b0b9a44411b69c70e9519c5b4360a63,593c9bf673e2fe6a915039f2a62dd198c4a0110d61310ade6ef721ff9e1bd0fa,,False,,9.841,10000,156,0,0,459,615,100,0,0,0,0,100,100,31,100,0,0,0,0,156,False
baseline,smtlib-qfidl,cellar/CELAR7_SUB2,1,58ae735e7b527a9d5e1050a0111b78f38b8590f0,47e08fddaf216bb294f883b6b2af9c952dcf4681ded7234d34177367e0ed29b1,,False,,9.84,10000,158,0,0,462,620,100,0,0,0,0,100,100,33,,,,,,158,False
coverage,smtlib-qfidl,cellar/CELAR7_SUB2,1,4ffba2d4eb2d78fdf19b65217ffabb6260f1cb1a,b09267e28b28d569b2a47325fa0d9b89f1a6a1852fcdc6c8ebb6f0f1fdbac42f,,False,,9.874,10000,165,0,0,476,641,100,0,0,0,0,100,100,40,100,0,,,,165,False
activity-default,smtlib-qfidl,cellar/CELAR7_SUB2,2,84ec0f7f9b0b9a44411b69c70e9519c5b4360a63,593c9bf673e2fe6a915039f2a62dd198c4a0110d61310ade6ef721ff9e1bd0fa,,False,,9.874,10000,156,0,0,460,616,100,0,0,0,0,100,100,31,100,0,0,0,0,156,False
baseline,smtlib-qfidl,cellar/CELAR7_SUB2,2,58ae735e7b527a9d5e1050a0111b78f38b8590f0,47e08fddaf216bb294f883b6b2af9c952dcf4681ded7234d34177367e0ed29b1,,False,,9.865,10000,162,0,0,471,633,100,0,0,0,0,100,100,38,,,,,,162,False
coverage,smtlib-qfidl,cellar/CELAR7_SUB2,2,4ffba2d4eb2d78fdf19b65217ffabb6260f1cb1a,b09267e28b28d569b2a47325fa0d9b89f1a6a1852fcdc6c8ebb6f0f1fdbac42f,,False,,9.884,10000,155,0,0,457,612,100,0,0,0,0,100,100,30,100,0,,,,155,False
activity-default,smtlib-qfidl,check/int_incompleteness1,0,84ec0f7f9b0b9a44411b69c70e9519c5b4360a63,593c9bf673e2fe6a915039f2a62dd198c4a0110d61310ade6ef721ff9e1bd0fa,False,True,,0.183,10000,0,0,0,1,1,0,0,0,0,0,0,0,0,0,0,0,0,0,0,True
baseline,smtlib-qfidl,check/int_incompleteness1,0,58ae735e7b527a9d5e1050a0111b78f38b8590f0,47e08fddaf216bb294f883b6b2af9c952dcf4681ded7234d34177367e0ed29b1,False,True,,0.303,10000,0,0,0,1,1,0,0,0,0,0,0,0,0,,,,,,0,True
coverage,smtlib-qfidl,check/int_incompleteness1,0,4ffba2d4eb2d78fdf19b65217ffabb6260f1cb1a,b09267e28b28d569b2a47325fa0d9b89f1a6a1852fcdc6c8ebb6f0f1fdbac42f,False,True,,0.172,10000,0,0,0,1,1,0,0,0,0,0,0,0,0,0,0,,,,0,True
activity-default,smtlib-qfidl,check/int_incompleteness1,1,84ec0f7f9b0b9a44411b69c70e9519c5b4360a63,593c9bf673e2fe6a915039f2a62dd198c4a0110d61310ade6ef721ff9e1bd0fa,False,True,,0.165,10000,0,0,0,1,1,0,0,0,0,0,0,0,0,0,0,0,0,0,0,True
baseline,smtlib-qfidl,check/int_incompleteness1,1,58ae735e7b527a9d5e1050a0111b78f38b8590f0,47e08fddaf216bb294f883b6b2af9c952dcf4681ded7234d34177367e0ed29b1,False,True,,0.146,10000,0,0,0,1,1,0,0,0,0,0,0,0,0,,,,,,0,True
coverage,smtlib-qfidl,check/int_incompleteness1,1,4ffba2d4eb2d78fdf19b65217ffabb6260f1cb1a,b09267e28b28d569b2a47325fa0d9b89f1a6a1852fcdc6c8ebb6f0f1fdbac42f,False,True,,0.17,10000,0,0,0,1,1,0,0,0,0,0,0,0,0,0,0,,,,0,True
activity-default,smtlib-qfidl,check/int_incompleteness1,2,84ec0f7f9b0b9a44411b69c70e9519c5b4360a63,593c9bf673e2fe6a915039f2a62dd198c4a0110d61310ade6ef721ff9e1bd0fa,False,True,,0.163,10000,0,0,0,1,1,0,0,0,0,0,0,0,0,0,0,0,0,0,0,True
baseline,smtlib-qfidl,check/int_incompleteness1,2,58ae735e7b527a9d5e1050a0111b78f38b8590f0,47e08fddaf216bb294f883b6b2af9c952dcf4681ded7234d34177367e0ed29b1,False,True,,0.174,10000,0,0,0,1,1,0,0,0,0,0,0,0,0,,,,,,0,True
coverage,smtlib-qfidl,check/int_incompleteness1,2,4ffba2d4eb2d78fdf19b65217ffabb6260f1cb1a,b09267e28b28d569b2a47325fa0d9b89f1a6a1852fcdc6c8ebb6f0f1fdbac42f,False,True,,0.159,10000,0,0,0,1,1,0,0,0,0,0,0,0,0,0,0,,,,0,True
activity-default,smtlib-qfidl,diamonds/diamonds.15.3.i.a.u,0,84ec0f7f9b0b9a44411b69c70e9519c5b4360a63,593c9bf673e2fe6a915039f2a62dd198c4a0110d61310ade6ef721ff9e1bd0fa,,False,,4.42,10000,50000,0,0,0,50000,0,0,0,0,0,0,0,0,0,0,0,0,0,50000,True
baseline,smtlib-qfidl,diamonds/diamonds.15.3.i.a.u,0,58ae735e7b527a9d5e1050a0111b78f38b8590f0,47e08fddaf216bb294f883b6b2af9c952dcf4681ded7234d34177367e0ed29b1,,False,,5.011,10000,50000,0,0,0,50000,0,0,0,0,0,0,0,0,,,,,,50000,True
coverage,smtlib-qfidl,diamonds/diamonds.15.3.i.a.u,0,4ffba2d4eb2d78fdf19b65217ffabb6260f1cb1a,b09267e28b28d569b2a47325fa0d9b89f1a6a1852fcdc6c8ebb6f0f1fdbac42f,,False,,4.738,10000,50000,0,0,0,50000,0,0,0,0,0,0,0,0,0,0,,,,50000,True
activity-default,smtlib-qfidl,diamonds/diamonds.15.3.i.a.u,1,84ec0f7f9b0b9a44411b69c70e9519c5b4360a63,593c9bf673e2fe6a915039f2a62dd198c4a0110d61310ade6ef721ff9e1bd0fa,,False,,4.894,10000,50000,0,0,0,50000,0,0,0,0,0,0,0,0,0,0,0,0,0,50000,True
baseline,smtlib-qfidl,diamonds/diamonds.15.3.i.a.u,1,58ae735e7b527a9d5e1050a0111b78f38b8590f0,47e08fddaf216bb294f883b6b2af9c952dcf4681ded7234d34177367e0ed29b1,,False,,4.912,10000,50000,0,0,0,50000,0,0,0,0,0,0,0,0,,,,,,50000,True
coverage,smtlib-qfidl,diamonds/diamonds.15.3.i.a.u,1,4ffba2d4eb2d78fdf19b65217ffabb6260f1cb1a,b09267e28b28d569b2a47325fa0d9b89f1a6a1852fcdc6c8ebb6f0f1fdbac42f,,False,,4.672,10000,50000,0,0,0,50000,0,0,0,0,0,0,0,0,0,0,,,,50000,True
activity-default,smtlib-qfidl,diamonds/diamonds.15.3.i.a.u,2,84ec0f7f9b0b9a44411b69c70e9519c5b4360a63,593c9bf673e2fe6a915039f2a62dd198c4a0110d61310ade6ef721ff9e1bd0fa,,False,,4.376,10000,50000,0,0,0,50000,0,0,0,0,0,0,0,0,0,0,0,0,0,50000,True
baseline,smtlib-qfidl,diamonds/diamonds.15.3.i.a.u,2,58ae735e7b527a9d5e1050a0111b78f38b8590f0,47e08fddaf216bb294f883b6b2af9c952dcf4681ded7234d34177367e0ed29b1,,False,,4.917,10000,50000,0,0,0,50000,0,0,0,0,0,0,0,0,,,,,,50000,True
coverage,smtlib-qfidl,diamonds/diamonds.15.3.i.a.u,2,4ffba2d4eb2d78fdf19b65217ffabb6260f1cb1a,b09267e28b28d569b2a47325fa0d9b89f1a6a1852fcdc6c8ebb6f0f1fdbac42f,,False,,4.727,10000,50000,0,0,0,50000,0,0,0,0,0,0,0,0,0,0,,,,50000,True
activity-default,smtlib-qfidl,fuzzy-matrix/Waldmann_r6.srs_slice-4_constraint-151140,0,84ec0f7f9b0b9a44411b69c70e9519c5b4360a63,593c9bf673e2fe6a915039f2a62dd198c4a0110d61310ade6ef721ff9e1bd0fa,,False,,9.829,10000,48,0,0,51,99,0,0,0,0,0,0,0,0,0,0,0,0,0,48,False
baseline,smtlib-qfidl,fuzzy-matrix/Waldmann_r6.srs_slice-4_constraint-151140,0,58ae735e7b527a9d5e1050a0111b78f38b8590f0,47e08fddaf216bb294f883b6b2af9c952dcf4681ded7234d34177367e0ed29b1,,False,,9.829,10000,48,0,0,52,100,0,0,0,0,0,0,0,0,,,,,,48,False
coverage,smtlib-qfidl,fuzzy-matrix/Waldmann_r6.srs_slice-4_constraint-151140,0,4ffba2d4eb2d78fdf19b65217ffabb6260f1cb1a,b09267e28b28d569b2a47325fa0d9b89f1a6a1852fcdc6c8ebb6f0f1fdbac42f,,False,,9.811,10000,46,0,0,51,97,0,0,0,0,0,0,0,0,0,0,,,,46,False
activity-default,smtlib-qfidl,fuzzy-matrix/Waldmann_r6.srs_slice-4_constraint-151140,1,84ec0f7f9b0b9a44411b69c70e9519c5b4360a63,593c9bf673e2fe6a915039f2a62dd198c4a0110d61310ade6ef721ff9e1bd0fa,,False,,9.827,10000,40,0,0,44,84,0,0,0,0,0,0,0,0,0,0,0,0,0,40,False
baseline,smtlib-qfidl,fuzzy-matrix/Waldmann_r6.srs_slice-4_constraint-151140,1,58ae735e7b527a9d5e1050a0111b78f38b8590f0,47e08fddaf216bb294f883b6b2af9c952dcf4681ded7234d34177367e0ed29b1,,False,,9.891,10000,46,0,0,50,96,0,0,0,0,0,0,0,0,,,,,,46,False
coverage,smtlib-qfidl,fuzzy-matrix/Waldmann_r6.srs_slice-4_constraint-151140,1,4ffba2d4eb2d78fdf19b65217ffabb6260f1cb1a,b09267e28b28d569b2a47325fa0d9b89f1a6a1852fcdc6c8ebb6f0f1fdbac42f,,False,,9.832,10000,45,0,0,49,94,0,0,0,0,0,0,0,0,0,0,,,,45,False
activity-default,smtlib-qfidl,fuzzy-matrix/Waldmann_r6.srs_slice-4_constraint-151140,2,84ec0f7f9b0b9a44411b69c70e9519c5b4360a63,593c9bf673e2fe6a915039f2a62dd198c4a0110d61310ade6ef721ff9e1bd0fa,,False,,9.828,10000,53,0,0,58,111,1,0,0,0,0,1,1,0,1,0,0,0,0,53,False
baseline,smtlib-qfidl,fuzzy-matrix/Waldmann_r6.srs_slice-4_constraint-151140,2,58ae735e7b527a9d5e1050a0111b78f38b8590f0,47e08fddaf216bb294f883b6b2af9c952dcf4681ded7234d34177367e0ed29b1,,False,,9.775,10000,40,0,0,44,84,0,0,0,0,0,0,0,0,,,,,,40,False
coverage,smtlib-qfidl,fuzzy-matrix/Waldmann_r6.srs_slice-4_constraint-151140,2,4ffba2d4eb2d78fdf19b65217ffabb6260f1cb1a,b09267e28b28d569b2a47325fa0d9b89f1a6a1852fcdc6c8ebb6f0f1fdbac42f,,False,,9.833,10000,44,0,0,48,92,0,0,0,0,0,0,0,0,0,0,,,,44,False
activity-default,smtlib-qfidl,job_shop/jobshop30-2-15-15-2-4-9,0,84ec0f7f9b0b9a44411b69c70e9519c5b4360a63,593c9bf673e2fe6a915039f2a62dd198c4a0110d61310ade6ef721ff9e1bd0fa,,False,,9.877,10000,111,0,0,116,227,0,0,0,0,0,0,0,0,0,0,0,0,0,111,False
baseline,smtlib-qfidl,job_shop/jobshop30-2-15-15-2-4-9,0,58ae735e7b527a9d5e1050a0111b78f38b8590f0,47e08fddaf216bb294f883b6b2af9c952dcf4681ded7234d34177367e0ed29b1,,False,,9.815,10000,101,0,0,105,206,1,0,0,0,0,1,1,0,,,,,,101,False
coverage,smtlib-qfidl,job_shop/jobshop30-2-15-15-2-4-9,0,4ffba2d4eb2d78fdf19b65217ffabb6260f1cb1a,b09267e28b28d569b2a47325fa0d9b89f1a6a1852fcdc6c8ebb6f0f1fdbac42f,,False,,9.834,10000,109,0,0,114,223,0,0,0,0,0,0,0,0,0,0,,,,109,False
activity-default,smtlib-qfidl,job_shop/jobshop30-2-15-15-2-4-9,1,84ec0f7f9b0b9a44411b69c70e9519c5b4360a63,593c9bf673e2fe6a915039f2a62dd198c4a0110d61310ade6ef721ff9e1bd0fa,,False,,9.837,10000,101,0,0,105,206,1,0,0,0,0,1,1,0,1,0,0,0,0,101,False
baseline,smtlib-qfidl,job_shop/jobshop30-2-15-15-2-4-9,1,58ae735e7b527a9d5e1050a0111b78f38b8590f0,47e08fddaf216bb294f883b6b2af9c952dcf4681ded7234d34177367e0ed29b1,,False,,9.81,10000,100,0,0,104,204,1,0,0,0,0,1,1,0,,,,,,100,False
coverage,smtlib-qfidl,job_shop/jobshop30-2-15-15-2-4-9,1,4ffba2d4eb2d78fdf19b65217ffabb6260f1cb1a,b09267e28b28d569b2a47325fa0d9b89f1a6a1852fcdc6c8ebb6f0f1fdbac42f,,False,,9.833,10000,104,0,0,110,214,0,0,0,0,0,0,0,0,0,0,,,,104,False
activity-default,smtlib-qfidl,job_shop/jobshop30-2-15-15-2-4-9,2,84ec0f7f9b0b9a44411b69c70e9519c5b4360a63,593c9bf673e2fe6a915039f2a62dd198c4a0110d61310ade6ef721ff9e1bd0fa,,False,,9.816,10000,100,0,0,104,204,1,0,0,0,0,1,1,0,1,0,0,0,0,100,False
baseline,smtlib-qfidl,job_shop/jobshop30-2-15-15-2-4-9,2,58ae735e7b527a9d5e1050a0111b78f38b8590f0,47e08fddaf216bb294f883b6b2af9c952dcf4681ded7234d34177367e0ed29b1,,False,,9.835,10000,105,0,0,111,216,0,0,0,0,0,0,0,0,,,,,,105,False
coverage,smtlib-qfidl,job_shop/jobshop30-2-15-15-2-4-9,2,4ffba2d4eb2d78fdf19b65217ffabb6260f1cb1a,b09267e28b28d569b2a47325fa0d9b89f1a6a1852fcdc6c8ebb6f0f1fdbac42f,,False,,9.887,10000,103,0,0,108,211,0,0,0,0,0,0,0,0,0,0,,,,103,False
activity-default,smtlib-qfidl,mathsat/fischer/FISCHER10-6-ninc,0,84ec0f7f9b0b9a44411b69c70e9519c5b4360a63,593c9bf673e2fe6a915039f2a62dd198c4a0110d61310ade6ef721ff9e1bd0fa,,False,,9.832,10000,1253,0,0,1309,2562,444,0,0,0,0,444,444,26354,444,0,0,0,0,1253,False
baseline,smtlib-qfidl,mathsat/fischer/FISCHER10-6-ninc,0,58ae735e7b527a9d5e1050a0111b78f38b8590f0,47e08fddaf216bb294f883b6b2af9c952dcf4681ded7234d34177367e0ed29b1,,False,,9.849,10000,1223,0,0,1255,2478,427,0,0,0,0,427,427,24420,,,,,,1223,False
coverage,smtlib-qfidl,mathsat/fischer/FISCHER10-6-ninc,0,4ffba2d4eb2d78fdf19b65217ffabb6260f1cb1a,b09267e28b28d569b2a47325fa0d9b89f1a6a1852fcdc6c8ebb6f0f1fdbac42f,,False,,9.836,10000,1251,0,0,1307,2558,444,0,0,0,0,444,444,26315,444,0,,,,1251,False
activity-default,smtlib-qfidl,mathsat/fischer/FISCHER10-6-ninc,1,84ec0f7f9b0b9a44411b69c70e9519c5b4360a63,593c9bf673e2fe6a915039f2a62dd198c4a0110d61310ade6ef721ff9e1bd0fa,,False,,9.836,10000,1234,0,0,1277,2511,433,0,0,0,0,433,433,25345,433,0,0,0,0,1234,False
baseline,smtlib-qfidl,mathsat/fischer/FISCHER10-6-ninc,1,58ae735e7b527a9d5e1050a0111b78f38b8590f0,47e08fddaf216bb294f883b6b2af9c952dcf4681ded7234d34177367e0ed29b1,,False,,9.853,10000,1249,0,0,1305,2554,443,0,0,0,0,443,443,26235,,,,,,1249,False
coverage,smtlib-qfidl,mathsat/fischer/FISCHER10-6-ninc,1,4ffba2d4eb2d78fdf19b65217ffabb6260f1cb1a,b09267e28b28d569b2a47325fa0d9b89f1a6a1852fcdc6c8ebb6f0f1fdbac42f,,False,,9.828,10000,1249,0,0,1303,2552,442,0,0,0,0,442,442,26208,442,0,,,,1249,False
activity-default,smtlib-qfidl,mathsat/fischer/FISCHER10-6-ninc,2,84ec0f7f9b0b9a44411b69c70e9519c5b4360a63,593c9bf673e2fe6a915039f2a62dd198c4a0110d61310ade6ef721ff9e1bd0fa,,False,,9.828,10000,1263,0,0,1319,2582,447,0,0,0,0,447,447,26456,447,0,0,0,0,1263,False
baseline,smtlib-qfidl,mathsat/fischer/FISCHER10-6-ninc,2,58ae735e7b527a9d5e1050a0111b78f38b8590f0,47e08fddaf216bb294f883b6b2af9c952dcf4681ded7234d34177367e0ed29b1,,False,,9.839,10000,1235,0,0,1278,2513,434,0,0,0,0,434,434,25347,,,,,,1235,False
coverage,smtlib-qfidl,mathsat/fischer/FISCHER10-6-ninc,2,4ffba2d4eb2d78fdf19b65217ffabb6260f1cb1a,b09267e28b28d569b2a47325fa0d9b89f1a6a1852fcdc6c8ebb6f0f1fdbac42f,,False,,9.845,10000,1253,0,0,1308,2561,444,0,0,0,0,444,444,26354,444,0,,,,1253,False
activity-default,smtlib-qfidl,parity/26.600.graph,0,84ec0f7f9b0b9a44411b69c70e9519c5b4360a63,593c9bf673e2fe6a915039f2a62dd198c4a0110d61310ade6ef721ff9e1bd0fa,,False,,9.088,10000,47,0,0,0,47,2,0,0,0,0,2,2,0,2,0,0,0,0,47,False
baseline,smtlib-qfidl,parity/26.600.graph,0,58ae735e7b527a9d5e1050a0111b78f38b8590f0,47e08fddaf216bb294f883b6b2af9c952dcf4681ded7234d34177367e0ed29b1,,False,,9.188,10000,47,0,0,0,47,2,0,0,0,0,2,2,0,,,,,,47,False
coverage,smtlib-qfidl,parity/26.600.graph,0,4ffba2d4eb2d78fdf19b65217ffabb6260f1cb1a,b09267e28b28d569b2a47325fa0d9b89f1a6a1852fcdc6c8ebb6f0f1fdbac42f,,False,,9.203,10000,47,0,0,0,47,2,0,0,0,0,2,2,0,2,0,,,,47,False
activity-default,smtlib-qfidl,parity/26.600.graph,1,84ec0f7f9b0b9a44411b69c70e9519c5b4360a63,593c9bf673e2fe6a915039f2a62dd198c4a0110d61310ade6ef721ff9e1bd0fa,,False,,9.192,10000,47,0,0,0,47,2,0,0,0,0,2,2,0,2,0,0,0,0,47,False
baseline,smtlib-qfidl,parity/26.600.graph,1,58ae735e7b527a9d5e1050a0111b78f38b8590f0,47e08fddaf216bb294f883b6b2af9c952dcf4681ded7234d34177367e0ed29b1,,False,,9.216,10000,47,0,0,0,47,2,0,0,0,0,2,2,0,,,,,,47,False
coverage,smtlib-qfidl,parity/26.600.graph,1,4ffba2d4eb2d78fdf19b65217ffabb6260f1cb1a,b09267e28b28d569b2a47325fa0d9b89f1a6a1852fcdc6c8ebb6f0f1fdbac42f,,False,,9.179,10000,47,0,0,0,47,2,0,0,0,0,2,2,0,2,0,,,,47,False
activity-default,smtlib-qfidl,parity/26.600.graph,2,84ec0f7f9b0b9a44411b69c70e9519c5b4360a63,593c9bf673e2fe6a915039f2a62dd198c4a0110d61310ade6ef721ff9e1bd0fa,,False,,9.219,10000,47,0,0,0,47,2,0,0,0,0,2,2,0,2,0,0,0,0,47,False
baseline,smtlib-qfidl,parity/26.600.graph,2,58ae735e7b527a9d5e1050a0111b78f38b8590f0,47e08fddaf216bb294f883b6b2af9c952dcf4681ded7234d34177367e0ed29b1,,False,,9.196,10000,47,0,0,0,47,2,0,0,0,0,2,2,0,,,,,,47,False
coverage,smtlib-qfidl,parity/26.600.graph,2,4ffba2d4eb2d78fdf19b65217ffabb6260f1cb1a,b09267e28b28d569b2a47325fa0d9b89f1a6a1852fcdc6c8ebb6f0f1fdbac42f,,False,,9.174,10000,47,0,0,0,47,2,0,0,0,0,2,2,0,2,0,,,,47,False
activity-default,smtlib-qfidl,planning/plan-13.cvc,0,84ec0f7f9b0b9a44411b69c70e9519c5b4360a63,593c9bf673e2fe6a915039f2a62dd198c4a0110d61310ade6ef721ff9e1bd0fa,False,True,,9.31,10000,1577,0,0,354,1931,126,0,0,0,0,126,126,1453,126,0,0,0,0,1577,True
baseline,smtlib-qfidl,planning/plan-13.cvc,0,58ae735e7b527a9d5e1050a0111b78f38b8590f0,47e08fddaf216bb294f883b6b2af9c952dcf4681ded7234d34177367e0ed29b1,False,True,,9.33,10000,1577,0,0,354,1931,126,0,0,0,0,126,126,1453,,,,,,1577,True
coverage,smtlib-qfidl,planning/plan-13.cvc,0,4ffba2d4eb2d78fdf19b65217ffabb6260f1cb1a,b09267e28b28d569b2a47325fa0d9b89f1a6a1852fcdc6c8ebb6f0f1fdbac42f,False,True,,9.423,10000,1577,0,0,354,1931,126,0,0,0,0,126,126,1453,126,0,,,,1577,True
activity-default,smtlib-qfidl,planning/plan-13.cvc,1,84ec0f7f9b0b9a44411b69c70e9519c5b4360a63,593c9bf673e2fe6a915039f2a62dd198c4a0110d61310ade6ef721ff9e1bd0fa,False,True,,9.377,10000,1577,0,0,354,1931,126,0,0,0,0,126,126,1453,126,0,0,0,0,1577,True
baseline,smtlib-qfidl,planning/plan-13.cvc,1,58ae735e7b527a9d5e1050a0111b78f38b8590f0,47e08fddaf216bb294f883b6b2af9c952dcf4681ded7234d34177367e0ed29b1,,False,,9.837,10000,1577,0,0,353,1930,126,0,0,0,0,126,126,1444,,,,,,1577,False
coverage,smtlib-qfidl,planning/plan-13.cvc,1,4ffba2d4eb2d78fdf19b65217ffabb6260f1cb1a,b09267e28b28d569b2a47325fa0d9b89f1a6a1852fcdc6c8ebb6f0f1fdbac42f,False,True,,9.295,10000,1577,0,0,354,1931,126,0,0,0,0,126,126,1453,126,0,,,,1577,True
activity-default,smtlib-qfidl,planning/plan-13.cvc,2,84ec0f7f9b0b9a44411b69c70e9519c5b4360a63,593c9bf673e2fe6a915039f2a62dd198c4a0110d61310ade6ef721ff9e1bd0fa,False,True,,9.451,10000,1577,0,0,354,1931,126,0,0,0,0,126,126,1453,126,0,0,0,0,1577,True
baseline,smtlib-qfidl,planning/plan-13.cvc,2,58ae735e7b527a9d5e1050a0111b78f38b8590f0,47e08fddaf216bb294f883b6b2af9c952dcf4681ded7234d34177367e0ed29b1,False,True,,9.623,10000,1577,0,0,354,1931,126,0,0,0,0,126,126,1453,,,,,,1577,True
coverage,smtlib-qfidl,planning/plan-13.cvc,2,4ffba2d4eb2d78fdf19b65217ffabb6260f1cb1a,b09267e28b28d569b2a47325fa0d9b89f1a6a1852fcdc6c8ebb6f0f1fdbac42f,,False,,9.827,10000,1577,0,0,353,1930,126,0,0,0,0,126,126,1444,126,0,,,,1577,False
activity-default,smtlib-qfidl,qlock/qlock-4-10-9.induction.cvc,0,84ec0f7f9b0b9a44411b69c70e9519c5b4360a63,593c9bf673e2fe6a915039f2a62dd198c4a0110d61310ade6ef721ff9e1bd0fa,,False,,9.829,10000,506,0,0,151,657,67,0,0,0,0,67,67,184,67,0,0,0,0,506,False
baseline,smtlib-qfidl,qlock/qlock-4-10-9.induction.cvc,0,58ae735e7b527a9d5e1050a0111b78f38b8590f0,47e08fddaf216bb294f883b6b2af9c952dcf4681ded7234d34177367e0ed29b1,,False,,9.843,10000,480,0,0,137,617,64,0,0,0,0,64,64,149,,,,,,480,False
coverage,smtlib-qfidl,qlock/qlock-4-10-9.induction.cvc,0,4ffba2d4eb2d78fdf19b65217ffabb6260f1cb1a,b09267e28b28d569b2a47325fa0d9b89f1a6a1852fcdc6c8ebb6f0f1fdbac42f,,False,,9.856,10000,506,0,0,149,655,67,0,0,0,0,67,67,178,67,0,,,,506,False
activity-default,smtlib-qfidl,qlock/qlock-4-10-9.induction.cvc,1,84ec0f7f9b0b9a44411b69c70e9519c5b4360a63,593c9bf673e2fe6a915039f2a62dd198c4a0110d61310ade6ef721ff9e1bd0fa,,False,,9.869,10000,523,0,0,160,683,69,0,0,0,0,69,69,188,69,0,0,0,0,523,False
baseline,smtlib-qfidl,qlock/qlock-4-10-9.induction.cvc,1,58ae735e7b527a9d5e1050a0111b78f38b8590f0,47e08fddaf216bb294f883b6b2af9c952dcf4681ded7234d34177367e0ed29b1,,False,,9.867,10000,498,0,0,146,644,66,0,0,0,0,66,66,178,,,,,,498,False
coverage,smtlib-qfidl,qlock/qlock-4-10-9.induction.cvc,1,4ffba2d4eb2d78fdf19b65217ffabb6260f1cb1a,b09267e28b28d569b2a47325fa0d9b89f1a6a1852fcdc6c8ebb6f0f1fdbac42f,,False,,9.857,10000,514,0,0,154,668,68,0,0,0,0,68,68,184,68,0,,,,514,False
activity-default,smtlib-qfidl,qlock/qlock-4-10-9.induction.cvc,2,84ec0f7f9b0b9a44411b69c70e9519c5b4360a63,593c9bf673e2fe6a915039f2a62dd198c4a0110d61310ade6ef721ff9e1bd0fa,,False,,9.87,10000,523,0,0,158,681,69,0,0,0,0,69,69,188,69,0,0,0,0,523,False
baseline,smtlib-qfidl,qlock/qlock-4-10-9.induction.cvc,2,58ae735e7b527a9d5e1050a0111b78f38b8590f0,47e08fddaf216bb294f883b6b2af9c952dcf4681ded7234d34177367e0ed29b1,,False,,9.862,10000,506,0,0,147,653,67,0,0,0,0,67,67,178,,,,,,506,False
coverage,smtlib-qfidl,qlock/qlock-4-10-9.induction.cvc,2,4ffba2d4eb2d78fdf19b65217ffabb6260f1cb1a,b09267e28b28d569b2a47325fa0d9b89f1a6a1852fcdc6c8ebb6f0f1fdbac42f,,False,,9.852,10000,506,0,0,147,653,67,0,0,0,0,67,67,178,67,0,,,,506,False
activity-default,smtlib-qfidl,queens_bench/super_queen/super_queen92-1,0,84ec0f7f9b0b9a44411b69c70e9519c5b4360a63,593c9bf673e2fe6a915039f2a62dd198c4a0110d61310ade6ef721ff9e1bd0fa,,False,,9.877,10000,0,0,220,442,662,0,0,0,0,0,0,0,0,0,0,0,0,0,220,False
baseline,smtlib-qfidl,queens_bench/super_queen/super_queen92-1,0,58ae735e7b527a9d5e1050a0111b78f38b8590f0,47e08fddaf216bb294f883b6b2af9c952dcf4681ded7234d34177367e0ed29b1,,False,,9.873,10000,0,0,243,488,731,0,0,0,0,0,0,0,0,,,,,,243,False
coverage,smtlib-qfidl,queens_bench/super_queen/super_queen92-1,0,4ffba2d4eb2d78fdf19b65217ffabb6260f1cb1a,b09267e28b28d569b2a47325fa0d9b89f1a6a1852fcdc6c8ebb6f0f1fdbac42f,,False,,9.867,10000,0,0,234,471,705,0,0,0,0,0,0,0,0,0,0,,,,234,False
activity-default,smtlib-qfidl,queens_bench/super_queen/super_queen92-1,1,84ec0f7f9b0b9a44411b69c70e9519c5b4360a63,593c9bf673e2fe6a915039f2a62dd198c4a0110d61310ade6ef721ff9e1bd0fa,,False,,9.704,10000,0,0,221,444,665,0,0,0,0,0,0,0,0,0,0,0,0,0,221,False
baseline,smtlib-qfidl,queens_bench/super_queen/super_queen92-1,1,58ae735e7b527a9d5e1050a0111b78f38b8590f0,47e08fddaf216bb294f883b6b2af9c952dcf4681ded7234d34177367e0ed29b1,,False,,9.846,10000,0,0,203,408,611,0,0,0,0,0,0,0,0,,,,,,203,False
coverage,smtlib-qfidl,queens_bench/super_queen/super_queen92-1,1,4ffba2d4eb2d78fdf19b65217ffabb6260f1cb1a,b09267e28b28d569b2a47325fa0d9b89f1a6a1852fcdc6c8ebb6f0f1fdbac42f,,False,,9.859,10000,0,0,216,435,651,0,0,0,0,0,0,0,0,0,0,,,,216,False
activity-default,smtlib-qfidl,queens_bench/super_queen/super_queen92-1,2,84ec0f7f9b0b9a44411b69c70e9519c5b4360a63,593c9bf673e2fe6a915039f2a62dd198c4a0110d61310ade6ef721ff9e1bd0fa,,False,,9.899,10000,0,0,216,434,650,0,0,0,0,0,0,0,0,0,0,0,0,0,216,False
baseline,smtlib-qfidl,queens_bench/super_queen/super_queen92-1,2,58ae735e7b527a9d5e1050a0111b78f38b8590f0,47e08fddaf216bb294f883b6b2af9c952dcf4681ded7234d34177367e0ed29b1,,False,,9.854,10000,0,0,219,440,659,0,0,0,0,0,0,0,0,,,,,,219,False
coverage,smtlib-qfidl,queens_bench/super_queen/super_queen92-1,2,4ffba2d4eb2d78fdf19b65217ffabb6260f1cb1a,b09267e28b28d569b2a47325fa0d9b89f1a6a1852fcdc6c8ebb6f0f1fdbac42f,,False,,9.918,10000,0,0,221,444,665,0,0,0,0,0,0,0,0,0,0,,,,221,False
activity-default,smtlib-qfidl,sal/bakery/inf-bakery-mutex-1,0,84ec0f7f9b0b9a44411b69c70e9519c5b4360a63,593c9bf673e2fe6a915039f2a62dd198c4a0110d61310ade6ef721ff9e1bd0fa,False,True,,0.161,10000,0,0,0,0,0,0,0,0,0,0,0,0,0,0,0,0,0,0,0,True
baseline,smtlib-qfidl,sal/bakery/inf-bakery-mutex-1,0,58ae735e7b527a9d5e1050a0111b78f38b8590f0,47e08fddaf216bb294f883b6b2af9c952dcf4681ded7234d34177367e0ed29b1,False,True,,0.192,10000,0,0,0,0,0,0,0,0,0,0,0,0,0,,,,,,0,True
coverage,smtlib-qfidl,sal/bakery/inf-bakery-mutex-1,0,4ffba2d4eb2d78fdf19b65217ffabb6260f1cb1a,b09267e28b28d569b2a47325fa0d9b89f1a6a1852fcdc6c8ebb6f0f1fdbac42f,False,True,,0.178,10000,0,0,0,0,0,0,0,0,0,0,0,0,0,0,0,,,,0,True
activity-default,smtlib-qfidl,sal/bakery/inf-bakery-mutex-1,1,84ec0f7f9b0b9a44411b69c70e9519c5b4360a63,593c9bf673e2fe6a915039f2a62dd198c4a0110d61310ade6ef721ff9e1bd0fa,False,True,,0.224,10000,0,0,0,0,0,0,0,0,0,0,0,0,0,0,0,0,0,0,0,True
baseline,smtlib-qfidl,sal/bakery/inf-bakery-mutex-1,1,58ae735e7b527a9d5e1050a0111b78f38b8590f0,47e08fddaf216bb294f883b6b2af9c952dcf4681ded7234d34177367e0ed29b1,False,True,,0.162,10000,0,0,0,0,0,0,0,0,0,0,0,0,0,,,,,,0,True
coverage,smtlib-qfidl,sal/bakery/inf-bakery-mutex-1,1,4ffba2d4eb2d78fdf19b65217ffabb6260f1cb1a,b09267e28b28d569b2a47325fa0d9b89f1a6a1852fcdc6c8ebb6f0f1fdbac42f,False,True,,0.2,10000,0,0,0,0,0,0,0,0,0,0,0,0,0,0,0,,,,0,True
activity-default,smtlib-qfidl,sal/bakery/inf-bakery-mutex-1,2,84ec0f7f9b0b9a44411b69c70e9519c5b4360a63,593c9bf673e2fe6a915039f2a62dd198c4a0110d61310ade6ef721ff9e1bd0fa,False,True,,0.163,10000,0,0,0,0,0,0,0,0,0,0,0,0,0,0,0,0,0,0,0,True
baseline,smtlib-qfidl,sal/bakery/inf-bakery-mutex-1,2,58ae735e7b527a9d5e1050a0111b78f38b8590f0,47e08fddaf216bb294f883b6b2af9c952dcf4681ded7234d34177367e0ed29b1,False,True,,0.235,10000,0,0,0,0,0,0,0,0,0,0,0,0,0,,,,,,0,True
coverage,smtlib-qfidl,sal/bakery/inf-bakery-mutex-1,2,4ffba2d4eb2d78fdf19b65217ffabb6260f1cb1a,b09267e28b28d569b2a47325fa0d9b89f1a6a1852fcdc6c8ebb6f0f1fdbac42f,False,True,,0.179,10000,0,0,0,0,0,0,0,0,0,0,0,0,0,0,0,,,,0,True
activity-default,smtlib-qfidl,schedulingIDL/gp10_05_mkspan1069,0,84ec0f7f9b0b9a44411b69c70e9519c5b4360a63,593c9bf673e2fe6a915039f2a62dd198c4a0110d61310ade6ef721ff9e1bd0fa,,False,,9.844,10000,6101,0,0,0,6101,23,0,0,0,0,23,23,4393,23,0,0,0,0,6101,False
baseline,smtlib-qfidl,schedulingIDL/gp10_05_mkspan1069,0,58ae735e7b527a9d5e1050a0111b78f38b8590f0,47e08fddaf216bb294f883b6b2af9c952dcf4681ded7234d34177367e0ed29b1,,False,,9.867,10000,6140,0,0,0,6140,23,0,0,0,0,23,23,4423,,,,,,6140,False
coverage,smtlib-qfidl,schedulingIDL/gp10_05_mkspan1069,0,4ffba2d4eb2d78fdf19b65217ffabb6260f1cb1a,b09267e28b28d569b2a47325fa0d9b89f1a6a1852fcdc6c8ebb6f0f1fdbac42f,,False,,9.845,10000,6025,0,0,0,6025,23,0,0,0,0,23,23,4326,23,0,,,,6025,False
activity-default,smtlib-qfidl,schedulingIDL/gp10_05_mkspan1069,1,84ec0f7f9b0b9a44411b69c70e9519c5b4360a63,593c9bf673e2fe6a915039f2a62dd198c4a0110d61310ade6ef721ff9e1bd0fa,,False,,9.863,10000,6170,0,0,0,6170,23,0,0,0,0,23,23,4443,23,0,0,0,0,6170,False
baseline,smtlib-qfidl,schedulingIDL/gp10_05_mkspan1069,1,58ae735e7b527a9d5e1050a0111b78f38b8590f0,47e08fddaf216bb294f883b6b2af9c952dcf4681ded7234d34177367e0ed29b1,,False,,9.848,10000,6154,0,0,0,6154,23,0,0,0,0,23,23,4432,,,,,,6154,False
coverage,smtlib-qfidl,schedulingIDL/gp10_05_mkspan1069,1,4ffba2d4eb2d78fdf19b65217ffabb6260f1cb1a,b09267e28b28d569b2a47325fa0d9b89f1a6a1852fcdc6c8ebb6f0f1fdbac42f,,False,,9.838,10000,6399,0,0,0,6399,23,0,0,0,0,23,23,4619,23,0,,,,6399,False
activity-default,smtlib-qfidl,schedulingIDL/gp10_05_mkspan1069,2,84ec0f7f9b0b9a44411b69c70e9519c5b4360a63,593c9bf673e2fe6a915039f2a62dd198c4a0110d61310ade6ef721ff9e1bd0fa,,False,,9.844,10000,5867,0,0,0,5867,23,0,0,0,0,23,23,4198,23,0,0,0,0,5867,False
baseline,smtlib-qfidl,schedulingIDL/gp10_05_mkspan1069,2,58ae735e7b527a9d5e1050a0111b78f38b8590f0,47e08fddaf216bb294f883b6b2af9c952dcf4681ded7234d34177367e0ed29b1,,False,,9.845,10000,6025,0,0,0,6025,23,0,0,0,0,23,23,4323,,,,,,6025,False
coverage,smtlib-qfidl,schedulingIDL/gp10_05_mkspan1069,2,4ffba2d4eb2d78fdf19b65217ffabb6260f1cb1a,b09267e28b28d569b2a47325fa0d9b89f1a6a1852fcdc6c8ebb6f0f1fdbac42f,,False,,9.852,10000,6008,0,0,0,6008,23,0,0,0,0,23,23,4315,23,0,,,,6008,False
activity-default,smtlib-qfidl,sep/railroad/RailRoad_neg_0,0,84ec0f7f9b0b9a44411b69c70e9519c5b4360a63,593c9bf673e2fe6a915039f2a62dd198c4a0110d61310ade6ef721ff9e1bd0fa,True,False,,0.109,10000,15,0,0,1,16,1,0,0,0,0,1,1,0,1,0,0,0,0,15,True
baseline,smtlib-qfidl,sep/railroad/RailRoad_neg_0,0,58ae735e7b527a9d5e1050a0111b78f38b8590f0,47e08fddaf216bb294f883b6b2af9c952dcf4681ded7234d34177367e0ed29b1,True,False,,0.118,10000,15,0,0,1,16,1,0,0,0,0,1,1,0,,,,,,15,True
coverage,smtlib-qfidl,sep/railroad/RailRoad_neg_0,0,4ffba2d4eb2d78fdf19b65217ffabb6260f1cb1a,b09267e28b28d569b2a47325fa0d9b89f1a6a1852fcdc6c8ebb6f0f1fdbac42f,True,False,,0.162,10000,15,0,0,1,16,1,0,0,0,0,1,1,0,1,0,,,,15,True
activity-default,smtlib-qfidl,sep/railroad/RailRoad_neg_0,1,84ec0f7f9b0b9a44411b69c70e9519c5b4360a63,593c9bf673e2fe6a915039f2a62dd198c4a0110d61310ade6ef721ff9e1bd0fa,True,False,,0.123,10000,15,0,0,1,16,1,0,0,0,0,1,1,0,1,0,0,0,0,15,True
baseline,smtlib-qfidl,sep/railroad/RailRoad_neg_0,1,58ae735e7b527a9d5e1050a0111b78f38b8590f0,47e08fddaf216bb294f883b6b2af9c952dcf4681ded7234d34177367e0ed29b1,True,False,,0.106,10000,15,0,0,1,16,1,0,0,0,0,1,1,0,,,,,,15,True
coverage,smtlib-qfidl,sep/railroad/RailRoad_neg_0,1,4ffba2d4eb2d78fdf19b65217ffabb6260f1cb1a,b09267e28b28d569b2a47325fa0d9b89f1a6a1852fcdc6c8ebb6f0f1fdbac42f,True,False,,0.107,10000,15,0,0,1,16,1,0,0,0,0,1,1,0,1,0,,,,15,True
activity-default,smtlib-qfidl,sep/railroad/RailRoad_neg_0,2,84ec0f7f9b0b9a44411b69c70e9519c5b4360a63,593c9bf673e2fe6a915039f2a62dd198c4a0110d61310ade6ef721ff9e1bd0fa,True,False,,0.11,10000,15,0,0,1,16,1,0,0,0,0,1,1,0,1,0,0,0,0,15,True
baseline,smtlib-qfidl,sep/railroad/RailRoad_neg_0,2,58ae735e7b527a9d5e1050a0111b78f38b8590f0,47e08fddaf216bb294f883b6b2af9c952dcf4681ded7234d34177367e0ed29b1,True,False,,0.118,10000,15,0,0,1,16,1,0,0,0,0,1,1,0,,,,,,15,True
coverage,smtlib-qfidl,sep/railroad/RailRoad_neg_0,2,4ffba2d4eb2d78fdf19b65217ffabb6260f1cb1a,b09267e28b28d569b2a47325fa0d9b89f1a6a1852fcdc6c8ebb6f0f1fdbac42f,True,False,,0.112,10000,15,0,0,1,16,1,0,0,0,0,1,1,0,1,0,,,,15,True
activity-default,smtlib-qflia,20180326-Bromberger/more_slacked/CAV_2009_benchmarks/smt/10-vars/v10_problem_2__009.smt2.slack,0,84ec0f7f9b0b9a44411b69c70e9519c5b4360a63,593c9bf673e2fe6a915039f2a62dd198c4a0110d61310ade6ef721ff9e1bd0fa,True,False,,0.384,10000,0,0,0,2,2,0,0,0,0,0,0,0,0,0,0,0,0,0,0,True
baseline,smtlib-qflia,20180326-Bromberger/more_slacked/CAV_2009_benchmarks/smt/10-vars/v10_problem_2__009.smt2.slack,0,58ae735e7b527a9d5e1050a0111b78f38b8590f0,47e08fddaf216bb294f883b6b2af9c952dcf4681ded7234d34177367e0ed29b1,True,False,,0.392,10000,0,0,0,2,2,0,0,0,0,0,0,0,0,,,,,,0,True
coverage,smtlib-qflia,20180326-Bromberger/more_slacked/CAV_2009_benchmarks/smt/10-vars/v10_problem_2__009.smt2.slack,0,4ffba2d4eb2d78fdf19b65217ffabb6260f1cb1a,b09267e28b28d569b2a47325fa0d9b89f1a6a1852fcdc6c8ebb6f0f1fdbac42f,True,False,,0.407,10000,0,0,0,2,2,0,0,0,0,0,0,0,0,0,0,,,,0,True
activity-default,smtlib-qflia,20180326-Bromberger/more_slacked/CAV_2009_benchmarks/smt/10-vars/v10_problem_2__009.smt2.slack,1,84ec0f7f9b0b9a44411b69c70e9519c5b4360a63,593c9bf673e2fe6a915039f2a62dd198c4a0110d61310ade6ef721ff9e1bd0fa,True,False,,0.494,10000,0,0,0,2,2,0,0,0,0,0,0,0,0,0,0,0,0,0,0,True
baseline,smtlib-qflia,20180326-Bromberger/more_slacked/CAV_2009_benchmarks/smt/10-vars/v10_problem_2__009.smt2.slack,1,58ae735e7b527a9d5e1050a0111b78f38b8590f0,47e08fddaf216bb294f883b6b2af9c952dcf4681ded7234d34177367e0ed29b1,True,False,,0.435,10000,0,0,0,2,2,0,0,0,0,0,0,0,0,,,,,,0,True
coverage,smtlib-qflia,20180326-Bromberger/more_slacked/CAV_2009_benchmarks/smt/10-vars/v10_problem_2__009.smt2.slack,1,4ffba2d4eb2d78fdf19b65217ffabb6260f1cb1a,b09267e28b28d569b2a47325fa0d9b89f1a6a1852fcdc6c8ebb6f0f1fdbac42f,True,False,,0.384,10000,0,0,0,2,2,0,0,0,0,0,0,0,0,0,0,,,,0,True
activity-default,smtlib-qflia,20180326-Bromberger/more_slacked/CAV_2009_benchmarks/smt/10-vars/v10_problem_2__009.smt2.slack,2,84ec0f7f9b0b9a44411b69c70e9519c5b4360a63,593c9bf673e2fe6a915039f2a62dd198c4a0110d61310ade6ef721ff9e1bd0fa,True,False,,0.4,10000,0,0,0,2,2,0,0,0,0,0,0,0,0,0,0,0,0,0,0,True
baseline,smtlib-qflia,20180326-Bromberger/more_slacked/CAV_2009_benchmarks/smt/10-vars/v10_problem_2__009.smt2.slack,2,58ae735e7b527a9d5e1050a0111b78f38b8590f0,47e08fddaf216bb294f883b6b2af9c952dcf4681ded7234d34177367e0ed29b1,True,False,,0.438,10000,0,0,0,2,2,0,0,0,0,0,0,0,0,,,,,,0,True
coverage,smtlib-qflia,20180326-Bromberger/more_slacked/CAV_2009_benchmarks/smt/10-vars/v10_problem_2__009.smt2.slack,2,4ffba2d4eb2d78fdf19b65217ffabb6260f1cb1a,b09267e28b28d569b2a47325fa0d9b89f1a6a1852fcdc6c8ebb6f0f1fdbac42f,True,False,,0.482,10000,0,0,0,2,2,0,0,0,0,0,0,0,0,0,0,,,,0,True
activity-default,smtlib-qflia,2019-cmodelsdiff/wireRouting/wire.12.x.12.b.5.a.20_unsat.data,0,84ec0f7f9b0b9a44411b69c70e9519c5b4360a63,593c9bf673e2fe6a915039f2a62dd198c4a0110d61310ade6ef721ff9e1bd0fa,,False,,2.379,10000,0,0,0,0,0,0,0,0,0,0,0,0,0,0,0,0,0,0,0,False
baseline,smtlib-qflia,2019-cmodelsdiff/wireRouting/wire.12.x.12.b.5.a.20_unsat.data,0,58ae735e7b527a9d5e1050a0111b78f38b8590f0,47e08fddaf216bb294f883b6b2af9c952dcf4681ded7234d34177367e0ed29b1,,False,,2.46,10000,0,0,0,0,0,0,0,0,0,0,0,0,0,,,,,,0,False
coverage,smtlib-qflia,2019-cmodelsdiff/wireRouting/wire.12.x.12.b.5.a.20_unsat.data,0,4ffba2d4eb2d78fdf19b65217ffabb6260f1cb1a,b09267e28b28d569b2a47325fa0d9b89f1a6a1852fcdc6c8ebb6f0f1fdbac42f,,False,,2.527,10000,0,0,0,0,0,0,0,0,0,0,0,0,0,0,0,,,,0,False
activity-default,smtlib-qflia,2019-cmodelsdiff/wireRouting/wire.12.x.12.b.5.a.20_unsat.data,1,84ec0f7f9b0b9a44411b69c70e9519c5b4360a63,593c9bf673e2fe6a915039f2a62dd198c4a0110d61310ade6ef721ff9e1bd0fa,,False,,2.501,10000,0,0,0,0,0,0,0,0,0,0,0,0,0,0,0,0,0,0,0,False
baseline,smtlib-qflia,2019-cmodelsdiff/wireRouting/wire.12.x.12.b.5.a.20_unsat.data,1,58ae735e7b527a9d5e1050a0111b78f38b8590f0,47e08fddaf216bb294f883b6b2af9c952dcf4681ded7234d34177367e0ed29b1,,False,,2.419,10000,0,0,0,0,0,0,0,0,0,0,0,0,0,,,,,,0,False
coverage,smtlib-qflia,2019-cmodelsdiff/wireRouting/wire.12.x.12.b.5.a.20_unsat.data,1,4ffba2d4eb2d78fdf19b65217ffabb6260f1cb1a,b09267e28b28d569b2a47325fa0d9b89f1a6a1852fcdc6c8ebb6f0f1fdbac42f,,False,,2.306,10000,0,0,0,0,0,0,0,0,0,0,0,0,0,0,0,,,,0,False
activity-default,smtlib-qflia,2019-cmodelsdiff/wireRouting/wire.12.x.12.b.5.a.20_unsat.data,2,84ec0f7f9b0b9a44411b69c70e9519c5b4360a63,593c9bf673e2fe6a915039f2a62dd198c4a0110d61310ade6ef721ff9e1bd0fa,,False,,2.456,10000,0,0,0,0,0,0,0,0,0,0,0,0,0,0,0,0,0,0,0,False
baseline,smtlib-qflia,2019-cmodelsdiff/wireRouting/wire.12.x.12.b.5.a.20_unsat.data,2,58ae735e7b527a9d5e1050a0111b78f38b8590f0,47e08fddaf216bb294f883b6b2af9c952dcf4681ded7234d34177367e0ed29b1,,False,,2.31,10000,0,0,0,0,0,0,0,0,0,0,0,0,0,,,,,,0,False
coverage,smtlib-qflia,2019-cmodelsdiff/wireRouting/wire.12.x.12.b.5.a.20_unsat.data,2,4ffba2d4eb2d78fdf19b65217ffabb6260f1cb1a,b09267e28b28d569b2a47325fa0d9b89f1a6a1852fcdc6c8ebb6f0f1fdbac42f,,False,,2.662,10000,0,0,0,0,0,0,0,0,0,0,0,0,0,0,0,,,,0,False
activity-default,smtlib-qflia,2019-ezsmt/incrementalScheduling/214-incremental_scheduling-27000-0,0,84ec0f7f9b0b9a44411b69c70e9519c5b4360a63,593c9bf673e2fe6a915039f2a62dd198c4a0110d61310ade6ef721ff9e1bd0fa,,False,,9.679,10000,0,0,0,0,0,0,0,0,0,0,0,0,0,0,0,0,0,0,0,False
baseline,smtlib-qflia,2019-ezsmt/incrementalScheduling/214-incremental_scheduling-27000-0,0,58ae735e7b527a9d5e1050a0111b78f38b8590f0,47e08fddaf216bb294f883b6b2af9c952dcf4681ded7234d34177367e0ed29b1,,False,,9.699,10000,0,0,0,0,0,0,0,0,0,0,0,0,0,,,,,,0,False
coverage,smtlib-qflia,2019-ezsmt/incrementalScheduling/214-incremental_scheduling-27000-0,0,4ffba2d4eb2d78fdf19b65217ffabb6260f1cb1a,b09267e28b28d569b2a47325fa0d9b89f1a6a1852fcdc6c8ebb6f0f1fdbac42f,,False,,9.689,10000,0,0,0,0,0,0,0,0,0,0,0,0,0,0,0,,,,0,False
activity-default,smtlib-qflia,2019-ezsmt/incrementalScheduling/214-incremental_scheduling-27000-0,1,84ec0f7f9b0b9a44411b69c70e9519c5b4360a63,593c9bf673e2fe6a915039f2a62dd198c4a0110d61310ade6ef721ff9e1bd0fa,,False,,9.683,10000,0,0,0,0,0,0,0,0,0,0,0,0,0,0,0,0,0,0,0,False
baseline,smtlib-qflia,2019-ezsmt/incrementalScheduling/214-incremental_scheduling-27000-0,1,58ae735e7b527a9d5e1050a0111b78f38b8590f0,47e08fddaf216bb294f883b6b2af9c952dcf4681ded7234d34177367e0ed29b1,,False,,9.708,10000,0,0,0,0,0,0,0,0,0,0,0,0,0,,,,,,0,False
coverage,smtlib-qflia,2019-ezsmt/incrementalScheduling/214-incremental_scheduling-27000-0,1,4ffba2d4eb2d78fdf19b65217ffabb6260f1cb1a,b09267e28b28d569b2a47325fa0d9b89f1a6a1852fcdc6c8ebb6f0f1fdbac42f,,False,,9.698,10000,0,0,0,0,0,0,0,0,0,0,0,0,0,0,0,,,,0,False
activity-default,smtlib-qflia,2019-ezsmt/incrementalScheduling/214-incremental_scheduling-27000-0,2,84ec0f7f9b0b9a44411b69c70e9519c5b4360a63,593c9bf673e2fe6a915039f2a62dd198c4a0110d61310ade6ef721ff9e1bd0fa,,False,,9.671,10000,0,0,0,0,0,0,0,0,0,0,0,0,0,0,0,0,0,0,0,False
baseline,smtlib-qflia,2019-ezsmt/incrementalScheduling/214-incremental_scheduling-27000-0,2,58ae735e7b527a9d5e1050a0111b78f38b8590f0,47e08fddaf216bb294f883b6b2af9c952dcf4681ded7234d34177367e0ed29b1,,False,,9.662,10000,0,0,0,0,0,0,0,0,0,0,0,0,0,,,,,,0,False
coverage,smtlib-qflia,2019-ezsmt/incrementalScheduling/214-incremental_scheduling-27000-0,2,4ffba2d4eb2d78fdf19b65217ffabb6260f1cb1a,b09267e28b28d569b2a47325fa0d9b89f1a6a1852fcdc6c8ebb6f0f1fdbac42f,,False,,9.698,10000,0,0,0,0,0,0,0,0,0,0,0,0,0,0,0,,,,0,False
activity-default,smtlib-qflia,20210219-Dartagnan/ConcurrencySafety-Main/stack-2-O0,0,84ec0f7f9b0b9a44411b69c70e9519c5b4360a63,593c9bf673e2fe6a915039f2a62dd198c4a0110d61310ade6ef721ff9e1bd0fa,,False,,10.129,10000,0,0,0,0,0,0,0,0,0,0,0,0,0,0,0,0,0,0,0,False
baseline,smtlib-qflia,20210219-Dartagnan/ConcurrencySafety-Main/stack-2-O0,0,58ae735e7b527a9d5e1050a0111b78f38b8590f0,47e08fddaf216bb294f883b6b2af9c952dcf4681ded7234d34177367e0ed29b1,,False,,9.714,10000,0,0,0,0,0,0,0,0,0,0,0,0,0,,,,,,0,False
coverage,smtlib-qflia,20210219-Dartagnan/ConcurrencySafety-Main/stack-2-O0,0,4ffba2d4eb2d78fdf19b65217ffabb6260f1cb1a,b09267e28b28d569b2a47325fa0d9b89f1a6a1852fcdc6c8ebb6f0f1fdbac42f,,False,,10.002,10000,0,0,0,0,0,0,0,0,0,0,0,0,0,0,0,,,,0,False
activity-default,smtlib-qflia,20210219-Dartagnan/ConcurrencySafety-Main/stack-2-O0,1,84ec0f7f9b0b9a44411b69c70e9519c5b4360a63,593c9bf673e2fe6a915039f2a62dd198c4a0110d61310ade6ef721ff9e1bd0fa,,False,,9.434,10000,0,0,0,0,0,0,0,0,0,0,0,0,0,0,0,0,0,0,0,False
baseline,smtlib-qflia,20210219-Dartagnan/ConcurrencySafety-Main/stack-2-O0,1,58ae735e7b527a9d5e1050a0111b78f38b8590f0,47e08fddaf216bb294f883b6b2af9c952dcf4681ded7234d34177367e0ed29b1,,False,,9.611,10000,0,0,0,0,0,0,0,0,0,0,0,0,0,,,,,,0,False
coverage,smtlib-qflia,20210219-Dartagnan/ConcurrencySafety-Main/stack-2-O0,1,4ffba2d4eb2d78fdf19b65217ffabb6260f1cb1a,b09267e28b28d569b2a47325fa0d9b89f1a6a1852fcdc6c8ebb6f0f1fdbac42f,,False,,10.067,10000,0,0,0,0,0,0,0,0,0,0,0,0,0,0,0,,,,0,False
activity-default,smtlib-qflia,20210219-Dartagnan/ConcurrencySafety-Main/stack-2-O0,2,84ec0f7f9b0b9a44411b69c70e9519c5b4360a63,593c9bf673e2fe6a915039f2a62dd198c4a0110d61310ade6ef721ff9e1bd0fa,,False,,9.495,10000,0,0,0,0,0,0,0,0,0,0,0,0,0,0,0,0,0,0,0,False
baseline,smtlib-qflia,20210219-Dartagnan/ConcurrencySafety-Main/stack-2-O0,2,58ae735e7b527a9d5e1050a0111b78f38b8590f0,47e08fddaf216bb294f883b6b2af9c952dcf4681ded7234d34177367e0ed29b1,,False,,9.283,10000,0,0,0,0,0,0,0,0,0,0,0,0,0,,,,,,0,False
coverage,smtlib-qflia,20210219-Dartagnan/ConcurrencySafety-Main/stack-2-O0,2,4ffba2d4eb2d78fdf19b65217ffabb6260f1cb1a,b09267e28b28d569b2a47325fa0d9b89f1a6a1852fcdc6c8ebb6f0f1fdbac42f,,False,,9.363,10000,0,0,0,0,0,0,0,0,0,0,0,0,0,0,0,,,,0,False
activity-default,smtlib-qflia,20220307-SMPT/RobotManipulation-PT-10000/RF-11,0,84ec0f7f9b0b9a44411b69c70e9519c5b4360a63,593c9bf673e2fe6a915039f2a62dd198c4a0110d61310ade6ef721ff9e1bd0fa,False,True,,0.17,10000,0,0,0,0,0,0,0,0,0,0,0,0,0,0,0,0,0,0,0,True
baseline,smtlib-qflia,20220307-SMPT/RobotManipulation-PT-10000/RF-11,0,58ae735e7b527a9d5e1050a0111b78f38b8590f0,47e08fddaf216bb294f883b6b2af9c952dcf4681ded7234d34177367e0ed29b1,False,True,,0.16,10000,0,0,0,0,0,0,0,0,0,0,0,0,0,,,,,,0,True
coverage,smtlib-qflia,20220307-SMPT/RobotManipulation-PT-10000/RF-11,0,4ffba2d4eb2d78fdf19b65217ffabb6260f1cb1a,b09267e28b28d569b2a47325fa0d9b89f1a6a1852fcdc6c8ebb6f0f1fdbac42f,False,True,,0.178,10000,0,0,0,0,0,0,0,0,0,0,0,0,0,0,0,,,,0,True
activity-default,smtlib-qflia,20220307-SMPT/RobotManipulation-PT-10000/RF-11,1,84ec0f7f9b0b9a44411b69c70e9519c5b4360a63,593c9bf673e2fe6a915039f2a62dd198c4a0110d61310ade6ef721ff9e1bd0fa,False,True,,0.145,10000,0,0,0,0,0,0,0,0,0,0,0,0,0,0,0,0,0,0,0,True
baseline,smtlib-qflia,20220307-SMPT/RobotManipulation-PT-10000/RF-11,1,58ae735e7b527a9d5e1050a0111b78f38b8590f0,47e08fddaf216bb294f883b6b2af9c952dcf4681ded7234d34177367e0ed29b1,False,True,,0.162,10000,0,0,0,0,0,0,0,0,0,0,0,0,0,,,,,,0,True
coverage,smtlib-qflia,20220307-SMPT/RobotManipulation-PT-10000/RF-11,1,4ffba2d4eb2d78fdf19b65217ffabb6260f1cb1a,b09267e28b28d569b2a47325fa0d9b89f1a6a1852fcdc6c8ebb6f0f1fdbac42f,False,True,,0.148,10000,0,0,0,0,0,0,0,0,0,0,0,0,0,0,0,,,,0,True
activity-default,smtlib-qflia,20220307-SMPT/RobotManipulation-PT-10000/RF-11,2,84ec0f7f9b0b9a44411b69c70e9519c5b4360a63,593c9bf673e2fe6a915039f2a62dd198c4a0110d61310ade6ef721ff9e1bd0fa,False,True,,0.166,10000,0,0,0,0,0,0,0,0,0,0,0,0,0,0,0,0,0,0,0,True
baseline,smtlib-qflia,20220307-SMPT/RobotManipulation-PT-10000/RF-11,2,58ae735e7b527a9d5e1050a0111b78f38b8590f0,47e08fddaf216bb294f883b6b2af9c952dcf4681ded7234d34177367e0ed29b1,False,True,,0.142,10000,0,0,0,0,0,0,0,0,0,0,0,0,0,,,,,,0,True
coverage,smtlib-qflia,20220307-SMPT/RobotManipulation-PT-10000/RF-11,2,4ffba2d4eb2d78fdf19b65217ffabb6260f1cb1a,b09267e28b28d569b2a47325fa0d9b89f1a6a1852fcdc6c8ebb6f0f1fdbac42f,False,True,,0.163,10000,0,0,0,0,0,0,0,0,0,0,0,0,0,0,0,,,,0,True
activity-default,smtlib-qflia,20230321-UltimateAutomizerSvcomp2023/jain_5-2.c_7,0,84ec0f7f9b0b9a44411b69c70e9519c5b4360a63,593c9bf673e2fe6a915039f2a62dd198c4a0110d61310ade6ef721ff9e1bd0fa,True,False,,0.193,10000,0,0,0,2,2,0,0,0,0,0,0,0,0,0,0,0,0,0,0,True
baseline,smtlib-qflia,20230321-UltimateAutomizerSvcomp2023/jain_5-2.c_7,0,58ae735e7b527a9d5e1050a0111b78f38b8590f0,47e08fddaf216bb294f883b6b2af9c952dcf4681ded7234d34177367e0ed29b1,True,False,,0.207,10000,0,0,0,2,2,0,0,0,0,0,0,0,0,,,,,,0,True
coverage,smtlib-qflia,20230321-UltimateAutomizerSvcomp2023/jain_5-2.c_7,0,4ffba2d4eb2d78fdf19b65217ffabb6260f1cb1a,b09267e28b28d569b2a47325fa0d9b89f1a6a1852fcdc6c8ebb6f0f1fdbac42f,True,False,,0.247,10000,0,0,0,2,2,0,0,0,0,0,0,0,0,0,0,,,,0,True
activity-default,smtlib-qflia,20230321-UltimateAutomizerSvcomp2023/jain_5-2.c_7,1,84ec0f7f9b0b9a44411b69c70e9519c5b4360a63,593c9bf673e2fe6a915039f2a62dd198c4a0110d61310ade6ef721ff9e1bd0fa,True,False,,0.211,10000,0,0,0,2,2,0,0,0,0,0,0,0,0,0,0,0,0,0,0,True
baseline,smtlib-qflia,20230321-UltimateAutomizerSvcomp2023/jain_5-2.c_7,1,58ae735e7b527a9d5e1050a0111b78f38b8590f0,47e08fddaf216bb294f883b6b2af9c952dcf4681ded7234d34177367e0ed29b1,True,False,,0.188,10000,0,0,0,2,2,0,0,0,0,0,0,0,0,,,,,,0,True
coverage,smtlib-qflia,20230321-UltimateAutomizerSvcomp2023/jain_5-2.c_7,1,4ffba2d4eb2d78fdf19b65217ffabb6260f1cb1a,b09267e28b28d569b2a47325fa0d9b89f1a6a1852fcdc6c8ebb6f0f1fdbac42f,True,False,,0.204,10000,0,0,0,2,2,0,0,0,0,0,0,0,0,0,0,,,,0,True
activity-default,smtlib-qflia,20230321-UltimateAutomizerSvcomp2023/jain_5-2.c_7,2,84ec0f7f9b0b9a44411b69c70e9519c5b4360a63,593c9bf673e2fe6a915039f2a62dd198c4a0110d61310ade6ef721ff9e1bd0fa,True,False,,0.203,10000,0,0,0,2,2,0,0,0,0,0,0,0,0,0,0,0,0,0,0,True
baseline,smtlib-qflia,20230321-UltimateAutomizerSvcomp2023/jain_5-2.c_7,2,58ae735e7b527a9d5e1050a0111b78f38b8590f0,47e08fddaf216bb294f883b6b2af9c952dcf4681ded7234d34177367e0ed29b1,True,False,,0.218,10000,0,0,0,2,2,0,0,0,0,0,0,0,0,,,,,,0,True
coverage,smtlib-qflia,20230321-UltimateAutomizerSvcomp2023/jain_5-2.c_7,2,4ffba2d4eb2d78fdf19b65217ffabb6260f1cb1a,b09267e28b28d569b2a47325fa0d9b89f1a6a1852fcdc6c8ebb6f0f1fdbac42f,True,False,,0.214,10000,0,0,0,2,2,0,0,0,0,0,0,0,0,0,0,,,,0,True
activity-default,smtlib-qflia,20231117-c_inference/50_50_74_13_sat,0,84ec0f7f9b0b9a44411b69c70e9519c5b4360a63,593c9bf673e2fe6a915039f2a62dd198c4a0110d61310ade6ef721ff9e1bd0fa,,False,,9.875,10000,81,0,0,102,183,5,0,0,0,0,5,5,0,5,0,0,0,0,81,False
baseline,smtlib-qflia,20231117-c_inference/50_50_74_13_sat,0,58ae735e7b527a9d5e1050a0111b78f38b8590f0,47e08fddaf216bb294f883b6b2af9c952dcf4681ded7234d34177367e0ed29b1,,False,,9.833,10000,80,0,0,101,181,5,0,0,0,0,5,5,0,,,,,,80,False
coverage,smtlib-qflia,20231117-c_inference/50_50_74_13_sat,0,4ffba2d4eb2d78fdf19b65217ffabb6260f1cb1a,b09267e28b28d569b2a47325fa0d9b89f1a6a1852fcdc6c8ebb6f0f1fdbac42f,,False,,9.859,10000,83,0,0,104,187,5,0,0,0,0,5,5,0,5,0,,,,83,False
activity-default,smtlib-qflia,20231117-c_inference/50_50_74_13_sat,1,84ec0f7f9b0b9a44411b69c70e9519c5b4360a63,593c9bf673e2fe6a915039f2a62dd198c4a0110d61310ade6ef721ff9e1bd0fa,,False,,9.808,10000,82,0,0,103,185,5,0,0,0,0,5,5,0,5,0,0,0,0,82,False
baseline,smtlib-qflia,20231117-c_inference/50_50_74_13_sat,1,58ae735e7b527a9d5e1050a0111b78f38b8590f0,47e08fddaf216bb294f883b6b2af9c952dcf4681ded7234d34177367e0ed29b1,,False,,9.847,10000,80,0,0,100,180,5,0,0,0,0,5,5,0,,,,,,80,False
coverage,smtlib-qflia,20231117-c_inference/50_50_74_13_sat,1,4ffba2d4eb2d78fdf19b65217ffabb6260f1cb1a,b09267e28b28d569b2a47325fa0d9b89f1a6a1852fcdc6c8ebb6f0f1fdbac42f,,False,,9.856,10000,77,0,0,98,175,5,0,0,0,0,5,5,0,5,0,,,,77,False
activity-default,smtlib-qflia,20231117-c_inference/50_50_74_13_sat,2,84ec0f7f9b0b9a44411b69c70e9519c5b4360a63,593c9bf673e2fe6a915039f2a62dd198c4a0110d61310ade6ef721ff9e1bd0fa,,False,,9.866,10000,78,0,0,99,177,5,0,0,0,0,5,5,0,5,0,0,0,0,78,False
baseline,smtlib-qflia,20231117-c_inference/50_50_74_13_sat,2,58ae735e7b527a9d5e1050a0111b78f38b8590f0,47e08fddaf216bb294f883b6b2af9c952dcf4681ded7234d34177367e0ed29b1,,False,,9.867,10000,80,0,0,100,180,5,0,0,0,0,5,5,0,,,,,,80,False
coverage,smtlib-qflia,20231117-c_inference/50_50_74_13_sat,2,4ffba2d4eb2d78fdf19b65217ffabb6260f1cb1a,b09267e28b28d569b2a47325fa0d9b89f1a6a1852fcdc6c8ebb6f0f1fdbac42f,,False,,9.846,10000,79,0,0,100,179,5,0,0,0,0,5,5,0,5,0,,,,79,False
activity-default,smtlib-qflia,Averest/parallel_prefix_sum/ParallelPrefixSum_safe_blmc003,0,84ec0f7f9b0b9a44411b69c70e9519c5b4360a63,593c9bf673e2fe6a915039f2a62dd198c4a0110d61310ade6ef721ff9e1bd0fa,,False,,9.653,10000,77,0,0,84,161,3,0,0,0,0,3,3,0,3,0,0,0,0,77,False
baseline,smtlib-qflia,Averest/parallel_prefix_sum/ParallelPrefixSum_safe_blmc003,0,58ae735e7b527a9d5e1050a0111b78f38b8590f0,47e08fddaf216bb294f883b6b2af9c952dcf4681ded7234d34177367e0ed29b1,,False,,9.683,10000,81,0,0,87,168,3,0,0,0,0,3,3,0,,,,,,81,False
coverage,smtlib-qflia,Averest/parallel_prefix_sum/ParallelPrefixSum_safe_blmc003,0,4ffba2d4eb2d78fdf19b65217ffabb6260f1cb1a,b09267e28b28d569b2a47325fa0d9b89f1a6a1852fcdc6c8ebb6f0f1fdbac42f,,False,,9.772,10000,82,0,0,88,170,3,0,0,0,0,3,3,0,3,0,,,,82,False
activity-default,smtlib-qflia,Averest/parallel_prefix_sum/ParallelPrefixSum_safe_blmc003,1,84ec0f7f9b0b9a44411b69c70e9519c5b4360a63,593c9bf673e2fe6a915039f2a62dd198c4a0110d61310ade6ef721ff9e1bd0fa,,False,,9.747,10000,83,0,0,90,173,3,0,0,0,0,3,3,0,3,0,0,0,0,83,False
baseline,smtlib-qflia,Averest/parallel_prefix_sum/ParallelPrefixSum_safe_blmc003,1,58ae735e7b527a9d5e1050a0111b78f38b8590f0,47e08fddaf216bb294f883b6b2af9c952dcf4681ded7234d34177367e0ed29b1,,False,,9.762,10000,82,0,0,88,170,3,0,0,0,0,3,3,0,,,,,,82,False
coverage,smtlib-qflia,Averest/parallel_prefix_sum/ParallelPrefixSum_safe_blmc003,1,4ffba2d4eb2d78fdf19b65217ffabb6260f1cb1a,b09267e28b28d569b2a47325fa0d9b89f1a6a1852fcdc6c8ebb6f0f1fdbac42f,,False,,9.675,10000,80,0,0,86,166,3,0,0,0,0,3,3,0,3,0,,,,80,False
activity-default,smtlib-qflia,Averest/parallel_prefix_sum/ParallelPrefixSum_safe_blmc003,2,84ec0f7f9b0b9a44411b69c70e9519c5b4360a63,593c9bf673e2fe6a915039f2a62dd198c4a0110d61310ade6ef721ff9e1bd0fa,,False,,9.765,10000,82,0,0,88,170,3,0,0,0,0,3,3,0,3,0,0,0,0,82,False
baseline,smtlib-qflia,Averest/parallel_prefix_sum/ParallelPrefixSum_safe_blmc003,2,58ae735e7b527a9d5e1050a0111b78f38b8590f0,47e08fddaf216bb294f883b6b2af9c952dcf4681ded7234d34177367e0ed29b1,,False,,9.724,10000,80,0,0,86,166,3,0,0,0,0,3,3,0,,,,,,80,False
coverage,smtlib-qflia,Averest/parallel_prefix_sum/ParallelPrefixSum_safe_blmc003,2,4ffba2d4eb2d78fdf19b65217ffabb6260f1cb1a,b09267e28b28d569b2a47325fa0d9b89f1a6a1852fcdc6c8ebb6f0f1fdbac42f,,False,,9.758,10000,81,0,0,88,169,3,0,0,0,0,3,3,0,3,0,,,,81,False
activity-default,smtlib-qflia,CAV_2009_benchmarks/smt/10-vars/problem_2__030,0,84ec0f7f9b0b9a44411b69c70e9519c5b4360a63,593c9bf673e2fe6a915039f2a62dd198c4a0110d61310ade6ef721ff9e1bd0fa,False,True,,0.145,10000,,,,,,,,,,,,,,,,,,,0,True
baseline,smtlib-qflia,CAV_2009_benchmarks/smt/10-vars/problem_2__030,0,58ae735e7b527a9d5e1050a0111b78f38b8590f0,47e08fddaf216bb294f883b6b2af9c952dcf4681ded7234d34177367e0ed29b1,False,True,,0.142,10000,,,,,,,,,,,,,,,,,,,0,True
coverage,smtlib-qflia,CAV_2009_benchmarks/smt/10-vars/problem_2__030,0,4ffba2d4eb2d78fdf19b65217ffabb6260f1cb1a,b09267e28b28d569b2a47325fa0d9b89f1a6a1852fcdc6c8ebb6f0f1fdbac42f,False,True,,0.131,10000,,,,,,,,,,,,,,,,,,,0,True
activity-default,smtlib-qflia,CAV_2009_benchmarks/smt/10-vars/problem_2__030,1,84ec0f7f9b0b9a44411b69c70e9519c5b4360a63,593c9bf673e2fe6a915039f2a62dd198c4a0110d61310ade6ef721ff9e1bd0fa,False,True,,0.144,10000,,,,,,,,,,,,,,,,,,,0,True
baseline,smtlib-qflia,CAV_2009_benchmarks/smt/10-vars/problem_2__030,1,58ae735e7b527a9d5e1050a0111b78f38b8590f0,47e08fddaf216bb294f883b6b2af9c952dcf4681ded7234d34177367e0ed29b1,False,True,,0.13,10000,,,,,,,,,,,,,,,,,,,0,True
coverage,smtlib-qflia,CAV_2009_benchmarks/smt/10-vars/problem_2__030,1,4ffba2d4eb2d78fdf19b65217ffabb6260f1cb1a,b09267e28b28d569b2a47325fa0d9b89f1a6a1852fcdc6c8ebb6f0f1fdbac42f,False,True,,0.148,10000,,,,,,,,,,,,,,,,,,,0,True
activity-default,smtlib-qflia,CAV_2009_benchmarks/smt/10-vars/problem_2__030,2,84ec0f7f9b0b9a44411b69c70e9519c5b4360a63,593c9bf673e2fe6a915039f2a62dd198c4a0110d61310ade6ef721ff9e1bd0fa,False,True,,0.141,10000,,,,,,,,,,,,,,,,,,,0,True
baseline,smtlib-qflia,CAV_2009_benchmarks/smt/10-vars/problem_2__030,2,58ae735e7b527a9d5e1050a0111b78f38b8590f0,47e08fddaf216bb294f883b6b2af9c952dcf4681ded7234d34177367e0ed29b1,False,True,,0.15,10000,,,,,,,,,,,,,,,,,,,0,True
coverage,smtlib-qflia,CAV_2009_benchmarks/smt/10-vars/problem_2__030,2,4ffba2d4eb2d78fdf19b65217ffabb6260f1cb1a,b09267e28b28d569b2a47325fa0d9b89f1a6a1852fcdc6c8ebb6f0f1fdbac42f,False,True,,0.144,10000,,,,,,,,,,,,,,,,,,,0,True
activity-default,smtlib-qflia,CIRC/multiplier/MULTIPLIER_10.msat,0,84ec0f7f9b0b9a44411b69c70e9519c5b4360a63,593c9bf673e2fe6a915039f2a62dd198c4a0110d61310ade6ef721ff9e1bd0fa,,False,,8.12,10000,0,0,0,0,0,0,0,0,0,0,0,0,0,0,0,0,0,0,0,False
baseline,smtlib-qflia,CIRC/multiplier/MULTIPLIER_10.msat,0,58ae735e7b527a9d5e1050a0111b78f38b8590f0,47e08fddaf216bb294f883b6b2af9c952dcf4681ded7234d34177367e0ed29b1,,False,,8.064,10000,0,0,0,0,0,0,0,0,0,0,0,0,0,,,,,,0,False
coverage,smtlib-qflia,CIRC/multiplier/MULTIPLIER_10.msat,0,4ffba2d4eb2d78fdf19b65217ffabb6260f1cb1a,b09267e28b28d569b2a47325fa0d9b89f1a6a1852fcdc6c8ebb6f0f1fdbac42f,,False,,8.24,10000,0,0,0,0,0,0,0,0,0,0,0,0,0,0,0,,,,0,False
activity-default,smtlib-qflia,CIRC/multiplier/MULTIPLIER_10.msat,1,84ec0f7f9b0b9a44411b69c70e9519c5b4360a63,593c9bf673e2fe6a915039f2a62dd198c4a0110d61310ade6ef721ff9e1bd0fa,,False,,8.249,10000,0,0,0,0,0,0,0,0,0,0,0,0,0,0,0,0,0,0,0,False
baseline,smtlib-qflia,CIRC/multiplier/MULTIPLIER_10.msat,1,58ae735e7b527a9d5e1050a0111b78f38b8590f0,47e08fddaf216bb294f883b6b2af9c952dcf4681ded7234d34177367e0ed29b1,,False,,8.223,10000,0,0,0,0,0,0,0,0,0,0,0,0,0,,,,,,0,False
coverage,smtlib-qflia,CIRC/multiplier/MULTIPLIER_10.msat,1,4ffba2d4eb2d78fdf19b65217ffabb6260f1cb1a,b09267e28b28d569b2a47325fa0d9b89f1a6a1852fcdc6c8ebb6f0f1fdbac42f,,False,,8.329,10000,0,0,0,0,0,0,0,0,0,0,0,0,0,0,0,,,,0,False
activity-default,smtlib-qflia,CIRC/multiplier/MULTIPLIER_10.msat,2,84ec0f7f9b0b9a44411b69c70e9519c5b4360a63,593c9bf673e2fe6a915039f2a62dd198c4a0110d61310ade6ef721ff9e1bd0fa,,False,,8.329,10000,0,0,0,0,0,0,0,0,0,0,0,0,0,0,0,0,0,0,0,False
baseline,smtlib-qflia,CIRC/multiplier/MULTIPLIER_10.msat,2,58ae735e7b527a9d5e1050a0111b78f38b8590f0,47e08fddaf216bb294f883b6b2af9c952dcf4681ded7234d34177367e0ed29b1,,False,,8.367,10000,0,0,0,0,0,0,0,0,0,0,0,0,0,,,,,,0,False
coverage,smtlib-qflia,CIRC/multiplier/MULTIPLIER_10.msat,2,4ffba2d4eb2d78fdf19b65217ffabb6260f1cb1a,b09267e28b28d569b2a47325fa0d9b89f1a6a1852fcdc6c8ebb6f0f1fdbac42f,,False,,8.301,10000,0,0,0,0,0,0,0,0,0,0,0,0,0,0,0,,,,0,False
activity-default,smtlib-qflia,RTCL/b04_tf_20/ckt_PROP0_tf_20,0,84ec0f7f9b0b9a44411b69c70e9519c5b4360a63,593c9bf673e2fe6a915039f2a62dd198c4a0110d61310ade6ef721ff9e1bd0fa,,False,,9.929,10000,400,0,0,372,772,5,0,0,0,0,5,5,0,5,0,0,0,0,400,False
baseline,smtlib-qflia,RTCL/b04_tf_20/ckt_PROP0_tf_20,0,58ae735e7b527a9d5e1050a0111b78f38b8590f0,47e08fddaf216bb294f883b6b2af9c952dcf4681ded7234d34177367e0ed29b1,,False,,9.923,10000,406,0,0,378,784,5,0,0,0,0,5,5,0,,,,,,406,False
coverage,smtlib-qflia,RTCL/b04_tf_20/ckt_PROP0_tf_20,0,4ffba2d4eb2d78fdf19b65217ffabb6260f1cb1a,b09267e28b28d569b2a47325fa0d9b89f1a6a1852fcdc6c8ebb6f0f1fdbac42f,,False,,9.924,10000,395,0,0,368,763,6,0,0,0,0,6,6,0,6,0,,,,395,False
activity-default,smtlib-qflia,RTCL/b04_tf_20/ckt_PROP0_tf_20,1,84ec0f7f9b0b9a44411b69c70e9519c5b4360a63,593c9bf673e2fe6a915039f2a62dd198c4a0110d61310ade6ef721ff9e1bd0fa,,False,,9.912,10000,406,0,0,378,784,5,0,0,0,0,5,5,0,5,0,0,0,0,406,False
baseline,smtlib-qflia,RTCL/b04_tf_20/ckt_PROP0_tf_20,1,58ae735e7b527a9d5e1050a0111b78f38b8590f0,47e08fddaf216bb294f883b6b2af9c952dcf4681ded7234d34177367e0ed29b1,,False,,9.909,10000,403,0,0,376,779,5,0,0,0,0,5,5,0,,,,,,403,False
coverage,smtlib-qflia,RTCL/b04_tf_20/ckt_PROP0_tf_20,1,4ffba2d4eb2d78fdf19b65217ffabb6260f1cb1a,b09267e28b28d569b2a47325fa0d9b89f1a6a1852fcdc6c8ebb6f0f1fdbac42f,,False,,9.916,10000,399,0,0,372,771,5,0,0,0,0,5,5,0,5,0,,,,399,False
activity-default,smtlib-qflia,RTCL/b04_tf_20/ckt_PROP0_tf_20,2,84ec0f7f9b0b9a44411b69c70e9519c5b4360a63,593c9bf673e2fe6a915039f2a62dd198c4a0110d61310ade6ef721ff9e1bd0fa,,False,,9.946,10000,412,0,0,384,796,5,0,0,0,0,5,5,0,5,0,0,0,0,412,False
baseline,smtlib-qflia,RTCL/b04_tf_20/ckt_PROP0_tf_20,2,58ae735e7b527a9d5e1050a0111b78f38b8590f0,47e08fddaf216bb294f883b6b2af9c952dcf4681ded7234d34177367e0ed29b1,,False,,9.949,10000,410,0,0,383,793,6,0,0,0,0,6,6,0,,,,,,410,False
coverage,smtlib-qflia,RTCL/b04_tf_20/ckt_PROP0_tf_20,2,4ffba2d4eb2d78fdf19b65217ffabb6260f1cb1a,b09267e28b28d569b2a47325fa0d9b89f1a6a1852fcdc6c8ebb6f0f1fdbac42f,,False,,9.939,10000,399,0,0,369,768,5,0,0,0,0,5,5,0,5,0,,,,399,False
activity-default,smtlib-qflia,RWS/Example_2.txt,0,84ec0f7f9b0b9a44411b69c70e9519c5b4360a63,593c9bf673e2fe6a915039f2a62dd198c4a0110d61310ade6ef721ff9e1bd0fa,True,False,,2.029,10000,0,0,0,0,0,0,0,0,0,0,0,0,0,0,0,0,0,0,0,True
baseline,smtlib-qflia,RWS/Example_2.txt,0,58ae735e7b527a9d5e1050a0111b78f38b8590f0,47e08fddaf216bb294f883b6b2af9c952dcf4681ded7234d34177367e0ed29b1,True,False,,1.887,10000,0,0,0,0,0,0,0,0,0,0,0,0,0,,,,,,0,True
coverage,smtlib-qflia,RWS/Example_2.txt,0,4ffba2d4eb2d78fdf19b65217ffabb6260f1cb1a,b09267e28b28d569b2a47325fa0d9b89f1a6a1852fcdc6c8ebb6f0f1fdbac42f,True,False,,1.839,10000,0,0,0,0,0,0,0,0,0,0,0,0,0,0,0,,,,0,True
activity-default,smtlib-qflia,RWS/Example_2.txt,1,84ec0f7f9b0b9a44411b69c70e9519c5b4360a63,593c9bf673e2fe6a915039f2a62dd198c4a0110d61310ade6ef721ff9e1bd0fa,True,False,,1.963,10000,0,0,0,0,0,0,0,0,0,0,0,0,0,0,0,0,0,0,0,True
baseline,smtlib-qflia,RWS/Example_2.txt,1,58ae735e7b527a9d5e1050a0111b78f38b8590f0,47e08fddaf216bb294f883b6b2af9c952dcf4681ded7234d34177367e0ed29b1,True,False,,2.123,10000,0,0,0,0,0,0,0,0,0,0,0,0,0,,,,,,0,True
coverage,smtlib-qflia,RWS/Example_2.txt,1,4ffba2d4eb2d78fdf19b65217ffabb6260f1cb1a,b09267e28b28d569b2a47325fa0d9b89f1a6a1852fcdc6c8ebb6f0f1fdbac42f,True,False,,2.09,10000,0,0,0,0,0,0,0,0,0,0,0,0,0,0,0,,,,0,True
activity-default,smtlib-qflia,RWS/Example_2.txt,2,84ec0f7f9b0b9a44411b69c70e9519c5b4360a63,593c9bf673e2fe6a915039f2a62dd198c4a0110d61310ade6ef721ff9e1bd0fa,True,False,,1.939,10000,0,0,0,0,0,0,0,0,0,0,0,0,0,0,0,0,0,0,0,True
baseline,smtlib-qflia,RWS/Example_2.txt,2,58ae735e7b527a9d5e1050a0111b78f38b8590f0,47e08fddaf216bb294f883b6b2af9c952dcf4681ded7234d34177367e0ed29b1,True,False,,1.89,10000,0,0,0,0,0,0,0,0,0,0,0,0,0,,,,,,0,True
coverage,smtlib-qflia,RWS/Example_2.txt,2,4ffba2d4eb2d78fdf19b65217ffabb6260f1cb1a,b09267e28b28d569b2a47325fa0d9b89f1a6a1852fcdc6c8ebb6f0f1fdbac42f,True,False,,2.131,10000,0,0,0,0,0,0,0,0,0,0,0,0,0,0,0,,,,0,True
activity-default,smtlib-qflia,arctic-matrix/constraint-1228327,0,84ec0f7f9b0b9a44411b69c70e9519c5b4360a63,593c9bf673e2fe6a915039f2a62dd198c4a0110d61310ade6ef721ff9e1bd0fa,,False,,9.563,10000,55,0,0,55,110,0,0,0,0,0,0,0,0,0,0,0,0,0,55,False
baseline,smtlib-qflia,arctic-matrix/constraint-1228327,0,58ae735e7b527a9d5e1050a0111b78f38b8590f0,47e08fddaf216bb294f883b6b2af9c952dcf4681ded7234d34177367e0ed29b1,,False,,9.31,10000,52,0,0,52,104,0,0,0,0,0,0,0,0,,,,,,52,False
coverage,smtlib-qflia,arctic-matrix/constraint-1228327,0,4ffba2d4eb2d78fdf19b65217ffabb6260f1cb1a,b09267e28b28d569b2a47325fa0d9b89f1a6a1852fcdc6c8ebb6f0f1fdbac42f,,False,,9.803,10000,63,0,0,64,127,0,0,0,0,0,0,0,0,0,0,,,,63,False
activity-default,smtlib-qflia,arctic-matrix/constraint-1228327,1,84ec0f7f9b0b9a44411b69c70e9519c5b4360a63,593c9bf673e2fe6a915039f2a62dd198c4a0110d61310ade6ef721ff9e1bd0fa,,False,,9.754,10000,65,0,0,68,133,0,0,0,0,0,0,0,0,0,0,0,0,0,65,False
baseline,smtlib-qflia,arctic-matrix/constraint-1228327,1,58ae735e7b527a9d5e1050a0111b78f38b8590f0,47e08fddaf216bb294f883b6b2af9c952dcf4681ded7234d34177367e0ed29b1,,False,,9.554,10000,59,0,0,59,118,0,0,0,0,0,0,0,0,,,,,,59,False
coverage,smtlib-qflia,arctic-matrix/constraint-1228327,1,4ffba2d4eb2d78fdf19b65217ffabb6260f1cb1a,b09267e28b28d569b2a47325fa0d9b89f1a6a1852fcdc6c8ebb6f0f1fdbac42f,,False,,9.246,10000,48,0,0,48,96,0,0,0,0,0,0,0,0,0,0,,,,48,False
activity-default,smtlib-qflia,arctic-matrix/constraint-1228327,2,84ec0f7f9b0b9a44411b69c70e9519c5b4360a63,593c9bf673e2fe6a915039f2a62dd198c4a0110d61310ade6ef721ff9e1bd0fa,,False,,9.779,10000,63,0,0,64,127,0,0,0,0,0,0,0,0,0,0,0,0,0,63,False
baseline,smtlib-qflia,arctic-matrix/constraint-1228327,2,58ae735e7b527a9d5e1050a0111b78f38b8590f0,47e08fddaf216bb294f883b6b2af9c952dcf4681ded7234d34177367e0ed29b1,,False,,9.758,10000,63,0,0,65,128,0,0,0,0,0,0,0,0,,,,,,63,False
coverage,smtlib-qflia,arctic-matrix/constraint-1228327,2,4ffba2d4eb2d78fdf19b65217ffabb6260f1cb1a,b09267e28b28d569b2a47325fa0d9b89f1a6a1852fcdc6c8ebb6f0f1fdbac42f,,False,,9.73,10000,65,0,0,68,133,0,0,0,0,0,0,0,0,0,0,,,,65,False
activity-default,smtlib-qflia,bofill-scheduling/SMT_real_LIA/ex5680_2400_100,0,84ec0f7f9b0b9a44411b69c70e9519c5b4360a63,593c9bf673e2fe6a915039f2a62dd198c4a0110d61310ade6ef721ff9e1bd0fa,,False,,9.781,10000,0,0,0,0,0,0,0,0,0,0,0,0,0,0,0,0,0,0,0,False
baseline,smtlib-qflia,bofill-scheduling/SMT_real_LIA/ex5680_2400_100,0,58ae735e7b527a9d5e1050a0111b78f38b8590f0,47e08fddaf216bb294f883b6b2af9c952dcf4681ded7234d34177367e0ed29b1,,False,,9.762,10000,0,0,0,0,0,0,0,0,0,0,0,0,0,,,,,,0,False
coverage,smtlib-qflia,bofill-scheduling/SMT_real_LIA/ex5680_2400_100,0,4ffba2d4eb2d78fdf19b65217ffabb6260f1cb1a,b09267e28b28d569b2a47325fa0d9b89f1a6a1852fcdc6c8ebb6f0f1fdbac42f,,False,,9.815,10000,0,0,0,0,0,0,0,0,0,0,0,0,0,0,0,,,,0,False
activity-default,smtlib-qflia,bofill-scheduling/SMT_real_LIA/ex5680_2400_100,1,84ec0f7f9b0b9a44411b69c70e9519c5b4360a63,593c9bf673e2fe6a915039f2a62dd198c4a0110d61310ade6ef721ff9e1bd0fa,,False,,9.766,10000,0,0,0,0,0,0,0,0,0,0,0,0,0,0,0,0,0,0,0,False
baseline,smtlib-qflia,bofill-scheduling/SMT_real_LIA/ex5680_2400_100,1,58ae735e7b527a9d5e1050a0111b78f38b8590f0,47e08fddaf216bb294f883b6b2af9c952dcf4681ded7234d34177367e0ed29b1,,False,,9.767,10000,0,0,0,0,0,0,0,0,0,0,0,0,0,,,,,,0,False
coverage,smtlib-qflia,bofill-scheduling/SMT_real_LIA/ex5680_2400_100,1,4ffba2d4eb2d78fdf19b65217ffabb6260f1cb1a,b09267e28b28d569b2a47325fa0d9b89f1a6a1852fcdc6c8ebb6f0f1fdbac42f,,False,,9.819,10000,0,0,0,0,0,0,0,0,0,0,0,0,0,0,0,,,,0,False
activity-default,smtlib-qflia,bofill-scheduling/SMT_real_LIA/ex5680_2400_100,2,84ec0f7f9b0b9a44411b69c70e9519c5b4360a63,593c9bf673e2fe6a915039f2a62dd198c4a0110d61310ade6ef721ff9e1bd0fa,,False,,9.795,10000,0,0,0,0,0,0,0,0,0,0,0,0,0,0,0,0,0,0,0,False
baseline,smtlib-qflia,bofill-scheduling/SMT_real_LIA/ex5680_2400_100,2,58ae735e7b527a9d5e1050a0111b78f38b8590f0,47e08fddaf216bb294f883b6b2af9c952dcf4681ded7234d34177367e0ed29b1,,False,,9.801,10000,0,0,0,0,0,0,0,0,0,0,0,0,0,,,,,,0,False
coverage,smtlib-qflia,bofill-scheduling/SMT_real_LIA/ex5680_2400_100,2,4ffba2d4eb2d78fdf19b65217ffabb6260f1cb1a,b09267e28b28d569b2a47325fa0d9b89f1a6a1852fcdc6c8ebb6f0f1fdbac42f,,False,,9.828,10000,0,0,0,0,0,0,0,0,0,0,0,0,0,0,0,,,,0,False
activity-default,smtlib-qflia,calypto/problem-004299.cvc.1,0,84ec0f7f9b0b9a44411b69c70e9519c5b4360a63,593c9bf673e2fe6a915039f2a62dd198c4a0110d61310ade6ef721ff9e1bd0fa,False,True,,0.347,10000,0,0,0,0,0,0,0,0,0,0,0,0,0,0,0,0,0,0,0,True
baseline,smtlib-qflia,calypto/problem-004299.cvc.1,0,58ae735e7b527a9d5e1050a0111b78f38b8590f0,47e08fddaf216bb294f883b6b2af9c952dcf4681ded7234d34177367e0ed29b1,False,True,,0.406,10000,0,0,0,0,0,0,0,0,0,0,0,0,0,,,,,,0,True
coverage,smtlib-qflia,calypto/problem-004299.cvc.1,0,4ffba2d4eb2d78fdf19b65217ffabb6260f1cb1a,b09267e28b28d569b2a47325fa0d9b89f1a6a1852fcdc6c8ebb6f0f1fdbac42f,False,True,,0.371,10000,0,0,0,0,0,0,0,0,0,0,0,0,0,0,0,,,,0,True
activity-default,smtlib-qflia,calypto/problem-004299.cvc.1,1,84ec0f7f9b0b9a44411b69c70e9519c5b4360a63,593c9bf673e2fe6a915039f2a62dd198c4a0110d61310ade6ef721ff9e1bd0fa,False,True,,0.412,10000,0,0,0,0,0,0,0,0,0,0,0,0,0,0,0,0,0,0,0,True
baseline,smtlib-qflia,calypto/problem-004299.cvc.1,1,58ae735e7b527a9d5e1050a0111b78f38b8590f0,47e08fddaf216bb294f883b6b2af9c952dcf4681ded7234d34177367e0ed29b1,False,True,,0.349,10000,0,0,0,0,0,0,0,0,0,0,0,0,0,,,,,,0,True
coverage,smtlib-qflia,calypto/problem-004299.cvc.1,1,4ffba2d4eb2d78fdf19b65217ffabb6260f1cb1a,b09267e28b28d569b2a47325fa0d9b89f1a6a1852fcdc6c8ebb6f0f1fdbac42f,False,True,,0.415,10000,0,0,0,0,0,0,0,0,0,0,0,0,0,0,0,,,,0,True
activity-default,smtlib-qflia,calypto/problem-004299.cvc.1,2,84ec0f7f9b0b9a44411b69c70e9519c5b4360a63,593c9bf673e2fe6a915039f2a62dd198c4a0110d61310ade6ef721ff9e1bd0fa,False,True,,0.337,10000,0,0,0,0,0,0,0,0,0,0,0,0,0,0,0,0,0,0,0,True
baseline,smtlib-qflia,calypto/problem-004299.cvc.1,2,58ae735e7b527a9d5e1050a0111b78f38b8590f0,47e08fddaf216bb294f883b6b2af9c952dcf4681ded7234d34177367e0ed29b1,False,True,,0.348,10000,0,0,0,0,0,0,0,0,0,0,0,0,0,,,,,,0,True
coverage,smtlib-qflia,calypto/problem-004299.cvc.1,2,4ffba2d4eb2d78fdf19b65217ffabb6260f1cb1a,b09267e28b28d569b2a47325fa0d9b89f1a6a1852fcdc6c8ebb6f0f1fdbac42f,False,True,,0.452,10000,0,0,0,0,0,0,0,0,0,0,0,0,0,0,0,,,,0,True
activity-default,smtlib-qflira,LCTES/tdf.locals.nosummaries,0,84ec0f7f9b0b9a44411b69c70e9519c5b4360a63,593c9bf673e2fe6a915039f2a62dd198c4a0110d61310ade6ef721ff9e1bd0fa,,False,,9.666,10000,0,0,0,140,140,70,0,0,0,0,70,70,0,70,0,0,0,0,0,False
baseline,smtlib-qflira,LCTES/tdf.locals.nosummaries,0,58ae735e7b527a9d5e1050a0111b78f38b8590f0,47e08fddaf216bb294f883b6b2af9c952dcf4681ded7234d34177367e0ed29b1,,False,,9.682,10000,0,0,0,136,136,68,0,0,0,0,68,68,0,,,,,,0,False
coverage,smtlib-qflira,LCTES/tdf.locals.nosummaries,0,4ffba2d4eb2d78fdf19b65217ffabb6260f1cb1a,b09267e28b28d569b2a47325fa0d9b89f1a6a1852fcdc6c8ebb6f0f1fdbac42f,,False,,9.725,10000,0,0,0,138,138,69,0,0,0,0,69,69,0,69,0,,,,0,False
activity-default,smtlib-qflira,LCTES/tdf.locals.nosummaries,1,84ec0f7f9b0b9a44411b69c70e9519c5b4360a63,593c9bf673e2fe6a915039f2a62dd198c4a0110d61310ade6ef721ff9e1bd0fa,,False,,9.677,10000,0,0,0,158,158,79,0,0,0,0,79,79,0,79,0,0,0,0,0,False
baseline,smtlib-qflira,LCTES/tdf.locals.nosummaries,1,58ae735e7b527a9d5e1050a0111b78f38b8590f0,47e08fddaf216bb294f883b6b2af9c952dcf4681ded7234d34177367e0ed29b1,,False,,9.711,10000,0,0,0,139,139,69,0,0,0,0,69,69,0,,,,,,0,False
coverage,smtlib-qflira,LCTES/tdf.locals.nosummaries,1,4ffba2d4eb2d78fdf19b65217ffabb6260f1cb1a,b09267e28b28d569b2a47325fa0d9b89f1a6a1852fcdc6c8ebb6f0f1fdbac42f,,False,,9.744,10000,0,0,0,156,156,78,0,0,0,0,78,78,0,78,0,,,,0,False
activity-default,smtlib-qflira,LCTES/tdf.locals.nosummaries,2,84ec0f7f9b0b9a44411b69c70e9519c5b4360a63,593c9bf673e2fe6a915039f2a62dd198c4a0110d61310ade6ef721ff9e1bd0fa,,False,,9.682,10000,0,0,0,147,147,73,0,0,0,0,73,73,0,73,0,0,0,0,0,False
baseline,smtlib-qflira,LCTES/tdf.locals.nosummaries,2,58ae735e7b527a9d5e1050a0111b78f38b8590f0,47e08fddaf216bb294f883b6b2af9c952dcf4681ded7234d34177367e0ed29b1,,False,,9.659,10000,0,0,0,137,137,68,0,0,0,0,68,68,0,,,,,,0,False
coverage,smtlib-qflira,LCTES/tdf.locals.nosummaries,2,4ffba2d4eb2d78fdf19b65217ffabb6260f1cb1a,b09267e28b28d569b2a47325fa0d9b89f1a6a1852fcdc6c8ebb6f0f1fdbac42f,,False,,9.731,10000,0,0,0,134,134,67,0,0,0,0,67,67,0,67,0,,,,0,False
activity-default,smtlib-qflra,2017-Heizmann-UltimateInvariantSynthesis/_standard_strcpy_original.i_3_3_2.bpl_11,0,84ec0f7f9b0b9a44411b69c70e9519c5b4360a63,593c9bf673e2fe6a915039f2a62dd198c4a0110d61310ade6ef721ff9e1bd0fa,,False,,9.706,10000,97,0,0,249,346,32,0,0,0,0,32,32,76,32,0,0,0,0,97,False
baseline,smtlib-qflra,2017-Heizmann-UltimateInvariantSynthesis/_standard_strcpy_original.i_3_3_2.bpl_11,0,58ae735e7b527a9d5e1050a0111b78f38b8590f0,47e08fddaf216bb294f883b6b2af9c952dcf4681ded7234d34177367e0ed29b1,,False,,9.707,10000,96,0,0,244,340,30,0,0,0,0,30,30,76,,,,,,96,False
coverage,smtlib-qflra,2017-Heizmann-UltimateInvariantSynthesis/_standard_strcpy_original.i_3_3_2.bpl_11,0,4ffba2d4eb2d78fdf19b65217ffabb6260f1cb1a,b09267e28b28d569b2a47325fa0d9b89f1a6a1852fcdc6c8ebb6f0f1fdbac42f,,False,,9.689,10000,96,0,0,246,342,31,0,0,0,0,31,31,76,31,0,,,,96,False
activity-default,smtlib-qflra,2017-Heizmann-UltimateInvariantSynthesis/_standard_strcpy_original.i_3_3_2.bpl_11,1,84ec0f7f9b0b9a44411b69c70e9519c5b4360a63,593c9bf673e2fe6a915039f2a62dd198c4a0110d61310ade6ef721ff9e1bd0fa,,False,,9.718,10000,94,0,0,240,334,30,0,0,0,0,30,30,75,30,0,0,0,0,94,False
baseline,smtlib-qflra,2017-Heizmann-UltimateInvariantSynthesis/_standard_strcpy_original.i_3_3_2.bpl_11,1,58ae735e7b527a9d5e1050a0111b78f38b8590f0,47e08fddaf216bb294f883b6b2af9c952dcf4681ded7234d34177367e0ed29b1,,False,,9.681,10000,95,0,0,242,337,30,0,0,0,0,30,30,76,,,,,,95,False
coverage,smtlib-qflra,2017-Heizmann-UltimateInvariantSynthesis/_standard_strcpy_original.i_3_3_2.bpl_11,1,4ffba2d4eb2d78fdf19b65217ffabb6260f1cb1a,b09267e28b28d569b2a47325fa0d9b89f1a6a1852fcdc6c8ebb6f0f1fdbac42f,,False,,9.718,10000,96,0,0,244,340,30,0,0,0,0,30,30,76,30,0,,,,96,False
activity-default,smtlib-qflra,2017-Heizmann-UltimateInvariantSynthesis/_standard_strcpy_original.i_3_3_2.bpl_11,2,84ec0f7f9b0b9a44411b69c70e9519c5b4360a63,593c9bf673e2fe6a915039f2a62dd198c4a0110d61310ade6ef721ff9e1bd0fa,,False,,9.729,10000,99,0,0,253,352,32,0,0,0,0,32,32,77,32,0,0,0,0,99,False
baseline,smtlib-qflra,2017-Heizmann-UltimateInvariantSynthesis/_standard_strcpy_original.i_3_3_2.bpl_11,2,58ae735e7b527a9d5e1050a0111b78f38b8590f0,47e08fddaf216bb294f883b6b2af9c952dcf4681ded7234d34177367e0ed29b1,,False,,9.717,10000,94,0,0,241,335,30,0,0,0,0,30,30,75,,,,,,94,False
coverage,smtlib-qflra,2017-Heizmann-UltimateInvariantSynthesis/_standard_strcpy_original.i_3_3_2.bpl_11,2,4ffba2d4eb2d78fdf19b65217ffabb6260f1cb1a,b09267e28b28d569b2a47325fa0d9b89f1a6a1852fcdc6c8ebb6f0f1fdbac42f,,False,,9.752,10000,93,0,0,239,332,30,0,0,0,0,30,30,75,30,0,,,,93,False
activity-default,smtlib-qflra,2019-ezsmt/blending/13,0,84ec0f7f9b0b9a44411b69c70e9519c5b4360a63,593c9bf673e2fe6a915039f2a62dd198c4a0110d61310ade6ef721ff9e1bd0fa,,False,,9.891,10000,31,0,0,69,100,11,0,0,0,0,11,11,19,11,0,0,0,0,31,False
baseline,smtlib-qflra,2019-ezsmt/blending/13,0,58ae735e7b527a9d5e1050a0111b78f38b8590f0,47e08fddaf216bb294f883b6b2af9c952dcf4681ded7234d34177367e0ed29b1,,False,,9.904,10000,30,0,0,67,97,11,0,0,0,0,11,11,17,,,,,,30,False
coverage,smtlib-qflra,2019-ezsmt/blending/13,0,4ffba2d4eb2d78fdf19b65217ffabb6260f1cb1a,b09267e28b28d569b2a47325fa0d9b89f1a6a1852fcdc6c8ebb6f0f1fdbac42f,,False,,9.887,10000,31,0,0,69,100,11,0,0,0,0,11,11,19,11,0,,,,31,False
activity-default,smtlib-qflra,2019-ezsmt/blending/13,1,84ec0f7f9b0b9a44411b69c70e9519c5b4360a63,593c9bf673e2fe6a915039f2a62dd198c4a0110d61310ade6ef721ff9e1bd0fa,,False,,9.91,10000,32,0,0,71,103,12,0,0,0,0,12,12,20,12,0,0,0,0,32,False
baseline,smtlib-qflra,2019-ezsmt/blending/13,1,58ae735e7b527a9d5e1050a0111b78f38b8590f0,47e08fddaf216bb294f883b6b2af9c952dcf4681ded7234d34177367e0ed29b1,,False,,9.907,10000,31,0,0,69,100,11,0,0,0,0,11,11,19,,,,,,31,False
coverage,smtlib-qflra,2019-ezsmt/blending/13,1,4ffba2d4eb2d78fdf19b65217ffabb6260f1cb1a,b09267e28b28d569b2a47325fa0d9b89f1a6a1852fcdc6c8ebb6f0f1fdbac42f,,False,,9.905,10000,31,0,0,69,100,11,0,0,0,0,11,11,19,11,0,,,,31,False
activity-default,smtlib-qflra,2019-ezsmt/blending/13,2,84ec0f7f9b0b9a44411b69c70e9519c5b4360a63,593c9bf673e2fe6a915039f2a62dd198c4a0110d61310ade6ef721ff9e1bd0fa,,False,,9.91,10000,31,0,0,69,100,11,0,0,0,0,11,11,19,11,0,0,0,0,31,False
baseline,smtlib-qflra,2019-ezsmt/blending/13,2,58ae735e7b527a9d5e1050a0111b78f38b8590f0,47e08fddaf216bb294f883b6b2af9c952dcf4681ded7234d34177367e0ed29b1,,False,,9.891,10000,31,0,0,69,100,11,0,0,0,0,11,11,19,,,,,,31,False
coverage,smtlib-qflra,2019-ezsmt/blending/13,2,4ffba2d4eb2d78fdf19b65217ffabb6260f1cb1a,b09267e28b28d569b2a47325fa0d9b89f1a6a1852fcdc6c8ebb6f0f1fdbac42f,,False,,9.901,10000,32,0,0,71,103,12,0,0,0,0,12,12,20,12,0,,,,32,False
activity-default,smtlib-qflra,DTP-Scheduling/constraints-tempo-depth-9,0,84ec0f7f9b0b9a44411b69c70e9519c5b4360a63,593c9bf673e2fe6a915039f2a62dd198c4a0110d61310ade6ef721ff9e1bd0fa,,False,,9.083,10000,7,0,0,14,21,2,0,0,0,0,2,2,0,2,0,0,0,0,7,False
baseline,smtlib-qflra,DTP-Scheduling/constraints-tempo-depth-9,0,58ae735e7b527a9d5e1050a0111b78f38b8590f0,47e08fddaf216bb294f883b6b2af9c952dcf4681ded7234d34177367e0ed29b1,,False,,9.108,10000,7,0,0,14,21,2,0,0,0,0,2,2,0,,,,,,7,False
coverage,smtlib-qflra,DTP-Scheduling/constraints-tempo-depth-9,0,4ffba2d4eb2d78fdf19b65217ffabb6260f1cb1a,b09267e28b28d569b2a47325fa0d9b89f1a6a1852fcdc6c8ebb6f0f1fdbac42f,,False,,9.057,10000,7,0,0,14,21,2,0,0,0,0,2,2,0,2,0,,,,7,False
activity-default,smtlib-qflra,DTP-Scheduling/constraints-tempo-depth-9,1,84ec0f7f9b0b9a44411b69c70e9519c5b4360a63,593c9bf673e2fe6a915039f2a62dd198c4a0110d61310ade6ef721ff9e1bd0fa,,False,,9.101,10000,7,0,0,14,21,2,0,0,0,0,2,2,0,2,0,0,0,0,7,False
baseline,smtlib-qflra,DTP-Scheduling/constraints-tempo-depth-9,1,58ae735e7b527a9d5e1050a0111b78f38b8590f0,47e08fddaf216bb294f883b6b2af9c952dcf4681ded7234d34177367e0ed29b1,,False,,9.047,10000,7,0,0,14,21,2,0,0,0,0,2,2,0,,,,,,7,False
coverage,smtlib-qflra,DTP-Scheduling/constraints-tempo-depth-9,1,4ffba2d4eb2d78fdf19b65217ffabb6260f1cb1a,b09267e28b28d569b2a47325fa0d9b89f1a6a1852fcdc6c8ebb6f0f1fdbac42f,,False,,9.109,10000,7,0,0,14,21,2,0,0,0,0,2,2,0,2,0,,,,7,False
activity-default,smtlib-qflra,DTP-Scheduling/constraints-tempo-depth-9,2,84ec0f7f9b0b9a44411b69c70e9519c5b4360a63,593c9bf673e2fe6a915039f2a62dd198c4a0110d61310ade6ef721ff9e1bd0fa,,False,,9.078,10000,7,0,0,14,21,2,0,0,0,0,2,2,0,2,0,0,0,0,7,False
baseline,smtlib-qflra,DTP-Scheduling/constraints-tempo-depth-9,2,58ae735e7b527a9d5e1050a0111b78f38b8590f0,47e08fddaf216bb294f883b6b2af9c952dcf4681ded7234d34177367e0ed29b1,,False,,9.69,10000,7,0,0,17,24,3,0,0,0,0,3,3,0,,,,,,7,False
coverage,smtlib-qflra,DTP-Scheduling/constraints-tempo-depth-9,2,4ffba2d4eb2d78fdf19b65217ffabb6260f1cb1a,b09267e28b28d569b2a47325fa0d9b89f1a6a1852fcdc6c8ebb6f0f1fdbac42f,,False,,9.064,10000,7,0,0,14,21,2,0,0,0,0,2,2,0,2,0,,,,7,False
activity-default,smtlib-qflra,LassoRanker/Ultimate/Gcd.bpl_Iteration1_Lasso_7-phaseTemplate,0,84ec0f7f9b0b9a44411b69c70e9519c5b4360a63,593c9bf673e2fe6a915039f2a62dd198c4a0110d61310ade6ef721ff9e1bd0fa,,False,,9.652,10000,563,0,0,1420,1983,284,0,0,0,0,284,284,8,284,0,0,0,0,563,False
baseline,smtlib-qflra,LassoRanker/Ultimate/Gcd.bpl_Iteration1_Lasso_7-phaseTemplate,0,58ae735e7b527a9d5e1050a0111b78f38b8590f0,47e08fddaf216bb294f883b6b2af9c952dcf4681ded7234d34177367e0ed29b1,,False,,9.622,10000,557,0,0,1405,1962,281,0,0,0,0,281,281,8,,,,,,557,False
coverage,smtlib-qflra,LassoRanker/Ultimate/Gcd.bpl_Iteration1_Lasso_7-phaseTemplate,0,4ffba2d4eb2d78fdf19b65217ffabb6260f1cb1a,b09267e28b28d569b2a47325fa0d9b89f1a6a1852fcdc6c8ebb6f0f1fdbac42f,,False,,9.853,10000,587,0,0,1478,2065,295,0,0,0,0,295,295,12,295,0,,,,587,False
activity-default,smtlib-qflra,LassoRanker/Ultimate/Gcd.bpl_Iteration1_Lasso_7-phaseTemplate,1,84ec0f7f9b0b9a44411b69c70e9519c5b4360a63,593c9bf673e2fe6a915039f2a62dd198c4a0110d61310ade6ef721ff9e1bd0fa,,False,,9.613,10000,555,0,0,1400,1955,280,0,0,0,0,280,280,8,280,0,0,0,0,555,False
baseline,smtlib-qflra,LassoRanker/Ultimate/Gcd.bpl_Iteration1_Lasso_7-phaseTemplate,1,58ae735e7b527a9d5e1050a0111b78f38b8590f0,47e08fddaf216bb294f883b6b2af9c952dcf4681ded7234d34177367e0ed29b1,,False,,9.919,10000,556,0,0,1402,1958,281,0,0,0,0,281,281,8,,,,,,556,False
coverage,smtlib-qflra,LassoRanker/Ultimate/Gcd.bpl_Iteration1_Lasso_7-phaseTemplate,1,4ffba2d4eb2d78fdf19b65217ffabb6260f1cb1a,b09267e28b28d569b2a47325fa0d9b89f1a6a1852fcdc6c8ebb6f0f1fdbac42f,,False,,9.863,10000,516,0,0,1299,1815,261,0,0,0,0,261,261,1,261,0,,,,516,False
activity-default,smtlib-qflra,LassoRanker/Ultimate/Gcd.bpl_Iteration1_Lasso_7-phaseTemplate,2,84ec0f7f9b0b9a44411b69c70e9519c5b4360a63,593c9bf673e2fe6a915039f2a62dd198c4a0110d61310ade6ef721ff9e1bd0fa,,False,,9.877,10000,513,0,0,1294,1807,260,0,0,0,0,260,260,1,260,0,0,0,0,513,False
baseline,smtlib-qflra,LassoRanker/Ultimate/Gcd.bpl_Iteration1_Lasso_7-phaseTemplate,2,58ae735e7b527a9d5e1050a0111b78f38b8590f0,47e08fddaf216bb294f883b6b2af9c952dcf4681ded7234d34177367e0ed29b1,,False,,9.636,10000,537,0,0,1355,1892,272,0,0,0,0,272,272,4,,,,,,537,False
coverage,smtlib-qflra,LassoRanker/Ultimate/Gcd.bpl_Iteration1_Lasso_7-phaseTemplate,2,4ffba2d4eb2d78fdf19b65217ffabb6260f1cb1a,b09267e28b28d569b2a47325fa0d9b89f1a6a1852fcdc6c8ebb6f0f1fdbac42f,,False,,9.599,10000,551,0,0,1390,1941,278,0,0,0,0,278,278,8,278,0,,,,551,False
activity-default,smtlib-qflra,TM/p-DepotsNum_s8.msat,0,84ec0f7f9b0b9a44411b69c70e9519c5b4360a63,593c9bf673e2fe6a915039f2a62dd198c4a0110d61310ade6ef721ff9e1bd0fa,,False,,9.835,10000,286,0,0,675,961,95,0,0,0,0,95,95,1859,95,0,0,0,0,286,False
baseline,smtlib-qflra,TM/p-DepotsNum_s8.msat,0,58ae735e7b527a9d5e1050a0111b78f38b8590f0,47e08fddaf216bb294f883b6b2af9c952dcf4681ded7234d34177367e0ed29b1,,False,,9.794,10000,286,0,0,654,940,94,0,0,0,0,94,94,1771,,,,,,286,False
coverage,smtlib-qflra,TM/p-DepotsNum_s8.msat,0,4ffba2d4eb2d78fdf19b65217ffabb6260f1cb1a,b09267e28b28d569b2a47325fa0d9b89f1a6a1852fcdc6c8ebb6f0f1fdbac42f,,False,,9.831,10000,286,0,0,671,957,95,0,0,0,0,95,95,1849,95,0,,,,286,False
activity-default,smtlib-qflra,TM/p-DepotsNum_s8.msat,1,84ec0f7f9b0b9a44411b69c70e9519c5b4360a63,593c9bf673e2fe6a915039f2a62dd198c4a0110d61310ade6ef721ff9e1bd0fa,,False,,9.821,10000,286,0,0,665,951,95,0,0,0,0,95,95,1825,95,0,0,0,0,286,False
baseline,smtlib-qflra,TM/p-DepotsNum_s8.msat,1,58ae735e7b527a9d5e1050a0111b78f38b8590f0,47e08fddaf216bb294f883b6b2af9c952dcf4681ded7234d34177367e0ed29b1,,False,,9.825,10000,284,0,0,635,919,91,0,0,0,0,91,91,1742,,,,,,284,False
coverage,smtlib-qflra,TM/p-DepotsNum_s8.msat,1,4ffba2d4eb2d78fdf19b65217ffabb6260f1cb1a,b09267e28b28d569b2a47325fa0d9b89f1a6a1852fcdc6c8ebb6f0f1fdbac42f,,False,,9.794,10000,286,0,0,655,941,95,0,0,0,0,95,95,1785,95,0,,,,286,False
activity-default,smtlib-qflra,TM/p-DepotsNum_s8.msat,2,84ec0f7f9b0b9a44411b69c70e9519c5b4360a63,593c9bf673e2fe6a915039f2a62dd198c4a0110d61310ade6ef721ff9e1bd0fa,,False,,9.803,10000,286,0,0,650,936,94,0,0,0,0,94,94,1765,94,0,0,0,0,286,False
baseline,smtlib-qflra,TM/p-DepotsNum_s8.msat,2,58ae735e7b527a9d5e1050a0111b78f38b8590f0,47e08fddaf216bb294f883b6b2af9c952dcf4681ded7234d34177367e0ed29b1,,False,,9.819,10000,286,0,0,642,928,92,0,0,0,0,92,92,1758,,,,,,286,False
coverage,smtlib-qflra,TM/p-DepotsNum_s8.msat,2,4ffba2d4eb2d78fdf19b65217ffabb6260f1cb1a,b09267e28b28d569b2a47325fa0d9b89f1a6a1852fcdc6c8ebb6f0f1fdbac42f,,False,,9.833,10000,286,0,0,667,953,95,0,0,0,0,95,95,1837,95,0,,,,286,False
activity-default,smtlib-qflra,check/bignum_lra2,0,84ec0f7f9b0b9a44411b69c70e9519c5b4360a63,593c9bf673e2fe6a915039f2a62dd198c4a0110d61310ade6ef721ff9e1bd0fa,False,True,,1.188,10000,28,0,0,126,154,29,0,0,0,0,29,29,118,29,0,0,0,0,28,True
baseline,smtlib-qflra,check/bignum_lra2,0,58ae735e7b527a9d5e1050a0111b78f38b8590f0,47e08fddaf216bb294f883b6b2af9c952dcf4681ded7234d34177367e0ed29b1,False,True,,0.975,10000,28,0,0,126,154,29,0,0,0,0,29,29,118,,,,,,28,True
coverage,smtlib-qflra,check/bignum_lra2,0,4ffba2d4eb2d78fdf19b65217ffabb6260f1cb1a,b09267e28b28d569b2a47325fa0d9b89f1a6a1852fcdc6c8ebb6f0f1fdbac42f,False,True,,1.052,10000,28,0,0,126,154,29,0,0,0,0,29,29,118,29,0,,,,28,True
activity-default,smtlib-qflra,check/bignum_lra2,1,84ec0f7f9b0b9a44411b69c70e9519c5b4360a63,593c9bf673e2fe6a915039f2a62dd198c4a0110d61310ade6ef721ff9e1bd0fa,False,True,,0.868,10000,28,0,0,126,154,29,0,0,0,0,29,29,118,29,0,0,0,0,28,True
baseline,smtlib-qflra,check/bignum_lra2,1,58ae735e7b527a9d5e1050a0111b78f38b8590f0,47e08fddaf216bb294f883b6b2af9c952dcf4681ded7234d34177367e0ed29b1,False,True,,1.039,10000,28,0,0,126,154,29,0,0,0,0,29,29,118,,,,,,28,True
coverage,smtlib-qflra,check/bignum_lra2,1,4ffba2d4eb2d78fdf19b65217ffabb6260f1cb1a,b09267e28b28d569b2a47325fa0d9b89f1a6a1852fcdc6c8ebb6f0f1fdbac42f,False,True,,0.856,10000,28,0,0,126,154,29,0,0,0,0,29,29,118,29,0,,,,28,True
activity-default,smtlib-qflra,check/bignum_lra2,2,84ec0f7f9b0b9a44411b69c70e9519c5b4360a63,593c9bf673e2fe6a915039f2a62dd198c4a0110d61310ade6ef721ff9e1bd0fa,False,True,,0.978,10000,28,0,0,126,154,29,0,0,0,0,29,29,118,29,0,0,0,0,28,True
baseline,smtlib-qflra,check/bignum_lra2,2,58ae735e7b527a9d5e1050a0111b78f38b8590f0,47e08fddaf216bb294f883b6b2af9c952dcf4681ded7234d34177367e0ed29b1,False,True,,0.939,10000,28,0,0,126,154,29,0,0,0,0,29,29,118,,,,,,28,True
coverage,smtlib-qflra,check/bignum_lra2,2,4ffba2d4eb2d78fdf19b65217ffabb6260f1cb1a,b09267e28b28d569b2a47325fa0d9b89f1a6a1852fcdc6c8ebb6f0f1fdbac42f,False,True,,0.948,10000,28,0,0,126,154,29,0,0,0,0,29,29,118,29,0,,,,28,True
activity-default,smtlib-qflra,clock_synchro/clocksynchro_6clocks.worst_case_skew.base,0,84ec0f7f9b0b9a44411b69c70e9519c5b4360a63,593c9bf673e2fe6a915039f2a62dd198c4a0110d61310ade6ef721ff9e1bd0fa,False,True,,0.248,10000,0,0,0,3,3,1,0,0,0,0,1,1,0,1,0,0,0,0,0,True
baseline,smtlib-qflra,clock_synchro/clocksynchro_6clocks.worst_case_skew.base,0,58ae735e7b527a9d5e1050a0111b78f38b8590f0,47e08fddaf216bb294f883b6b2af9c952dcf4681ded7234d34177367e0ed29b1,False,True,,0.277,10000,0,0,0,3,3,1,0,0,0,0,1,1,0,,,,,,0,True
coverage,smtlib-qflra,clock_synchro/clocksynchro_6clocks.worst_case_skew.base,0,4ffba2d4eb2d78fdf19b65217ffabb6260f1cb1a,b09267e28b28d569b2a47325fa0d9b89f1a6a1852fcdc6c8ebb6f0f1fdbac42f,False,True,,0.323,10000,0,0,0,3,3,1,0,0,0,0,1,1,0,1,0,,,,0,True
activity-default,smtlib-qflra,clock_synchro/clocksynchro_6clocks.worst_case_skew.base,1,84ec0f7f9b0b9a44411b69c70e9519c5b4360a63,593c9bf673e2fe6a915039f2a62dd198c4a0110d61310ade6ef721ff9e1bd0fa,False,True,,0.228,10000,0,0,0,3,3,1,0,0,0,0,1,1,0,1,0,0,0,0,0,True
baseline,smtlib-qflra,clock_synchro/clocksynchro_6clocks.worst_case_skew.base,1,58ae735e7b527a9d5e1050a0111b78f38b8590f0,47e08fddaf216bb294f883b6b2af9c952dcf4681ded7234d34177367e0ed29b1,False,True,,0.287,10000,0,0,0,3,3,1,0,0,0,0,1,1,0,,,,,,0,True
coverage,smtlib-qflra,clock_synchro/clocksynchro_6clocks.worst_case_skew.base,1,4ffba2d4eb2d78fdf19b65217ffabb6260f1cb1a,b09267e28b28d569b2a47325fa0d9b89f1a6a1852fcdc6c8ebb6f0f1fdbac42f,False,True,,0.228,10000,0,0,0,3,3,1,0,0,0,0,1,1,0,1,0,,,,0,True
activity-default,smtlib-qflra,clock_synchro/clocksynchro_6clocks.worst_case_skew.base,2,84ec0f7f9b0b9a44411b69c70e9519c5b4360a63,593c9bf673e2fe6a915039f2a62dd198c4a0110d61310ade6ef721ff9e1bd0fa,False,True,,0.286,10000,0,0,0,3,3,1,0,0,0,0,1,1,0,1,0,0,0,0,0,True
baseline,smtlib-qflra,clock_synchro/clocksynchro_6clocks.worst_case_skew.base,2,58ae735e7b527a9d5e1050a0111b78f38b8590f0,47e08fddaf216bb294f883b6b2af9c952dcf4681ded7234d34177367e0ed29b1,False,True,,0.259,10000,0,0,0,3,3,1,0,0,0,0,1,1,0,,,,,,0,True
coverage,smtlib-qflra,clock_synchro/clocksynchro_6clocks.worst_case_skew.base,2,4ffba2d4eb2d78fdf19b65217ffabb6260f1cb1a,b09267e28b28d569b2a47325fa0d9b89f1a6a1852fcdc6c8ebb6f0f1fdbac42f,False,True,,0.265,10000,0,0,0,3,3,1,0,0,0,0,1,1,0,1,0,,,,0,True
activity-default,smtlib-qflra,keymaera/water_tank-node5964,0,84ec0f7f9b0b9a44411b69c70e9519c5b4360a63,593c9bf673e2fe6a915039f2a62dd198c4a0110d61310ade6ef721ff9e1bd0fa,False,True,,0.177,10000,0,0,0,1,1,0,0,0,0,0,0,0,0,0,0,0,0,0,0,True
baseline,smtlib-qflra,keymaera/water_tank-node5964,0,58ae735e7b527a9d5e1050a0111b78f38b8590f0,47e08fddaf216bb294f883b6b2af9c952dcf4681ded7234d34177367e0ed29b1,False,True,,0.166,10000,0,0,0,1,1,0,0,0,0,0,0,0,0,,,,,,0,True
coverage,smtlib-qflra,keymaera/water_tank-node5964,0,4ffba2d4eb2d78fdf19b65217ffabb6260f1cb1a,b09267e28b28d569b2a47325fa0d9b89f1a6a1852fcdc6c8ebb6f0f1fdbac42f,False,True,,0.151,10000,0,0,0,1,1,0,0,0,0,0,0,0,0,0,0,,,,0,True
activity-default,smtlib-qflra,keymaera/water_tank-node5964,1,84ec0f7f9b0b9a44411b69c70e9519c5b4360a63,593c9bf673e2fe6a915039f2a62dd198c4a0110d61310ade6ef721ff9e1bd0fa,False,True,,0.142,10000,0,0,0,1,1,0,0,0,0,0,0,0,0,0,0,0,0,0,0,True
baseline,smtlib-qflra,keymaera/water_tank-node5964,1,58ae735e7b527a9d5e1050a0111b78f38b8590f0,47e08fddaf216bb294f883b6b2af9c952dcf4681ded7234d34177367e0ed29b1,False,True,,0.144,10000,0,0,0,1,1,0,0,0,0,0,0,0,0,,,,,,0,True
coverage,smtlib-qflra,keymaera/water_tank-node5964,1,4ffba2d4eb2d78fdf19b65217ffabb6260f1cb1a,b09267e28b28d569b2a47325fa0d9b89f1a6a1852fcdc6c8ebb6f0f1fdbac42f,False,True,,0.155,10000,0,0,0,1,1,0,0,0,0,0,0,0,0,0,0,,,,0,True
activity-default,smtlib-qflra,keymaera/water_tank-node5964,2,84ec0f7f9b0b9a44411b69c70e9519c5b4360a63,593c9bf673e2fe6a915039f2a62dd198c4a0110d61310ade6ef721ff9e1bd0fa,False,True,,0.163,10000,0,0,0,1,1,0,0,0,0,0,0,0,0,0,0,0,0,0,0,True
baseline,smtlib-qflra,keymaera/water_tank-node5964,2,58ae735e7b527a9d5e1050a0111b78f38b8590f0,47e08fddaf216bb294f883b6b2af9c952dcf4681ded7234d34177367e0ed29b1,False,True,,0.16,10000,0,0,0,1,1,0,0,0,0,0,0,0,0,,,,,,0,True
coverage,smtlib-qflra,keymaera/water_tank-node5964,2,4ffba2d4eb2d78fdf19b65217ffabb6260f1cb1a,b09267e28b28d569b2a47325fa0d9b89f1a6a1852fcdc6c8ebb6f0f1fdbac42f,False,True,,0.155,10000,0,0,0,1,1,0,0,0,0,0,0,0,0,0,0,,,,0,True
activity-default,wcnf-core,maxsat-tiny,0,84ec0f7f9b0b9a44411b69c70e9519c5b4360a63,593c9bf673e2fe6a915039f2a62dd198c4a0110d61310ade6ef721ff9e1bd0fa,True,True,1.0,0.076,10000,0,0,0,0,0,0,0,0,0,0,0,0,0,0,0,0,0,0,0,True
baseline,wcnf-core,maxsat-tiny,0,58ae735e7b527a9d5e1050a0111b78f38b8590f0,47e08fddaf216bb294f883b6b2af9c952dcf4681ded7234d34177367e0ed29b1,True,True,1.0,0.067,10000,0,0,0,0,0,0,0,0,0,0,0,0,0,,,,,,0,True
coverage,wcnf-core,maxsat-tiny,0,4ffba2d4eb2d78fdf19b65217ffabb6260f1cb1a,b09267e28b28d569b2a47325fa0d9b89f1a6a1852fcdc6c8ebb6f0f1fdbac42f,True,True,1.0,0.079,10000,0,0,0,0,0,0,0,0,0,0,0,0,0,0,0,,,,0,True
activity-default,wcnf-core,maxsat-tiny,1,84ec0f7f9b0b9a44411b69c70e9519c5b4360a63,593c9bf673e2fe6a915039f2a62dd198c4a0110d61310ade6ef721ff9e1bd0fa,True,True,1.0,0.07,10000,0,0,0,0,0,0,0,0,0,0,0,0,0,0,0,0,0,0,0,True
baseline,wcnf-core,maxsat-tiny,1,58ae735e7b527a9d5e1050a0111b78f38b8590f0,47e08fddaf216bb294f883b6b2af9c952dcf4681ded7234d34177367e0ed29b1,True,True,1.0,0.082,10000,0,0,0,0,0,0,0,0,0,0,0,0,0,,,,,,0,True
coverage,wcnf-core,maxsat-tiny,1,4ffba2d4eb2d78fdf19b65217ffabb6260f1cb1a,b09267e28b28d569b2a47325fa0d9b89f1a6a1852fcdc6c8ebb6f0f1fdbac42f,True,True,1.0,0.069,10000,0,0,0,0,0,0,0,0,0,0,0,0,0,0,0,,,,0,True
activity-default,wcnf-core,maxsat-tiny,2,84ec0f7f9b0b9a44411b69c70e9519c5b4360a63,593c9bf673e2fe6a915039f2a62dd198c4a0110d61310ade6ef721ff9e1bd0fa,True,True,1.0,0.069,10000,0,0,0,0,0,0,0,0,0,0,0,0,0,0,0,0,0,0,0,True
baseline,wcnf-core,maxsat-tiny,2,58ae735e7b527a9d5e1050a0111b78f38b8590f0,47e08fddaf216bb294f883b6b2af9c952dcf4681ded7234d34177367e0ed29b1,True,True,1.0,0.074,10000,0,0,0,0,0,0,0,0,0,0,0,0,0,,,,,,0,True
coverage,wcnf-core,maxsat-tiny,2,4ffba2d4eb2d78fdf19b65217ffabb6260f1cb1a,b09267e28b28d569b2a47325fa0d9b89f1a6a1852fcdc6c8ebb6f0f1fdbac42f,True,True,1.0,0.082,10000,0,0,0,0,0,0,0,0,0,0,0,0,0,0,0,,,,0,True
activity-default,xcsp3-core,magic-series-tiny,0,84ec0f7f9b0b9a44411b69c70e9519c5b4360a63,593c9bf673e2fe6a915039f2a62dd198c4a0110d61310ade6ef721ff9e1bd0fa,True,False,,0.076,10000,0,0,0,0,0,0,0,0,0,0,0,0,0,0,0,0,0,0,0,True
baseline,xcsp3-core,magic-series-tiny,0,58ae735e7b527a9d5e1050a0111b78f38b8590f0,47e08fddaf216bb294f883b6b2af9c952dcf4681ded7234d34177367e0ed29b1,True,False,,0.092,10000,0,0,0,0,0,0,0,0,0,0,0,0,0,,,,,,0,True
coverage,xcsp3-core,magic-series-tiny,0,4ffba2d4eb2d78fdf19b65217ffabb6260f1cb1a,b09267e28b28d569b2a47325fa0d9b89f1a6a1852fcdc6c8ebb6f0f1fdbac42f,True,False,,0.083,10000,0,0,0,0,0,0,0,0,0,0,0,0,0,0,0,,,,0,True
activity-default,xcsp3-core,magic-series-tiny,1,84ec0f7f9b0b9a44411b69c70e9519c5b4360a63,593c9bf673e2fe6a915039f2a62dd198c4a0110d61310ade6ef721ff9e1bd0fa,True,False,,0.07,10000,0,0,0,0,0,0,0,0,0,0,0,0,0,0,0,0,0,0,0,True
baseline,xcsp3-core,magic-series-tiny,1,58ae735e7b527a9d5e1050a0111b78f38b8590f0,47e08fddaf216bb294f883b6b2af9c952dcf4681ded7234d34177367e0ed29b1,True,False,,0.068,10000,0,0,0,0,0,0,0,0,0,0,0,0,0,,,,,,0,True
coverage,xcsp3-core,magic-series-tiny,1,4ffba2d4eb2d78fdf19b65217ffabb6260f1cb1a,b09267e28b28d569b2a47325fa0d9b89f1a6a1852fcdc6c8ebb6f0f1fdbac42f,True,False,,0.07,10000,0,0,0,0,0,0,0,0,0,0,0,0,0,0,0,,,,0,True
activity-default,xcsp3-core,magic-series-tiny,2,84ec0f7f9b0b9a44411b69c70e9519c5b4360a63,593c9bf673e2fe6a915039f2a62dd198c4a0110d61310ade6ef721ff9e1bd0fa,True,False,,0.07,10000,0,0,0,0,0,0,0,0,0,0,0,0,0,0,0,0,0,0,0,True
baseline,xcsp3-core,magic-series-tiny,2,58ae735e7b527a9d5e1050a0111b78f38b8590f0,47e08fddaf216bb294f883b6b2af9c952dcf4681ded7234d34177367e0ed29b1,True,False,,0.085,10000,0,0,0,0,0,0,0,0,0,0,0,0,0,,,,,,0,True
coverage,xcsp3-core,magic-series-tiny,2,4ffba2d4eb2d78fdf19b65217ffabb6260f1cb1a,b09267e28b28d569b2a47325fa0d9b89f1a6a1852fcdc6c8ebb6f0f1fdbac42f,True,False,,0.07,10000,0,0,0,0,0,0,0,0,0,0,0,0,0,0,0,,,,0,True
activity-default,xcsp3-core,sum-opt-tiny,0,84ec0f7f9b0b9a44411b69c70e9519c5b4360a63,593c9bf673e2fe6a915039f2a62dd198c4a0110d61310ade6ef721ff9e1bd0fa,True,True,10.0,0.11,10000,0,0,0,0,0,0,0,0,0,0,0,0,0,0,0,0,0,0,0,True
baseline,xcsp3-core,sum-opt-tiny,0,58ae735e7b527a9d5e1050a0111b78f38b8590f0,47e08fddaf216bb294f883b6b2af9c952dcf4681ded7234d34177367e0ed29b1,True,True,10.0,0.117,10000,0,0,0,0,0,0,0,0,0,0,0,0,0,,,,,,0,True
coverage,xcsp3-core,sum-opt-tiny,0,4ffba2d4eb2d78fdf19b65217ffabb6260f1cb1a,b09267e28b28d569b2a47325fa0d9b89f1a6a1852fcdc6c8ebb6f0f1fdbac42f,True,True,10.0,0.107,10000,0,0,0,0,0,0,0,0,0,0,0,0,0,0,0,,,,0,True
activity-default,xcsp3-core,sum-opt-tiny,1,84ec0f7f9b0b9a44411b69c70e9519c5b4360a63,593c9bf673e2fe6a915039f2a62dd198c4a0110d61310ade6ef721ff9e1bd0fa,True,True,10.0,0.098,10000,0,0,0,0,0,0,0,0,0,0,0,0,0,0,0,0,0,0,0,True
baseline,xcsp3-core,sum-opt-tiny,1,58ae735e7b527a9d5e1050a0111b78f38b8590f0,47e08fddaf216bb294f883b6b2af9c952dcf4681ded7234d34177367e0ed29b1,True,True,10.0,0.08,10000,0,0,0,0,0,0,0,0,0,0,0,0,0,,,,,,0,True
coverage,xcsp3-core,sum-opt-tiny,1,4ffba2d4eb2d78fdf19b65217ffabb6260f1cb1a,b09267e28b28d569b2a47325fa0d9b89f1a6a1852fcdc6c8ebb6f0f1fdbac42f,True,True,10.0,0.101,10000,0,0,0,0,0,0,0,0,0,0,0,0,0,0,0,,,,0,True
activity-default,xcsp3-core,sum-opt-tiny,2,84ec0f7f9b0b9a44411b69c70e9519c5b4360a63,593c9bf673e2fe6a915039f2a62dd198c4a0110d61310ade6ef721ff9e1bd0fa,True,True,10.0,0.081,10000,0,0,0,0,0,0,0,0,0,0,0,0,0,0,0,0,0,0,0,True
baseline,xcsp3-core,sum-opt-tiny,2,58ae735e7b527a9d5e1050a0111b78f38b8590f0,47e08fddaf216bb294f883b6b2af9c952dcf4681ded7234d34177367e0ed29b1,True,True,10.0,0.082,10000,0,0,0,0,0,0,0,0,0,0,0,0,0,,,,,,0,True
coverage,xcsp3-core,sum-opt-tiny,2,4ffba2d4eb2d78fdf19b65217ffabb6260f1cb1a,b09267e28b28d569b2a47325fa0d9b89f1a6a1852fcdc6c8ebb6f0f1fdbac42f,True,True,10.0,0.085,10000,0,0,0,0,0,0,0,0,0,0,0,0,0,0,0,,,,0,True
