suite,problem,maximize,objective,feasible,proven,elapsedMs,budgetMs,format,structure,numGlobal,numLinear,boolHeavy,logic
klause-bench/smoke-corpus/dimacs,bipartite-2col,false,,true,true,175,30000,dimacs,sat,0,6,true,
klause-bench/smoke-corpus/dimacs,implication-chain,false,,true,true,157,30000,dimacs,sat,0,5,true,
klause-bench/smoke-corpus/dimacs,php3,false,,false,true,143,30000,dimacs,sat,0,9,true,
klause-bench/smoke-corpus/dimacs,php4,false,,false,true,231,30000,dimacs,sat,0,45,true,
klause-bench/smoke-corpus/dimacs,random3sat-20-80,false,,true,true,151,30000,dimacs,sat,0,80,true,
klause-bench/smoke-corpus/dimacs,random3sat-50-200,false,,true,true,138,30000,dimacs,sat,0,200,true,
klause-bench/smoke-corpus/opb,pb-cardinality,false,,true,true,153,30000,opb,pseudo-boolean,0,1,true,
klause-bench/smoke-corpus/opb,queens4-soft,false,,,false,30000,30000,opb,pseudo-boolean,0,65,true,
klause-bench/smoke-corpus/opb,setcover-tiny,false,4.0,true,true,137,30000,opb,pseudo-boolean,0,4,true,
klause-bench/smoke-corpus/opb,sporttournament06,false,,,false,30000,30000,opb,pseudo-boolean,0,1,true,
pb-comp-2024,normalized-PB06/DEC-LIN/submitted-PB05/aloul/FPGA_SAT05/normalized-chnl35_36_pb.cnf.cr,false,,,false,20000,20000,opb,pseudo-boolean,0,142,true,
pb-comp-2024,normalized-PB06/DEC-LIN/submitted-PB05/aloul/FPGA_SAT05/normalized-chnl35_45_pb.cnf.cr,false,,,false,20000,20000,opb,pseudo-boolean,0,160,true,
pb-comp-2024,normalized-PB06/DEC-LIN/submitted-PB05/aloul/FPGA_SAT05/normalized-chnl50_55_pb.cnf.cr,false,,,false,20000,20000,opb,pseudo-boolean,0,210,true,
pb-comp-2024,normalized-PB06/DEC-LIN/submitted-PB05/aloul/FPGA_SAT05/normalized-fpga11_10_sat_pb.cnf.cr,false,,,false,20000,20000,opb,pseudo-boolean,0,141,true,
pb-comp-2024,normalized-PB06/DEC-LIN/submitted-PB05/aloul/FPGA_SAT05/normalized-fpga14_14_sat_pb.cnf.cr,false,,,false,20000,20000,opb,pseudo-boolean,0,238,true,
pb-comp-2024,normalized-PB06/DEC-LIN/submitted-PB05/aloul/FPGA_SAT05/normalized-fpga15_13_sat_pb.cnf.cr,false,,,false,20000,20000,opb,pseudo-boolean,0,236,true,
pb-comp-2024,normalized-PB06/DEC-LIN/submitted-PB05/aloul/FPGA_SAT05/normalized-fpga20_20_sat_pb.cnf.cr,false,,,false,20000,20000,opb,pseudo-boolean,0,460,true,
pb-comp-2024,normalized-PB06/DEC-LIN/submitted-PB05/aloul/FPGA_SAT05/normalized-fpga25_24_sat_pb.cnf.cr,false,,,false,20000,20000,opb,pseudo-boolean,0,673,true,
pb-comp-2024,normalized-PB06/DEC-LIN/submitted-PB05/aloul/FPGA_SAT05/normalized-fpga30_28_sat_pb.cnf.cr,false,,,false,20000,20000,opb,pseudo-boolean,0,926,true,
pb-comp-2024,normalized-PB06/DEC-LIN/submitted-PB05/aloul/FPGA_SAT05/normalized-fpga30_29_sat_pb.cnf.cr,false,,,false,20000,20000,opb,pseudo-boolean,0,958,true,
pb-comp-2024,normalized-PB06/DEC-LIN/submitted-PB05/aloul/FPGA_SAT05/normalized-fpga30_30_sat_pb.cnf.cr,false,,,false,20000,20000,opb,pseudo-boolean,0,990,true,
pb-comp-2024,normalized-PB06/DEC-LIN/submitted-PB05/aloul/FPGA_SAT05/normalized-fpga35_33_sat_pb.cnf.cr,false,,,false,20000,20000,opb,pseudo-boolean,0,1256,true,
pb-comp-2024,normalized-PB06/DEC-LIN/submitted-PB05/aloul/FPGA_SAT05/normalized-fpga40_38_sat_pb.cnf.cr,false,,,false,20000,20000,opb,pseudo-boolean,0,1636,true,
pb-comp-2024,normalized-PB06/DEC-LIN/submitted-PB05/aloul/FPGA_SAT05/normalized-fpga40_40_sat_pb.cnf.cr,false,,,false,20000,20000,opb,pseudo-boolean,0,1720,true,
pb-comp-2024,normalized-PB06/DEC-LIN/submitted-PB05/aloul/FPGA_SAT05/normalized-fpga45_43_sat_pb.cnf.cr,false,,,false,20000,20000,opb,pseudo-boolean,0,2066,true,
pb-comp-2024,normalized-PB06/DEC-LIN/submitted-PB06/liu/dbst/normalized-dbst_v30_e350_d15_mw10_1.opb.PB06,false,,,false,20000,20000,opb,pseudo-boolean,0,328901,true,
pb-comp-2024,normalized-PB06/DEC-LIN/submitted-PB06/liu/dbst/normalized-dbst_v30_e350_d15_mw10_2.opb.PB06,false,,,false,20000,20000,opb,pseudo-boolean,0,328901,true,
pb-comp-2024,normalized-PB06/DEC-LIN/submitted-PB06/liu/dbst/normalized-dbst_v30_e350_d15_mw10_3.opb.PB06,false,,,false,20000,20000,opb,pseudo-boolean,0,328901,true,
pb-comp-2024,normalized-PB06/DEC-LIN/submitted-PB06/liu/dbst/normalized-dbst_v30_e350_d15_mw10_8.opb.PB06,false,,,false,20000,20000,opb,pseudo-boolean,0,328901,true,
pb-comp-2024,normalized-PB06/DEC-LIN/submitted-PB06/liu/dbst/normalized-dbst_v30_e350_d15_mw10_9.opb.PB06,false,,,false,20000,20000,opb,pseudo-boolean,0,328901,true,
pb-comp-2024,normalized-PB06/DEC-LIN/submitted-PB06/liu/dbst/normalized-dbst_v40_e600_d20_mw10_0.opb.PB06,false,,,false,20000,20000,opb,pseudo-boolean,0,990001,true,
pb-comp-2024,normalized-PB06/DEC-LIN/submitted-PB06/liu/dbst/normalized-dbst_v40_e600_d20_mw10_2.opb.PB06,false,,,false,20000,20000,opb,pseudo-boolean,0,990001,true,
pb-comp-2024,normalized-PB06/DEC-LIN/submitted-PB06/liu/dbst/normalized-dbst_v40_e600_d20_mw10_5.opb.PB06,false,,,false,20000,20000,opb,pseudo-boolean,0,990001,true,
pb-comp-2024,normalized-PB06/DEC-LIN/submitted-PB06/liu/dbst/normalized-dbst_v40_e600_d20_mw10_6.opb.PB06,false,,,false,20000,20000,opb,pseudo-boolean,0,990001,true,
pb-comp-2024,normalized-PB06/DEC-LIN/submitted-PB06/liu/dbst/normalized-dbst_v40_e600_d20_mw10_9.opb.PB06,false,,,false,20000,20000,opb,pseudo-boolean,0,990001,true,
pb-comp-2024,normalized-PB06/DEC-LIN/submitted-PB06/liu/dbst/normalized-dbst_v50_e1000_d25_mw10_1.opb.PB06,false,,,false,20000,20000,opb,pseudo-boolean,0,2559501,true,
pb-comp-2024,normalized-PB06/DEC-LIN/submitted-PB06/liu/dbst/normalized-dbst_v50_e1000_d25_mw10_3.opb.PB06,false,,,false,20000,20000,opb,pseudo-boolean,0,2559501,true,
pb-comp-2024,normalized-PB06/DEC-LIN/submitted-PB06/liu/dbst/normalized-dbst_v50_e1000_d25_mw10_5.opb.PB06,false,,,false,20000,20000,opb,pseudo-boolean,0,2559501,true,
pb-comp-2024,normalized-PB06/DEC-LIN/submitted-PB06/liu/dbst/normalized-dbst_v50_e1000_d25_mw10_6.opb.PB06,false,,,false,20000,20000,opb,pseudo-boolean,0,2559501,true,
pb-comp-2024,normalized-PB06/DEC-LIN/submitted-PB06/liu/dbst/normalized-dbst_v50_e1000_d25_mw10_9.opb.PB06,false,,,false,20000,20000,opb,pseudo-boolean,0,2559501,true,
pb-comp-2024,normalized-PB06/DEC-LIN/submitted-PB06/liu/vdw/normalized-vdw_k3_l5_n550,false,,,false,20000,20000,opb,pseudo-boolean,0,113164,true,
pb-comp-2024,normalized-PB06/DEC-LIN/submitted-PB06/liu/vdw/normalized-vdw_k3_l6_n1500,false,,,false,20000,20000,opb,pseudo-boolean,0,674250,true,
pb-comp-2024,normalized-PB06/DEC-LIN/submitted-PB06/liu/vdw/normalized-vdw_k4_l4_n360,false,,,false,20000,20000,opb,pseudo-boolean,0,86040,true,
pb-comp-2024,normalized-PB06/DEC-LIN/submitted-PB06/liu/vdw/normalized-vdw_k5_l4_n750,false,,,false,20000,20000,opb,pseudo-boolean,0,467625,true,
pb-comp-2024,normalized-PB06/DEC-LIN/submitted-PB06/liu/vdw/normalized-vdw_k6_l3_n170,false,,,false,20000,20000,opb,pseudo-boolean,0,43010,true,
pb-comp-2024,normalized-PB06/DEC-LIN/submitted-PB06/manquiho/Aardal_1/normalized-cuww1,false,,,false,20000,20000,opb,pseudo-boolean,0,2,true,
pb-comp-2024,normalized-PB06/DEC-LIN/submitted-PB06/manquiho/Aardal_1/normalized-cuww2,false,,,false,20000,20000,opb,pseudo-boolean,0,2,true,
pb-comp-2024,normalized-PB06/DEC-LIN/submitted-PB06/manquiho/Aardal_1/normalized-cuww3,false,,,false,20000,20000,opb,pseudo-boolean,0,2,true,
pb-comp-2024,normalized-PB06/DEC-LIN/submitted-PB06/manquiho/Aardal_1/normalized-cuww4,false,,,false,20000,20000,opb,pseudo-boolean,0,2,true,
pb-comp-2024,normalized-PB06/DEC-LIN/submitted-PB06/manquiho/Aardal_1/normalized-cuww5,false,,,false,20000,20000,opb,pseudo-boolean,0,2,true,
pb-comp-2024,normalized-PB06/DEC-LIN/submitted-PB06/manquiho/Aardal_1/normalized-prob1,false,,,false,20000,20000,opb,pseudo-boolean,0,2,true,
pb-comp-2024,normalized-PB06/DEC-LIN/submitted-PB06/manquiho/Aardal_1/normalized-prob10,false,,,false,20000,20000,opb,pseudo-boolean,0,2,true,
pb-comp-2024,normalized-PB06/DEC-LIN/submitted-PB06/manquiho/Aardal_1/normalized-prob2,false,,,false,20000,20000,opb,pseudo-boolean,0,2,true,
pb-comp-2024,normalized-PB06/DEC-LIN/submitted-PB06/manquiho/Aardal_1/normalized-prob3,false,,,false,20000,20000,opb,pseudo-boolean,0,2,true,
pb-comp-2024,normalized-PB06/DEC-LIN/submitted-PB06/manquiho/Aardal_1/normalized-prob4,false,,,false,20000,20000,opb,pseudo-boolean,0,2,true,
pb-comp-2024,normalized-PB06/DEC-LIN/submitted-PB06/manquiho/Aardal_1/normalized-prob5,false,,,false,20000,20000,opb,pseudo-boolean,0,2,true,
pb-comp-2024,normalized-PB06/DEC-LIN/submitted-PB06/manquiho/Aardal_1/normalized-prob6,false,,,false,20000,20000,opb,pseudo-boolean,0,2,true,
pb-comp-2024,normalized-PB06/DEC-LIN/submitted-PB06/manquiho/Aardal_1/normalized-prob7,false,,,false,20000,20000,opb,pseudo-boolean,0,2,true,
pb-comp-2024,normalized-PB06/DEC-LIN/submitted-PB06/manquiho/Aardal_1/normalized-prob8,false,,,false,20000,20000,opb,pseudo-boolean,0,2,true,
pb-comp-2024,normalized-PB06/DEC-LIN/submitted-PB06/namasivayam/tsp/normalized-t3002.11tsp11.1900545610,false,,,false,20000,20000,opb,pseudo-boolean,0,2707,true,
pb-comp-2024,normalized-PB06/DEC-LIN/submitted-PB06/namasivayam/tsp/normalized-t3002.11tsp11.1900552735,false,,,false,20000,20000,opb,pseudo-boolean,0,2707,true,
pb-comp-2024,normalized-PB06/DEC-LIN/submitted-PB06/namasivayam/tsp/normalized-t3002.11tsp11.1900553606,false,,,false,20000,20000,opb,pseudo-boolean,0,2707,true,
pb-comp-2024,normalized-PB06/DEC-LIN/submitted-PB06/namasivayam/tsp/normalized-t3002.11tsp11.1900557957,false,,,false,20000,20000,opb,pseudo-boolean,0,2707,true,
pb-comp-2024,normalized-PB06/DEC-LIN/submitted-PB06/namasivayam/tsp/normalized-t3002.11tsp11.1900559676,false,,,false,20000,20000,opb,pseudo-boolean,0,2707,true,
pb-comp-2024,normalized-PB06/DEC-LIN/submitted-PB06/namasivayam/tsp/normalized-t3002.11tsp11.1900564281,false,,,false,20000,20000,opb,pseudo-boolean,0,2707,true,
pb-comp-2024,normalized-PB06/DEC-LIN/submitted-PB06/namasivayam/tsp/normalized-t3002.11tsp11.1900566157,false,,,false,20000,20000,opb,pseudo-boolean,0,2707,true,
pb-comp-2024,normalized-PB06/DEC-LIN/submitted-PB06/namasivayam/tsp/normalized-t3002.11tsp11.1900566263,false,,,false,20000,20000,opb,pseudo-boolean,0,2707,true,
pb-comp-2024,normalized-PB06/DEC-LIN/submitted-PB06/namasivayam/tsp/normalized-t3002.11tsp11.1900566270,false,,,false,20000,20000,opb,pseudo-boolean,0,2707,true,
pb-comp-2024,normalized-PB06/DEC-LIN/submitted-PB06/namasivayam/tsp/normalized-t3002.11tsp11.1900568706,false,,,false,20000,20000,opb,pseudo-boolean,0,2707,true,
pb-comp-2024,normalized-PB06/DEC-LIN/submitted-PB06/namasivayam/tsp/normalized-t3002.11tsp11.1900569834,false,,,false,20000,20000,opb,pseudo-boolean,0,2707,true,
pb-comp-2024,normalized-PB06/DEC-LIN/submitted-PB06/namasivayam/tsp/normalized-t3002.11tsp11.1900571132,false,,,false,20000,20000,opb,pseudo-boolean,0,2707,true,
pb-comp-2024,normalized-PB06/DEC-LIN/submitted-PB06/namasivayam/tsp/normalized-t3002.11tsp11.1900573901,false,,,false,20000,20000,opb,pseudo-boolean,0,2707,true,
pb-comp-2024,normalized-PB06/DEC-LIN/submitted-PB06/namasivayam/tsp/normalized-t3002.11tsp11.1900574864,false,,,false,20000,20000,opb,pseudo-boolean,0,2707,true,
pb-comp-2024,normalized-PB06/DEC-LIN/submitted-PB06/namasivayam/tsp/normalized-t3002.11tsp11.1900577000,false,,,false,20000,20000,opb,pseudo-boolean,0,2707,true,
pb-comp-2024,normalized-PB06/DEC-LIN/submitted-PB06/namasivayam/wnqueen/normalized-t2001.13queen13.1110967523,false,,,false,20000,20000,opb,pseudo-boolean,0,101,true,
pb-comp-2024,normalized-PB06/DEC-LIN/submitted-PB06/namasivayam/wnqueen/normalized-t2001.13queen13.1110971097,false,,,false,20000,20000,opb,pseudo-boolean,0,101,true,
pb-comp-2024,normalized-PB06/DEC-LIN/submitted-PB06/namasivayam/wnqueen/normalized-t2001.13queen13.1110973163,false,,,false,20000,20000,opb,pseudo-boolean,0,101,true,
pb-comp-2024,normalized-PB06/DEC-LIN/submitted-PB06/namasivayam/wnqueen/normalized-t2001.13queen13.1110978334,false,,,false,20000,20000,opb,pseudo-boolean,0,101,true,
pb-comp-2024,normalized-PB06/DEC-LIN/submitted-PB06/namasivayam/wnqueen/normalized-t2001.13queen13.1111212272,false,,,false,20000,20000,opb,pseudo-boolean,0,101,true,
pb-comp-2024,normalized-PB06/DEC-LIN/submitted-PB06/namasivayam/wnqueen/normalized-t2001.13queen13.1111217374,false,,,false,20000,20000,opb,pseudo-boolean,0,101,true,
pb-comp-2024,normalized-PB06/DEC-LIN/submitted-PB06/namasivayam/wnqueen/normalized-t2001.13queen13.1111217392,false,,,false,20000,20000,opb,pseudo-boolean,0,101,true,
pb-comp-2024,normalized-PB06/DEC-LIN/submitted-PB06/namasivayam/wnqueen/normalized-t2001.13queen13.1111221624,false,,,false,20000,20000,opb,pseudo-boolean,0,101,true,
pb-comp-2024,normalized-PB06/DEC-LIN/submitted-PB06/namasivayam/wnqueen/normalized-t2001.13queen13.1111221953,false,,,false,20000,20000,opb,pseudo-boolean,0,101,true,
pb-comp-2024,normalized-PB06/DEC-LIN/submitted-PB06/namasivayam/wnqueen/normalized-t2001.13queen13.1111222080,false,,,false,20000,20000,opb,pseudo-boolean,0,101,true,
pb-comp-2024,normalized-PB06/DEC-LIN/submitted-PB06/namasivayam/wnqueen/normalized-t2001.13queen13.1111222248,false,,,false,20000,20000,opb,pseudo-boolean,0,101,true,
pb-comp-2024,normalized-PB06/DEC-LIN/submitted-PB06/namasivayam/wnqueen/normalized-t2001.13queen13.1111223696,false,,,false,20000,20000,opb,pseudo-boolean,0,101,true,
pb-comp-2024,normalized-PB06/DEC-LIN/submitted-PB06/namasivayam/wnqueen/normalized-t2001.13queen13.1111226368,false,,,false,20000,20000,opb,pseudo-boolean,0,101,true,
pb-comp-2024,normalized-PB06/DEC-LIN/submitted-PB06/namasivayam/wnqueen/normalized-t2001.13queen13.1111226680,false,,,false,20000,20000,opb,pseudo-boolean,0,101,true,
pb-comp-2024,normalized-PB06/DEC-LIN/submitted-PB06/namasivayam/wnqueen/normalized-t2001.13queen13.1111228076,false,,,false,20000,20000,opb,pseudo-boolean,0,101,true,
pb-comp-2024,normalized-PB06/DEC-LIN/submitted-PB06/prestwich/armies/normalized-army10.14bt,false,,,false,20000,20000,opb,pseudo-boolean,0,686,true,
pb-comp-2024,normalized-PB06/DEC-LIN/submitted-PB06/prestwich/armies/normalized-army10.14ls,false,,,false,20000,20000,opb,pseudo-boolean,0,476,true,
pb-comp-2024,normalized-PB06/DEC-LIN/submitted-PB06/prestwich/armies/normalized-army11.17bt,false,,,false,20000,20000,opb,pseudo-boolean,0,809,true,
pb-comp-2024,normalized-PB06/DEC-LIN/submitted-PB06/prestwich/armies/normalized-army11.17ls,false,,,false,20000,20000,opb,pseudo-boolean,0,557,true,
pb-comp-2024,normalized-PB06/DEC-LIN/submitted-PB06/prestwich/armies/normalized-army12.21bt,false,,,false,20000,20000,opb,pseudo-boolean,0,942,true,
pb-comp-2024,normalized-PB06/DEC-LIN/submitted-PB06/prestwich/armies/normalized-army12.21ls,false,,,false,20000,20000,opb,pseudo-boolean,0,644,true,
pb-comp-2024,normalized-PB06/DEC-LIN/submitted-PB06/prestwich/armies/normalized-army13.24bt,false,,,false,20000,20000,opb,pseudo-boolean,0,1085,true,
pb-comp-2024,normalized-PB06/DEC-LIN/submitted-PB06/prestwich/armies/normalized-army13.24ls,false,,,false,20000,20000,opb,pseudo-boolean,0,737,true,
pb-comp-2024,normalized-PB06/DEC-LIN/submitted-PB06/prestwich/armies/normalized-army8.9bt,false,,,false,20000,20000,opb,pseudo-boolean,0,470,true,
pb-comp-2024,normalized-PB06/DEC-LIN/submitted-PB06/prestwich/armies/normalized-army8.9ls,false,,,false,20000,20000,opb,pseudo-boolean,0,332,true,
pb-comp-2024,normalized-PB06/DEC-LIN/submitted-PB06/prestwich/armies/normalized-army9.12bt,false,,,false,20000,20000,opb,pseudo-boolean,0,573,true,
pb-comp-2024,normalized-PB06/DEC-LIN/submitted-PB06/prestwich/armies/normalized-army9.12ls,false,,,false,20000,20000,opb,pseudo-boolean,0,401,true,
pb-comp-2024,normalized-PB06/DEC-LIN/submitted-PB06/prestwich/robin/normalized-robin10,false,,,false,20000,20000,opb,pseudo-boolean,0,410,true,
pb-comp-2024,normalized-PB06/DEC-LIN/submitted-PB06/prestwich/robin/normalized-robin12,false,,,false,20000,20000,opb,pseudo-boolean,0,600,true,
pb-comp-2024,normalized-PB06/DEC-LIN/submitted-PB06/prestwich/robin/normalized-robin14,false,,,false,20000,20000,opb,pseudo-boolean,0,826,true,
pb-comp-2024,normalized-PB06/DEC-LIN/submitted-PB06/prestwich/robin/normalized-robin16,false,,,false,20000,20000,opb,pseudo-boolean,0,1088,true,
pb-comp-2024,normalized-PB06/DEC-LIN/submitted-PB06/prestwich/robin/normalized-robin18,false,,,false,20000,20000,opb,pseudo-boolean,0,1386,true,
pb-comp-2024,normalized-PB06/DEC-LIN/submitted-PB06/prestwich/robin/normalized-robin8,false,,,false,20000,20000,opb,pseudo-boolean,0,256,true,
pb-comp-2024,normalized-PB06/DEC-LIN/submitted-PB06/roussel/normalized-pigeon-cardinality-105-100,false,,,false,20000,20000,opb,pseudo-boolean,0,205,true,
pb-comp-2024,normalized-PB06/DEC-LIN/submitted-PB06/roussel/normalized-pigeon-cardinality-11-10,false,,,false,20000,20000,opb,pseudo-boolean,0,21,true,
pb-comp-2024,normalized-PB06/DEC-LIN/submitted-PB06/roussel/normalized-pigeon-cardinality-45-40,false,,,false,20000,20000,opb,pseudo-boolean,0,85,true,
pb-comp-2024,normalized-PB06/DEC-LIN/submitted-PB06/roussel/normalized-pigeon-cardinality-61-60,false,,,false,20000,20000,opb,pseudo-boolean,0,121,true,
pb-comp-2024,normalized-PB06/DEC-LIN/submitted-PB06/roussel/normalized-pigeon-cardinality-81-80,false,,,false,20000,20000,opb,pseudo-boolean,0,161,true,
pb-comp-2024,normalized-PB06/DEC-LIN/submitted-PB06/roussel/normalized-pigeon-cardinality-85-80,false,,,false,20000,20000,opb,pseudo-boolean,0,165,true,
pb-comp-2024,normalized-PB06/DEC-LIN/submitted-PB06/roussel/normalized-pigeon-clauses-15-10,false,,,false,20000,20000,opb,pseudo-boolean,0,1065,true,
pb-comp-2024,normalized-PB06/DEC-LIN/submitted-PB06/roussel/normalized-pigeon-clauses-35-30,false,,,false,20000,20000,opb,pseudo-boolean,0,17885,true,
pb-comp-2024,normalized-PB06/DEC-LIN/submitted-PB06/roussel/normalized-pigeon-clauses-45-40,false,,,false,20000,20000,opb,pseudo-boolean,0,39645,true,
pb-comp-2024,normalized-PB06/DEC-LIN/submitted-PB06/roussel/normalized-pigeon-clauses-51-50,false,,,false,20000,20000,opb,pseudo-boolean,0,63801,true,
pb-comp-2024,normalized-PB06/DEC-LIN/submitted-PB06/roussel/normalized-pigeon-clauses-55-50,false,,,false,20000,20000,opb,pseudo-boolean,0,74305,true,
pb-comp-2024,normalized-PB06/DEC-LIN/submitted-PB06/roussel/normalized-pigeon-clauses-65-60,false,,,false,20000,20000,opb,pseudo-boolean,0,124865,true,
pb-comp-2024,normalized-PB06/DEC-LIN/submitted-PB06/roussel/normalized-pigeon-clauses-85-80,false,,,false,20000,20000,opb,pseudo-boolean,0,285685,true,
pb-comp-2024,normalized-PB06/DEC-LIN/submitted-PB06/roussel/normalized-pigeon-clauses-91-90,false,,,false,20000,20000,opb,pseudo-boolean,0,368641,true,
pb-comp-2024,normalized-PB06/DEC-LIN/submitted-PB06/roussel/normalized-pigeon-clauses-95-90,false,,,false,20000,20000,opb,pseudo-boolean,0,401945,true,
pb-comp-2024,normalized-PB06/DEC-LIN/web/uclid_pb_benchmarks/normalized-22s.smv,false,,,false,20000,20000,opb,pseudo-boolean,0,15365,true,
pb-comp-2024,normalized-PB06/DEC-LIN/web/uclid_pb_benchmarks/normalized-25s.smv,false,,,false,20000,20000,opb,pseudo-boolean,0,12829,true,
pb-comp-2024,normalized-PB06/DEC-LIN/web/uclid_pb_benchmarks/normalized-blast-floppy1-6.ucl,false,,,false,20000,20000,opb,pseudo-boolean,0,593,true,
pb-comp-2024,normalized-PB06/DEC-LIN/web/uclid_pb_benchmarks/normalized-blast-floppy1-8.ucl,false,,,false,20000,20000,opb,pseudo-boolean,0,3931,true,
pb-comp-2024,normalized-PB06/DEC-LIN/web/uclid_pb_benchmarks/normalized-blast-tlan3.ucl,false,,,false,20000,20000,opb,pseudo-boolean,0,50842,true,
pb-comp-2024,normalized-PB06/DEC-LIN/web/uclid_pb_benchmarks/normalized-cache-ibm-q-unbounded.Ic22arity.ucl,false,,,false,20000,20000,opb,pseudo-boolean,0,254772,true,
pb-comp-2024,normalized-PB06/DEC-LIN/web/uclid_pb_benchmarks/normalized-cache-ibm-q-unbounded.Ih2arity.ucl,false,,,false,20000,20000,opb,pseudo-boolean,0,218262,true,
pb-comp-2024,normalized-PB06/DEC-LIN/web/uclid_pb_benchmarks/normalized-ooo.burch_dill.4.accl.ucl,false,,,false,20000,20000,opb,pseudo-boolean,0,10412,true,
pb-comp-2024,normalized-PB06/DEC-LIN/web/uclid_pb_benchmarks/normalized-ooo.ex.br.mem.RobRegValid_bar.ucl,false,,,false,20000,20000,opb,pseudo-boolean,0,138346,true,
pb-comp-2024,normalized-PB06/DEC-LIN/web/uclid_pb_benchmarks/normalized-ooo.ex.mem.LdValue.ucl,false,,,false,20000,20000,opb,pseudo-boolean,0,218779,true,
pb-comp-2024,normalized-PB06/DEC-LIN/web/uclid_pb_benchmarks/normalized-ooo.ex.mem.LsqHdStrong.ucl,false,,,false,20000,20000,opb,pseudo-boolean,0,487525,true,
pb-comp-2024,normalized-PB06/DEC-LIN/web/uclid_pb_benchmarks/normalized-ooo.rf10.ucl,false,,,false,20000,20000,opb,pseudo-boolean,0,52475,true,
pb-comp-2024,normalized-PB06/DEC-LIN/web/uclid_pb_benchmarks/normalized-ooo.rf7.ucl,false,,,false,20000,20000,opb,pseudo-boolean,0,10457,true,
pb-comp-2024,normalized-PB06/DEC-LIN/web/uclid_pb_benchmarks/normalized-ooo.tag10.ucl,false,,,false,20000,20000,opb,pseudo-boolean,0,25914,true,
pb-comp-2024,normalized-PB06/DEC-LIN/web/uclid_pb_benchmarks/normalized-ooo.tag14.ucl,false,,,false,20000,20000,opb,pseudo-boolean,0,118930,true,
pb-comp-2024,"normalized-PB06/DEC-LIN/web/www.ps.uni-sb.de/~walser/benchmarks/ppp-problems/normalized-ppp:1,3-13,19",false,,,false,20000,20000,opb,pseudo-boolean,0,30348,true,
pb-comp-2024,"normalized-PB06/DEC-LIN/web/www.ps.uni-sb.de/~walser/benchmarks/ppp-problems/normalized-ppp:1-11,19,21",false,,,false,20000,20000,opb,pseudo-boolean,0,30179,true,
pb-comp-2024,"normalized-PB06/DEC-LIN/web/www.ps.uni-sb.de/~walser/benchmarks/ppp-problems/normalized-ppp:1-12,16",false,,,false,20000,20000,opb,pseudo-boolean,0,31725,true,
pb-comp-2024,normalized-PB06/DEC-LIN/web/www.ps.uni-sb.de/~walser/benchmarks/ppp-problems/normalized-ppp:1-13,false,,,false,20000,20000,opb,pseudo-boolean,0,30964,true,
pb-comp-2024,"normalized-PB06/DEC-LIN/web/www.ps.uni-sb.de/~walser/benchmarks/ppp-problems/normalized-ppp:1-9,16-19",false,,,false,20000,20000,opb,pseudo-boolean,0,30747,true,
pb-comp-2024,"normalized-PB06/DEC-LIN/web/www.ps.uni-sb.de/~walser/benchmarks/ppp-problems/normalized-ppp:3-13,25,26",false,,,false,20000,20000,opb,pseudo-boolean,0,31254,true,
pb-comp-2024,normalized-PB06/OPT-LIN/mps-v2-20-10/MIPLIB/miplib/normalized-mps-v2-20-10-lseu,false,,,false,20000,20000,opb,pseudo-boolean,0,29,true,
pb-comp-2024,normalized-PB06/OPT-LIN/mps-v2-20-10/MIPLIB/miplib/normalized-mps-v2-20-10-mod008,false,,,false,20000,20000,opb,pseudo-boolean,0,7,true,
pb-comp-2024,normalized-PB06/OPT-LIN/mps-v2-20-10/MIPLIB/miplib/normalized-mps-v2-20-10-p0548,false,,,false,20000,20000,opb,pseudo-boolean,0,167,true,
pb-comp-2024,normalized-PB06/OPT-LIN/mps-v2-20-10/MIPLIB/miplib2003/normalized-mps-v2-20-10-nw04,false,,,false,20000,20000,opb,pseudo-boolean,0,37,true,
pb-comp-2024,normalized-PB06/OPT-LIN/mps-v2-20-10/ftp.netlib.org/lp/data/normalized-mps-v2-20-10-ganges,false,,,false,20000,20000,opb,pseudo-boolean,0,1707,true,
pb-comp-2024,normalized-PB06/OPT-LIN/mps-v2-20-10/ftp.netlib.org/lp/data/normalized-mps-v2-20-10-sctap3,false,,,false,20000,20000,opb,pseudo-boolean,0,1409,true,
pb-comp-2024,normalized-PB06/OPT-LIN/mps-v2-20-10/ftp.netlib.org/lp/data/normalized-mps-v2-20-10-standgub,false,,,false,20000,20000,opb,pseudo-boolean,0,457,true,
pb-comp-2024,normalized-PB06/OPT-LIN/mps-v2-20-10/plato.asu.edu/pub/fctp/normalized-mps-v2-20-10-ran10x26,false,,,false,20000,20000,opb,pseudo-boolean,0,297,true,
pb-comp-2024,normalized-PB06/OPT-LIN/mps-v2-20-10/plato.asu.edu/pub/fctp/normalized-mps-v2-20-10-ran14x18,false,,,false,20000,20000,opb,pseudo-boolean,0,285,true,
pb-comp-2024,normalized-PB06/OPT-LIN/mps-v2-20-10/plato.asu.edu/pub/milp/normalized-mps-v2-20-10-seymour1,false,,,false,20000,20000,opb,pseudo-boolean,0,5866,true,
pb-comp-2024,normalized-PB06/OPT-LIN/mps-v2-20-10/plato.asu.edu/pub/unibo/normalized-mps-v2-20-10-UMTS,false,,,false,20000,20000,opb,pseudo-boolean,0,4466,true,
pb-comp-2024,normalized-PB06/OPT-LIN/mps-v2-20-10/plato.asu.edu/pub/unibo/normalized-mps-v2-20-10-bg512142,false,,,false,20000,20000,opb,pseudo-boolean,0,946,true,
pb-comp-2024,normalized-PB06/OPT-LIN/mps-v2-20-10/plato.asu.edu/pub/unibo/normalized-mps-v2-20-10-blp-ir98,false,,,false,20000,20000,opb,pseudo-boolean,0,530,true,
pb-comp-2024,normalized-PB06/OPT-LIN/mps-v2-20-10/plato.asu.edu/pub/unibo/normalized-mps-v2-20-10-core4284-1064,false,,,false,20000,20000,opb,pseudo-boolean,0,4286,true,
pb-comp-2024,normalized-PB06/OPT-LIN/mps-v2-20-10/plato.asu.edu/pub/unibo/normalized-mps-v2-20-10-nsrand_ipx,false,,,false,20000,20000,opb,pseudo-boolean,0,722,true,
pb-comp-2024,normalized-PB06/OPT-LIN/mps-v2-20-10/plato.asu.edu/pub/unibo/normalized-mps-v2-20-10-railway_8_1_0,false,,,false,20000,20000,opb,pseudo-boolean,0,3146,true,
pb-comp-2024,normalized-PB06/OPT-LIN/mps-v2-20-10/plato.asu.edu/pub/unibo/normalized-mps-v2-20-10-sp98ic,false,,,false,20000,20000,opb,pseudo-boolean,0,826,true,
pb-comp-2024,normalized-PB06/OPT-LIN/mps-v2-20-10/plato.asu.edu/pub/unibo/normalized-mps-v2-20-10-usAbbrv.8.25_70,false,,,false,20000,20000,opb,pseudo-boolean,0,3922,true,
pb-comp-2024,normalized-PB06/OPT-LIN/mps-v2-20-10/www.csit.fsu.edu/~burkardt/datasets/mps/normalized-mps-v2-20-10-maros,false,,,false,20000,20000,opb,pseudo-boolean,0,7,true,
pb-comp-2024,normalized-PB06/OPT-LIN/mps-v2-20-10/www.csit.fsu.edu/~burkardt/datasets/mps/normalized-mps-v2-20-10-nazareth,false,,,false,20000,20000,opb,pseudo-boolean,0,4,true,
pb-comp-2024,normalized-PB06/OPT-LIN/mps-v2-20-10/www.csit.fsu.edu/~burkardt/datasets/mps/normalized-mps-v2-20-10-testprob,false,,,false,20000,20000,opb,pseudo-boolean,0,6,true,
pb-comp-2024,normalized-PB06/OPT-LIN/submitted-PB05/manquinho/logic-synthesis/normalized-exam.pi,false,,,false,20000,20000,opb,pseudo-boolean,0,510,true,
pb-comp-2024,normalized-PB06/OPT-LIN/submitted-PB05/manquinho/primes-dimacs-cnf/normalized-aim-200-2_0-yes1-2,false,,,false,20000,20000,opb,pseudo-boolean,0,601,true,
pb-comp-2024,normalized-PB06/OPT-LIN/submitted-PB05/manquinho/primes-dimacs-cnf/normalized-aim-200-3_4-yes1-2,false,,,false,20000,20000,opb,pseudo-boolean,0,881,true,
pb-comp-2024,normalized-PB06/OPT-LIN/submitted-PB05/manquinho/primes-dimacs-cnf/normalized-aim-200-3_4-yes1-3,false,,,false,20000,20000,opb,pseudo-boolean,0,881,true,
pb-comp-2024,normalized-PB06/OPT-LIN/submitted-PB05/manquinho/primes-dimacs-cnf/normalized-aim-50-2_0-yes1-4,false,,,false,20000,20000,opb,pseudo-boolean,0,151,true,
pb-comp-2024,normalized-PB06/OPT-LIN/submitted-PB05/manquinho/primes-dimacs-cnf/normalized-ii16a2,false,,,false,20000,20000,opb,pseudo-boolean,0,24884,true,
pb-comp-2024,normalized-PB06/OPT-LIN/submitted-PB05/manquinho/primes-dimacs-cnf/normalized-ii16d1,false,,,false,20000,20000,opb,pseudo-boolean,0,17132,true,
pb-comp-2024,normalized-PB06/OPT-LIN/submitted-PB05/manquinho/primes-dimacs-cnf/normalized-ii32c3,false,,,false,20000,20000,opb,pseudo-boolean,0,3552,true,
pb-comp-2024,normalized-PB06/OPT-LIN/submitted-PB05/manquinho/primes-dimacs-cnf/normalized-ii32e4,false,,,false,20000,20000,opb,pseudo-boolean,0,7494,true,
pb-comp-2024,normalized-PB06/OPT-LIN/submitted-PB05/manquinho/primes-dimacs-cnf/normalized-par32-2,false,,,false,20000,20000,opb,pseudo-boolean,0,13430,true,
pb-comp-2024,normalized-PB06/OPT-LIN/submitted-PB05/manquinho/primes-dimacs-cnf/normalized-ssa7552-038,false,,,false,20000,20000,opb,pseudo-boolean,0,5077,true,
pb-comp-2024,normalized-PB06/OPT-LIN/submitted-PB05/manquinho/routing/normalized-s3-3-3-2pb,false,,,false,20000,20000,opb,pseudo-boolean,0,713,true,
pb-comp-2024,normalized-PB06/OPT-LIN/submitted-PB05/manquinho/routing/normalized-s3-3-3-4pb,false,,,false,20000,20000,opb,pseudo-boolean,0,617,true,
pb-comp-2024,normalized-PB06/OPT-LIN/submitted-PB05/manquinho/routing/normalized-s3-3-3-5pb,false,,,false,20000,20000,opb,pseudo-boolean,0,647,true,
pb-comp-2024,normalized-PB06/OPT-LIN/submitted-PB05/manquinho/routing/normalized-s4-4-3-1pb,false,,,false,20000,20000,opb,pseudo-boolean,0,2029,true,
pb-comp-2024,normalized-PB06/OPT-LIN/submitted-PB05/manquinho/routing/normalized-s4-4-3-2pb,false,,,false,20000,20000,opb,pseudo-boolean,0,1953,true,
pb-comp-2024,normalized-PB06/OPT-LIN/submitted-PB05/manquinho/routing/normalized-s4-4-3-4pb,false,,,false,20000,20000,opb,pseudo-boolean,0,2097,true,
pb-comp-2024,normalized-PB06/OPT-LIN/submitted-PB05/manquinho/routing/normalized-s4-4-3-5pb,false,,,false,20000,20000,opb,pseudo-boolean,0,2169,true,
pb-comp-2024,normalized-PB06/OPT-LIN/submitted-PB05/manquinho/routing/normalized-s4-4-3-6pb,false,,,false,20000,20000,opb,pseudo-boolean,0,1885,true,
pb-comp-2024,normalized-PB06/OPT-LIN/submitted-PB05/manquinho/routing/normalized-s4-4-3-8pb,false,,,false,20000,20000,opb,pseudo-boolean,0,1305,true,
pb-comp-2024,normalized-PB06/OPT-LIN/submitted-PB05/manquinho/routing/normalized-s4-4-3-9pb,false,,,false,20000,20000,opb,pseudo-boolean,0,2527,true,
pb-comp-2024,normalized-PB06/OPT-LIN/submitted-PB05/manquinho/synthesis-ptl-cmos-circuits/normalized-cc,false,,,false,20000,20000,opb,pseudo-boolean,0,230,true,
pb-comp-2024,normalized-PB06/OPT-LIN/submitted-PB05/manquinho/ttp/normalized-circ10_3,false,,,false,20000,20000,opb,pseudo-boolean,0,42621,true,
pb-comp-2024,normalized-PB06/OPT-LIN/submitted-PB05/manquinho/ttp/normalized-circ4_3,false,,,false,20000,20000,opb,pseudo-boolean,0,705,true,
pb-comp-2024,normalized-PB06/OPT-LIN/submitted-PB05/manquinho/ttp/normalized-circ6_3,false,,,false,20000,20000,opb,pseudo-boolean,0,4477,true,
pb-comp-2024,normalized-PB06/OPT-LIN/submitted-PB05/manquinho/ttp/normalized-circ8_3,false,,,false,20000,20000,opb,pseudo-boolean,0,16097,true,
pb-comp-2024,normalized-PB06/OPT-LIN/submitted-PB05/manquinho/ttp/normalized-data10_3,false,,,false,20000,20000,opb,pseudo-boolean,0,42621,true,
pb-comp-2024,normalized-PB06/OPT-LIN/submitted-PB05/manquinho/ttp/normalized-data4_3,false,,,false,20000,20000,opb,pseudo-boolean,0,705,true,
pb-comp-2024,normalized-PB06/OPT-LIN/submitted-PB05/manquinho/ttp/normalized-data6_3,false,,,false,20000,20000,opb,pseudo-boolean,0,4477,true,
pb-comp-2024,normalized-PB06/OPT-LIN/submitted-PB05/manquinho/ttp/normalized-data8_3,false,,,false,20000,20000,opb,pseudo-boolean,0,16097,true,
pb-comp-2024,normalized-PB06/OPT-LIN/submitted-PB05/sorensson/garden/normalized-g100x100,false,,,false,20000,20000,opb,pseudo-boolean,0,10001,true,
pb-comp-2024,normalized-PB06/OPT-LIN/submitted-PB05/sorensson/garden/normalized-g15x15,false,,,false,20000,20000,opb,pseudo-boolean,0,226,true,
pb-comp-2024,normalized-PB06/OPT-LIN/submitted-PB05/sorensson/garden/normalized-g2x2,false,,,false,20000,20000,opb,pseudo-boolean,0,5,true,
pb-comp-2024,normalized-PB06/OPT-LIN/submitted-PB05/sorensson/garden/normalized-g4x4,false,,,false,20000,20000,opb,pseudo-boolean,0,17,true,
pb-comp-2024,normalized-PB06/OPT-LIN/submitted-PB05/sorensson/garden/normalized-g7x7,false,,,false,20000,20000,opb,pseudo-boolean,0,50,true,
pb-comp-2024,normalized-PB06/OPT-LIN/submitted-PB05/sorensson/garden/normalized-g9x3,false,,,false,20000,20000,opb,pseudo-boolean,0,28,true,
pb-comp-2024,normalized-PB06/OPT-LIN/submitted-PB05/sorensson/garden/normalized-g9x9,false,,,false,20000,20000,opb,pseudo-boolean,0,82,true,
pb-comp-2024,normalized-PB06/OPT-LIN/submitted-PB06/liu/domset/normalized-domset_v500_e2000_w30_mw19_10.opb.PB06,false,,,false,20000,20000,opb,pseudo-boolean,0,471,true,
pb-comp-2024,normalized-PB06/OPT-LIN/submitted-PB06/liu/domset/normalized-domset_v500_e2000_w30_mw19_11.opb.PB06,false,,,false,20000,20000,opb,pseudo-boolean,0,474,true,
pb-comp-2024,normalized-PB06/OPT-LIN/submitted-PB06/liu/domset/normalized-domset_v500_e2000_w30_mw19_12.opb.PB06,false,,,false,20000,20000,opb,pseudo-boolean,0,466,true,
pb-comp-2024,normalized-PB06/OPT-LIN/submitted-PB06/liu/domset/normalized-domset_v500_e2000_w30_mw19_13.opb.PB06,false,,,false,20000,20000,opb,pseudo-boolean,0,477,true,
pb-comp-2024,normalized-PB06/OPT-LIN/submitted-PB06/liu/domset/normalized-domset_v500_e2000_w30_mw19_16.opb.PB06,false,,,false,20000,20000,opb,pseudo-boolean,0,477,true,
pb-comp-2024,normalized-PB06/OPT-LIN/submitted-PB06/liu/domset/normalized-domset_v500_e2000_w30_mw19_19.opb.PB06,false,,,false,20000,20000,opb,pseudo-boolean,0,467,true,
pb-comp-2024,normalized-PB06/OPT-LIN/submitted-PB06/liu/domset/normalized-domset_v500_e2000_w30_mw19_20.opb.PB06,false,,,false,20000,20000,opb,pseudo-boolean,0,473,true,
pb-comp-2024,normalized-PB06/OPT-LIN/submitted-PB06/liu/domset/normalized-domset_v500_e2000_w30_mw19_21.opb.PB06,false,,,false,20000,20000,opb,pseudo-boolean,0,479,true,
pb-comp-2024,normalized-PB06/OPT-LIN/submitted-PB06/liu/domset/normalized-domset_v500_e2000_w30_mw19_22.opb.PB06,false,,,false,20000,20000,opb,pseudo-boolean,0,471,true,
pb-comp-2024,normalized-PB06/OPT-LIN/submitted-PB06/liu/domset/normalized-domset_v500_e2000_w30_mw19_23.opb.PB06,false,,,false,20000,20000,opb,pseudo-boolean,0,480,true,
pb-comp-2024,normalized-PB06/OPT-LIN/submitted-PB06/liu/vtxcov/normalized-vtxcov_v2000_e4000_0.opb.PB06,false,,,false,20000,20000,opb,pseudo-boolean,0,4001,true,
pb-comp-2024,normalized-PB06/OPT-LIN/submitted-PB06/liu/vtxcov/normalized-vtxcov_v2000_e4000_1.opb.PB06,false,,,false,20000,20000,opb,pseudo-boolean,0,4001,true,
pb-comp-2024,normalized-PB06/OPT-LIN/submitted-PB06/liu/vtxcov/normalized-vtxcov_v2000_e4000_11.opb.PB06,false,,,false,20000,20000,opb,pseudo-boolean,0,4001,true,
pb-comp-2024,normalized-PB06/OPT-LIN/submitted-PB06/liu/vtxcov/normalized-vtxcov_v2000_e4000_12.opb.PB06,false,,,false,20000,20000,opb,pseudo-boolean,0,4001,true,
pb-comp-2024,normalized-PB06/OPT-LIN/submitted-PB06/liu/vtxcov/normalized-vtxcov_v2000_e4000_21.opb.PB06,false,,,false,20000,20000,opb,pseudo-boolean,0,4001,true,
pb-comp-2024,normalized-PB06/OPT-LIN/submitted-PB06/liu/vtxcov/normalized-vtxcov_v2000_e4000_34.opb.PB06,false,,,false,20000,20000,opb,pseudo-boolean,0,4001,true,
pb-comp-2024,normalized-PB06/OPT-LIN/submitted-PB06/liu/vtxcov/normalized-vtxcov_v2000_e4000_43.opb.PB06,false,,,false,20000,20000,opb,pseudo-boolean,0,4001,true,
pb-comp-2024,normalized-PB06/OPT-LIN/submitted-PB06/liu/vtxcov/normalized-vtxcov_v2000_e4000_5.opb.PB06,false,,,false,20000,20000,opb,pseudo-boolean,0,4001,true,
pb-comp-2024,normalized-PB06/OPT-LIN/submitted-PB06/liu/vtxcov/normalized-vtxcov_v2000_e4000_6.opb.PB06,false,,,false,20000,20000,opb,pseudo-boolean,0,4001,true,
pb-comp-2024,normalized-PB06/OPT-LIN/submitted-PB06/liu/vtxcov/normalized-vtxcov_v2000_e4000_7.opb.PB06,false,,,false,20000,20000,opb,pseudo-boolean,0,4001,true,
pb-comp-2024,normalized-PB06/OPT-LIN/submitted-PB06/liu/wnq/normalized-wnq_n100_mw99_0.opb.PB06,false,,,false,20000,20000,opb,pseudo-boolean,0,656901,true,
pb-comp-2024,normalized-PB06/OPT-LIN/submitted-PB06/liu/wnq/normalized-wnq_n100_mw99_1.opb.PB06,false,,,false,20000,20000,opb,pseudo-boolean,0,656901,true,
pb-comp-2024,normalized-PB06/OPT-LIN/submitted-PB06/liu/wnq/normalized-wnq_n100_mw99_10.opb.PB06,false,,,false,20000,20000,opb,pseudo-boolean,0,656901,true,
pb-comp-2024,normalized-PB06/OPT-LIN/submitted-PB06/liu/wnq/normalized-wnq_n100_mw99_11.opb.PB06,false,,,false,20000,20000,opb,pseudo-boolean,0,656901,true,
pb-comp-2024,normalized-PB06/OPT-LIN/submitted-PB06/liu/wnq/normalized-wnq_n100_mw99_13.opb.PB06,false,,,false,20000,20000,opb,pseudo-boolean,0,656901,true,
pb-comp-2024,normalized-PB06/OPT-LIN/submitted-PB06/liu/wnq/normalized-wnq_n100_mw99_2.opb.PB06,false,,,false,20000,20000,opb,pseudo-boolean,0,656901,true,
pb-comp-2024,normalized-PB06/OPT-LIN/submitted-PB06/liu/wnq/normalized-wnq_n100_mw99_5.opb.PB06,false,,,false,20000,20000,opb,pseudo-boolean,0,656901,true,
pb-comp-2024,normalized-PB06/OPT-LIN/submitted-PB06/liu/wnq/normalized-wnq_n100_mw99_7.opb.PB06,false,,,false,20000,20000,opb,pseudo-boolean,0,656901,true,
pb-comp-2024,normalized-PB06/OPT-LIN/submitted-PB06/liu/wnq/normalized-wnq_n100_mw99_8.opb.PB06,false,,,false,20000,20000,opb,pseudo-boolean,0,656901,true,
pb-comp-2024,normalized-PB06/OPT-LIN/submitted-PB06/liu/wnq/normalized-wnq_n100_mw99_9.opb.PB06,false,,,false,20000,20000,opb,pseudo-boolean,0,656901,true,
pb-comp-2024,normalized-PB06/OPT-LIN/submitted-PB06/manquiho/bounded_golomb_rulers/normalized-bogr_11,false,,,false,20000,20000,opb,pseudo-boolean,0,2432,true,
pb-comp-2024,normalized-PB06/OPT-LIN/submitted-PB06/manquiho/bounded_golomb_rulers/normalized-bogr_14,false,,,false,20000,20000,opb,pseudo-boolean,0,6385,true,
pb-comp-2024,normalized-PB06/OPT-LIN/submitted-PB06/manquiho/bounded_golomb_rulers/normalized-bogr_5,false,,,false,20000,20000,opb,pseudo-boolean,0,106,true,
pb-comp-2024,normalized-PB06/OPT-LIN/submitted-PB06/manquiho/bounded_golomb_rulers/normalized-bogr_6,false,,,false,20000,20000,opb,pseudo-boolean,0,217,true,
pb-comp-2024,normalized-PB06/OPT-LIN/submitted-PB06/manquiho/golomb-rulers/normalized-OGR_12,false,,,false,20000,20000,opb,pseudo-boolean,0,3444,true,
pb-comp-2024,normalized-PB06/OPT-LIN/submitted-PB06/manquiho/golomb-rulers/normalized-OGR_14,false,,,false,20000,20000,opb,pseudo-boolean,0,6384,true,
pb-comp-2024,normalized-PB06/OPT-LIN/submitted-PB06/manquiho/golomb-rulers/normalized-OGR_17,false,,,false,20000,20000,opb,pseudo-boolean,0,13889,true,
pb-comp-2024,normalized-PB06/OPT-LIN/submitted-PB06/manquiho/golomb-rulers/normalized-OGR_18,false,,,false,20000,20000,opb,pseudo-boolean,0,17460,true,
pb-comp-2024,normalized-PB06/OPT-LIN/submitted-PB06/manquiho/golomb-rulers/normalized-OGR_5,false,,,false,20000,20000,opb,pseudo-boolean,0,105,true,
pb-comp-2024,normalized-PB06/OPT-LIN/submitted-PB06/manquiho/golomb-rulers/normalized-OGR_7,false,,,false,20000,20000,opb,pseudo-boolean,0,399,true,
pb-comp-2024,normalized-PB06/OPT-LIN/submitted-PB06/manquiho/haplotype/normalized-simp-nonunif-100_100.02,false,,,false,20000,20000,opb,pseudo-boolean,0,1314051,true,
pb-comp-2024,normalized-PB06/OPT-LIN/submitted-PB06/manquiho/haplotype/normalized-simp-nonunif-100_100.07,false,,,false,20000,20000,opb,pseudo-boolean,0,1266469,true,
pb-comp-2024,normalized-PB06/OPT-LIN/submitted-PB06/manquiho/haplotype/normalized-simp-nonunif-100_100.10,false,,,false,20000,20000,opb,pseudo-boolean,0,1883064,true,
pb-comp-2024,normalized-PB06/OPT-LIN/submitted-PB06/manquiho/haplotype/normalized-simp-nonunif-100_100.11,false,,,false,20000,20000,opb,pseudo-boolean,0,1210401,true,
pb-comp-2024,normalized-PB06/OPT-LIN/submitted-PB06/manquiho/haplotype/normalized-simp-nonunif-100_100.12,false,,,false,20000,20000,opb,pseudo-boolean,0,1553329,true,
pb-comp-2024,normalized-PB06/OPT-LIN/submitted-PB06/manquiho/haplotype/normalized-simp-nonunif-100_100.14,false,,,false,20000,20000,opb,pseudo-boolean,0,1451913,true,
pb-comp-2024,normalized-PB06/OPT-LIN/submitted-PB06/manquiho/haplotype/normalized-simp-unif-100_100.00,false,,,false,20000,20000,opb,pseudo-boolean,0,386811,true,
pb-comp-2024,normalized-PB06/OPT-LIN/submitted-PB06/manquiho/haplotype/normalized-simp-unif-100_100.08,false,,,false,20000,20000,opb,pseudo-boolean,0,449184,true,
pb-comp-2024,normalized-PB06/OPT-LIN/submitted-PB06/manquiho/logic_synthesis/normalized-addm4.r,false,,,false,20000,20000,opb,pseudo-boolean,0,833,true,
pb-comp-2024,normalized-PB06/OPT-LIN/submitted-PB06/manquiho/logic_synthesis/normalized-bench1.r,false,,,false,20000,20000,opb,pseudo-boolean,0,404,true,
pb-comp-2024,normalized-PB06/OPT-LIN/submitted-PB06/manquiho/logic_synthesis/normalized-ex1010.pi,false,,,false,20000,20000,opb,pseudo-boolean,0,1469,true,
pb-comp-2024,normalized-PB06/OPT-LIN/submitted-PB06/manquiho/logic_synthesis/normalized-fout.r,false,,,false,20000,20000,opb,pseudo-boolean,0,178,true,
pb-comp-2024,normalized-PB06/OPT-LIN/submitted-PB06/manquiho/logic_synthesis/normalized-m4.r,false,,,false,20000,20000,opb,pseudo-boolean,0,760,true,
pb-comp-2024,normalized-PB06/OPT-LIN/submitted-PB06/manquiho/logic_synthesis/normalized-m50_100_70_70.r,false,,,false,20000,20000,opb,pseudo-boolean,0,51,true,
pb-comp-2024,normalized-PB06/OPT-LIN/submitted-PB06/manquiho/logic_synthesis/normalized-maincont.r,false,,,false,20000,20000,opb,pseudo-boolean,0,106,true,
pb-comp-2024,normalized-PB06/OPT-LIN/submitted-PB06/manquiho/logic_synthesis/normalized-pdc.r,false,,,false,20000,20000,opb,pseudo-boolean,0,6905,true,
pb-comp-2024,normalized-PB06/OPT-LIN/submitted-PB06/manquiho/market-split/normalized-market-split_4_30_2,false,,,false,20000,20000,opb,pseudo-boolean,0,10,true,
pb-comp-2024,normalized-PB06/OPT-LIN/submitted-PB06/manquiho/market-split/normalized-market-split_5_40_2,false,,,false,20000,20000,opb,pseudo-boolean,0,12,true,
pb-comp-2024,normalized-PB06/OPT-LIN/submitted-PB06/manquiho/market-split/normalized-market-split_8_70_3,false,,,false,20000,20000,opb,pseudo-boolean,0,18,true,
pb-comp-2024,normalized-PB06/OPT-LIN/submitted-PB06/manquiho/market-split/normalized-market-split_8_70_4,false,,,false,20000,20000,opb,pseudo-boolean,0,18,true,
pb-comp-2024,normalized-PB06/OPT-LIN/submitted-PB06/manquiho/market-split/normalized-opt-market-split_5_40_1,false,,,false,20000,20000,opb,pseudo-boolean,0,11,true,
pb-comp-2024,normalized-PB06/OPT-LIN/submitted-PB06/manquiho/market-split/normalized-opt-market-split_6_50_1,false,,,false,20000,20000,opb,pseudo-boolean,0,13,true,
pb-comp-2024,normalized-PB06/OPT-LIN/submitted-PB06/manquiho/market-split/normalized-opt-market-split_6_50_3,false,,,false,20000,20000,opb,pseudo-boolean,0,13,true,
pb-comp-2024,normalized-PB06/OPT-LIN/submitted-PB06/manquiho/market-split/normalized-opt-market-split_7_60_2,false,,,false,20000,20000,opb,pseudo-boolean,0,15,true,
pb-comp-2024,normalized-PB06/OPT-LIN/submitted-PB06/manquiho/market-split/normalized-opt-market-split_8_70_1,false,,,false,20000,20000,opb,pseudo-boolean,0,17,true,
pb-comp-2024,normalized-PB06/OPT-LIN/submitted-PB06/manquiho/market-split/normalized-opt-market-split_8_70_3,false,,,false,20000,20000,opb,pseudo-boolean,0,17,true,
pb-comp-2024,normalized-PB06/OPT-LIN/submitted-PB06/roussel/factor/normalized-factor-size=9-P=149-Q=487,false,,,false,20000,20000,opb,pseudo-boolean,0,245,true,
pb-comp-2024,normalized-PB06/OPT-LIN/submitted-PB06/roussel/factor/normalized-factor-size=9-P=269-Q=359,false,,,false,20000,20000,opb,pseudo-boolean,0,245,true,
pb-comp-2024,normalized-PB06/OPT-LIN/submitted-PB06/roussel/factor/normalized-factor-size=9-P=397-Q=449,false,,,false,20000,20000,opb,pseudo-boolean,0,245,true,
pb-comp-2024,normalized-PB06/OPT-LIN/submitted-PB06/roussel/factor/normalized-factor-size=9-P=41-Q=347,false,,,false,20000,20000,opb,pseudo-boolean,0,245,true,
pb-comp-2024,normalized-PB06/OPT-LIN/submitted-PB06/roussel/factor/normalized-factor-size=9-P=47-Q=197,false,,,false,20000,20000,opb,pseudo-boolean,0,245,true,
pb-comp-2024,normalized-PB06/OPT-LIN/submitted-PB06/roussel/factor/normalized-factor-sizeN=20-sizeP=11-sizeQ=20-900543-max,false,,,false,20000,20000,opb,pseudo-boolean,0,662,true,
pb-comp-2024,normalized-PB06/OPT-LIN/web/www.nlsde.buaa.edu.cn/~kexu/benchmarks/frb30-15-opb/normalized-frb30-15-1,false,,,false,20000,20000,opb,pseudo-boolean,0,17828,true,
pb-comp-2024,normalized-PB06/OPT-LIN/web/www.nlsde.buaa.edu.cn/~kexu/benchmarks/frb30-15-opb/normalized-frb30-15-5,false,,,false,20000,20000,opb,pseudo-boolean,0,17795,true,
pb-comp-2024,normalized-PB06/OPT-LIN/web/www.nlsde.buaa.edu.cn/~kexu/benchmarks/frb35-17-opb/normalized-frb35-17-1,false,,,false,20000,20000,opb,pseudo-boolean,0,27857,true,
pb-comp-2024,normalized-PB06/OPT-LIN/web/www.nlsde.buaa.edu.cn/~kexu/benchmarks/frb40-19-opb/normalized-frb40-19-1,false,,,false,20000,20000,opb,pseudo-boolean,0,41315,true,
pb-comp-2024,normalized-PB06/OPT-LIN/web/www.nlsde.buaa.edu.cn/~kexu/benchmarks/frb40-19-opb/normalized-frb40-19-2,false,,,false,20000,20000,opb,pseudo-boolean,0,41264,true,
pb-comp-2024,normalized-PB06/OPT-LIN/web/www.nlsde.buaa.edu.cn/~kexu/benchmarks/frb45-21-opb/normalized-frb45-21-1,false,,,false,20000,20000,opb,pseudo-boolean,0,59187,true,
pb-comp-2024,normalized-PB06/OPT-LIN/web/www.nlsde.buaa.edu.cn/~kexu/benchmarks/frb50-23-opb/normalized-frb50-23-3,false,,,false,20000,20000,opb,pseudo-boolean,0,81069,true,
pb-comp-2024,normalized-PB06/OPT-LIN/web/www.nlsde.buaa.edu.cn/~kexu/benchmarks/frb53-24-opb/normalized-frb53-24-1,false,,,false,20000,20000,opb,pseudo-boolean,0,94228,true,
pb-comp-2024,normalized-PB06/OPT-LIN/web/www.nlsde.buaa.edu.cn/~kexu/benchmarks/frb53-24-opb/normalized-frb53-24-2,false,,,false,20000,20000,opb,pseudo-boolean,0,94290,true,
pb-comp-2024,normalized-PB06/OPT-LIN/web/www.nlsde.buaa.edu.cn/~kexu/benchmarks/frb59-26-opb/normalized-frb59-26-2,false,,,false,20000,20000,opb,pseudo-boolean,0,126164,true,
pb-comp-2024,normalized-PB06/OPT-LIN/web/www.ps.uni-sb.de/~walser/benchmarks/course-ass/normalized-ss97-2,false,,,false,20000,20000,opb,pseudo-boolean,0,10668,true,
pb-comp-2024,normalized-PB06/OPT-LIN/web/www.ps.uni-sb.de/~walser/benchmarks/course-ass/normalized-ss97-4,false,,,false,20000,20000,opb,pseudo-boolean,0,765,true,
pb-comp-2024,normalized-PB06/OPT-LIN/web/www.ps.uni-sb.de/~walser/benchmarks/course-ass/normalized-ss97-6,false,,,false,20000,20000,opb,pseudo-boolean,0,98,true,
pb-comp-2024,normalized-PB06/OPT-LIN/web/www.ps.uni-sb.de/~walser/benchmarks/course-ass/normalized-ws97-3,false,,,false,20000,20000,opb,pseudo-boolean,0,1986,true,
pb-comp-2024,normalized-PB06/OPT-LIN/web/www.ps.uni-sb.de/~walser/benchmarks/course-ass/normalized-ws97-5,false,,,false,20000,20000,opb,pseudo-boolean,0,404,true,
pb-comp-2024,normalized-PB06/OPT-LIN/web/www.ps.uni-sb.de/~walser/benchmarks/radar/normalized-10:10:4.5:0.95:100,false,,,false,20000,20000,opb,pseudo-boolean,0,502,true,
pb-comp-2024,normalized-PB06/OPT-LIN/web/www.ps.uni-sb.de/~walser/benchmarks/radar/normalized-10:10:4.5:0.95:98,false,,,false,20000,20000,opb,pseudo-boolean,0,478,true,
pb-comp-2024,normalized-PB06/OPT-LIN/web/www.ps.uni-sb.de/~walser/benchmarks/radar/normalized-10:20:4.5:0.5:100,false,,,false,20000,20000,opb,pseudo-boolean,0,868,true,
pb-comp-2024,normalized-PB06/OPT-LIN/web/www.ps.uni-sb.de/~walser/benchmarks/radar/normalized-10:20:4.5:0.95:100,false,,,false,20000,20000,opb,pseudo-boolean,0,1064,true,
pb-comp-2024,normalized-PB06/OPT-LIN/web/www.ps.uni-sb.de/~walser/benchmarks/radar/normalized-10:20:4.5:0.95:98,false,,,false,20000,20000,opb,pseudo-boolean,0,1040,true,
pb-comp-2024,normalized-PB06/OPT-LIN/web/www.ps.uni-sb.de/~walser/benchmarks/radar/normalized-30:30:4.5:0.95:100,false,,,false,20000,20000,opb,pseudo-boolean,0,5281,true,
pb-comp-2024,normalized-PB06/OPT-LIN/web/www.ps.uni-sb.de/~walser/benchmarks/radar/normalized-30:30:4.5:0.95:98,false,,,false,20000,20000,opb,pseudo-boolean,0,5264,true,
pb-comp-2024,normalized-PB06/OPT-LIN/web/www.ps.uni-sb.de/~walser/benchmarks/radar/normalized-30:70:4.5:0.5:100,false,,,false,20000,20000,opb,pseudo-boolean,0,12052,true,
pb-comp-2024,normalized-PB06/OPT-LIN/web/www.ps.uni-sb.de/~walser/benchmarks/radar/normalized-30:70:4.5:0.95:100,false,,,false,20000,20000,opb,pseudo-boolean,0,12528,true,
pb-comp-2024,normalized-PB06/OPT-LIN/web/www.ps.uni-sb.de/~walser/benchmarks/radar/normalized-30:70:4.5:0.95:98,false,,,false,20000,20000,opb,pseudo-boolean,0,12473,true,
pb-comp-2024,normalized-PB07/DEC-NLC/submittedPB07/manquinho/dbsg/normalized-dbsg_100_10_1_15,false,,,false,20000,20000,opb,pseudo-boolean,0,302,true,
pb-comp-2024,normalized-PB07/DEC-NLC/submittedPB07/manquinho/dbsg/normalized-dbsg_100_25_1_15,false,,,false,20000,20000,opb,pseudo-boolean,0,302,true,
pb-comp-2024,normalized-PB07/DEC-NLC/submittedPB07/manquinho/dbsg/normalized-dbsg_10_4_3_5,false,,,false,20000,20000,opb,pseudo-boolean,0,32,true,
pb-comp-2024,normalized-PB07/DEC-NLC/submittedPB07/manquinho/dbsg/normalized-dbsg_10_4_5_8,false,,,false,20000,20000,opb,pseudo-boolean,0,32,true,
pb-comp-2024,normalized-PB07/DEC-NLC/submittedPB07/manquinho/dbsg/normalized-dbsg_200_10_4_40,false,,,false,20000,20000,opb,pseudo-boolean,0,602,true,
pb-comp-2024,normalized-PB07/DEC-NLC/submittedPB07/manquinho/dbsg/normalized-dbsg_200_25_4_15,false,,,false,20000,20000,opb,pseudo-boolean,0,602,true,
pb-comp-2024,normalized-PB07/DEC-NLC/submittedPB07/manquinho/dbsg/normalized-dbsg_500_10_1_80,false,,,false,20000,20000,opb,pseudo-boolean,0,1502,true,
pb-comp-2024,normalized-PB07/DEC-NLC/submittedPB07/manquinho/dbsg/normalized-dbsg_500_10_3_80,false,,,false,20000,20000,opb,pseudo-boolean,0,1502,true,
pb-comp-2024,normalized-PB07/DEC-NLC/submittedPB07/manquinho/dbsg/normalized-dbsg_500_25_2_80,false,,,false,20000,20000,opb,pseudo-boolean,0,1502,true,
pb-comp-2024,normalized-PB07/DEC-NLC/submittedPB07/manquinho/dbsg/normalized-dbsg_500_25_3_15,false,,,false,20000,20000,opb,pseudo-boolean,0,1502,true,
pb-comp-2024,normalized-PB07/OPT-LIN/submittedPB07/aksoy/area_delay/normalized-fir08_area_delay,false,,,false,20000,20000,opb,pseudo-boolean,0,521621,true,
pb-comp-2024,normalized-PB07/OPT-LIN/submittedPB07/aksoy/area_opers/normalized-fir04_area_opers,false,,,false,20000,20000,opb,pseudo-boolean,0,2784,true,
pb-comp-2024,normalized-PB07/OPT-LIN/submittedPB07/aksoy/area_opers/normalized-fir06_area_opers,false,,,false,20000,20000,opb,pseudo-boolean,0,23299,true,
pb-comp-2024,normalized-PB07/OPT-LIN/submittedPB07/aksoy/area_partials/normalized-fir05_area_partials,false,,,false,20000,20000,opb,pseudo-boolean,0,1562,true,
pb-comp-2024,normalized-PB07/OPT-LIN/submittedPB07/aksoy/decomp/normalized-matrix_5x3_1,false,,,false,20000,20000,opb,pseudo-boolean,0,79747,true,
pb-comp-2024,normalized-PB07/OPT-LIN/submittedPB07/aksoy/decomp/normalized-matrix_5x3_10,false,,,false,20000,20000,opb,pseudo-boolean,0,154320,true,
pb-comp-2024,normalized-PB07/OPT-LIN/submittedPB07/aksoy/decomp/normalized-matrix_5x3_2,false,,,false,20000,20000,opb,pseudo-boolean,0,32299,true,
pb-comp-2024,normalized-PB07/OPT-LIN/submittedPB07/aksoy/decomp/normalized-matrix_5x3_3,false,,,false,20000,20000,opb,pseudo-boolean,0,21402,true,
pb-comp-2024,normalized-PB07/OPT-LIN/submittedPB07/aksoy/decomp/normalized-matrix_5x3_4,false,,,false,20000,20000,opb,pseudo-boolean,0,388957,true,
pb-comp-2024,normalized-PB07/OPT-LIN/submittedPB07/aksoy/decomp/normalized-matrix_5x3_5,false,,,false,20000,20000,opb,pseudo-boolean,0,19320,true,
pb-comp-2024,normalized-PB07/OPT-LIN/submittedPB07/aksoy/decomp/normalized-matrix_5x3_6,false,,,false,20000,20000,opb,pseudo-boolean,0,21279,true,
pb-comp-2024,normalized-PB07/OPT-LIN/submittedPB07/aksoy/decomp/normalized-matrix_5x3_7,false,,,false,20000,20000,opb,pseudo-boolean,0,47890,true,
pb-comp-2024,normalized-PB07/OPT-LIN/submittedPB07/aksoy/decomp/normalized-matrix_5x3_8,false,,,false,20000,20000,opb,pseudo-boolean,0,15121,true,
pb-comp-2024,normalized-PB07/OPT-LIN/submittedPB07/aksoy/decomp/normalized-matrix_5x3_9,false,,,false,20000,20000,opb,pseudo-boolean,0,53248,true,
pb-comp-2024,normalized-PB07/OPT-LIN/submittedPB07/aksoy/trarea_ac/normalized-fir01_trarea_ac,false,,,false,20000,20000,opb,pseudo-boolean,0,352,true,
pb-comp-2024,normalized-PB07/OPT-LIN/submittedPB07/aksoy/trarea_ac/normalized-fir02_trarea_ac,false,,,false,20000,20000,opb,pseudo-boolean,0,1035,true,
pb-comp-2024,normalized-PB07/OPT-LIN/submittedPB07/aksoy/trarea_ac/normalized-fir03_trarea_ac,false,,,false,20000,20000,opb,pseudo-boolean,0,2406,true,
pb-comp-2024,normalized-PB07/OPT-LIN/submittedPB07/aksoy/trarea_ac/normalized-fir04_trarea_ac,false,,,false,20000,20000,opb,pseudo-boolean,0,3356,true,
pb-comp-2024,normalized-PB07/OPT-LIN/submittedPB07/aksoy/trarea_ac/normalized-fir05_trarea_ac,false,,,false,20000,20000,opb,pseudo-boolean,0,1775,true,
pb-comp-2024,normalized-PB07/OPT-LIN/submittedPB07/aksoy/trarea_ac/normalized-fir06_trarea_ac,false,,,false,20000,20000,opb,pseudo-boolean,0,8611,true,
pb-comp-2024,normalized-PB07/OPT-LIN/submittedPB07/aksoy/trarea_ac/normalized-fir07_trarea_ac,false,,,false,20000,20000,opb,pseudo-boolean,0,4880,true,
pb-comp-2024,normalized-PB07/OPT-LIN/submittedPB07/aksoy/trarea_ac/normalized-fir08_trarea_ac,false,,,false,20000,20000,opb,pseudo-boolean,0,51199,true,
pb-comp-2024,normalized-PB07/OPT-LIN/submittedPB07/aksoy/trarea_ac/normalized-fir09_trarea_ac,false,,,false,20000,20000,opb,pseudo-boolean,0,8605,true,
pb-comp-2024,normalized-PB07/OPT-LIN/submittedPB07/aksoy/trarea_ac/normalized-fir10_trarea_ac,false,,,false,20000,20000,opb,pseudo-boolean,0,55587,true,
pb-comp-2024,normalized-PB07/OPT-LIN/submittedPB07/manquinho/areaDelay/normalized-f20c10b_001_area_delay,false,,,false,20000,20000,opb,pseudo-boolean,0,36631,true,
pb-comp-2024,normalized-PB07/OPT-LIN/submittedPB07/manquinho/areaDelay/normalized-f20c10b_010_area_delay,false,,,false,20000,20000,opb,pseudo-boolean,0,36748,true,
pb-comp-2024,normalized-PB07/OPT-LIN/submittedPB07/manquinho/areaDelay/normalized-f20c10b_019_area_delay,false,,,false,20000,20000,opb,pseudo-boolean,0,23271,true,
pb-comp-2024,normalized-PB07/OPT-LIN/submittedPB07/manquinho/areaDelay/normalized-f20c10b_023_area_delay,false,,,false,20000,20000,opb,pseudo-boolean,0,134120,true,
pb-comp-2024,normalized-PB07/OPT-LIN/submittedPB07/manquinho/areaDelay/normalized-f20c10b_025_area_delay,false,,,false,20000,20000,opb,pseudo-boolean,0,117025,true,
pb-comp-2024,normalized-PB07/OPT-LIN/submittedPB07/manquinho/areaDelay/normalized-f20c10b_026_area_delay,false,,,false,20000,20000,opb,pseudo-boolean,0,41687,true,
pb-comp-2024,normalized-PB07/OPT-LIN/submittedPB07/poldner/PB/testset/normalized-10_20,false,,,false,20000,20000,opb,pseudo-boolean,0,221,true,
pb-comp-2024,normalized-PB07/OPT-LIN/submittedPB07/poldner/PB/testset/normalized-11_22,false,,,false,20000,20000,opb,pseudo-boolean,0,265,true,
pb-comp-2024,normalized-PB07/OPT-LIN/submittedPB07/poldner/PB/testset/normalized-5_10,false,,,false,20000,20000,opb,pseudo-boolean,0,61,true,
pb-comp-2024,normalized-PB07/OPT-LIN/submittedPB07/poldner/PB/testset/normalized-6_12,false,,,false,20000,20000,opb,pseudo-boolean,0,85,true,
pb-comp-2024,normalized-PB07/OPT-LIN/submittedPB07/poldner/PB/testset/normalized-7_14,false,,,false,20000,20000,opb,pseudo-boolean,0,113,true,
pb-comp-2024,normalized-PB07/OPT-LIN/submittedPB07/poldner/PB/testset/normalized-8_16,false,,,false,20000,20000,opb,pseudo-boolean,0,145,true,
pb-comp-2024,normalized-PB07/OPT-NLC/submittedPB07/manquinho/bsg/normalized-bsg_1000_25_4,false,,,false,20000,20000,opb,pseudo-boolean,0,3002,true,
pb-comp-2024,normalized-PB07/OPT-NLC/submittedPB07/manquinho/bsg/normalized-bsg_1000_60_5,false,,,false,20000,20000,opb,pseudo-boolean,0,3002,true,
pb-comp-2024,normalized-PB07/OPT-NLC/submittedPB07/manquinho/bsg/normalized-bsg_10_4_1,false,,,false,20000,20000,opb,pseudo-boolean,0,32,true,
pb-comp-2024,normalized-PB07/OPT-NLC/submittedPB07/manquinho/bsg/normalized-bsg_10_4_5,false,,,false,20000,20000,opb,pseudo-boolean,0,32,true,
pb-comp-2024,normalized-PB07/OPT-NLC/submittedPB07/manquinho/bsg/normalized-bsg_200_10_2,false,,,false,20000,20000,opb,pseudo-boolean,0,602,true,
pb-comp-2024,normalized-PB07/OPT-NLC/submittedPB07/manquinho/bsg/normalized-bsg_200_25_1,false,,,false,20000,20000,opb,pseudo-boolean,0,602,true,
pb-comp-2024,normalized-PB07/OPT-NLC/submittedPB07/manquinho/bsg/normalized-bsg_500_10_1,false,,,false,20000,20000,opb,pseudo-boolean,0,1502,true,
pb-comp-2024,normalized-PB07/OPT-NLC/submittedPB07/manquinho/bsg/normalized-bsg_500_25_5,false,,,false,20000,20000,opb,pseudo-boolean,0,1502,true,
pb-comp-2024,normalized-PB07/OPT-NLC/submittedPB07/manquinho/bsg/normalized-bsg_50_10_2,false,,,false,20000,20000,opb,pseudo-boolean,0,152,true,
pb-comp-2024,normalized-PB07/OPT-NLC/submittedPB07/manquinho/bsg/normalized-bsg_50_25_3,false,,,false,20000,20000,opb,pseudo-boolean,0,152,true,
pb-comp-2024,normalized-PB07/OPT-NLC/submittedPB07/manquinho/mds/normalized-mds_1000_25_2,false,,,false,20000,20000,opb,pseudo-boolean,0,1001,true,
pb-comp-2024,normalized-PB07/OPT-NLC/submittedPB07/manquinho/mds/normalized-mds_1000_25_5,false,,,false,20000,20000,opb,pseudo-boolean,0,1001,true,
pb-comp-2024,normalized-PB07/OPT-NLC/submittedPB07/manquinho/mds/normalized-mds_100_10_5,false,,,false,20000,20000,opb,pseudo-boolean,0,101,true,
pb-comp-2024,normalized-PB07/OPT-NLC/submittedPB07/manquinho/mds/normalized-mds_100_25_3,false,,,false,20000,20000,opb,pseudo-boolean,0,101,true,
pb-comp-2024,normalized-PB07/OPT-NLC/submittedPB07/manquinho/mds/normalized-mds_10_4_3,false,,,false,20000,20000,opb,pseudo-boolean,0,11,true,
pb-comp-2024,normalized-PB07/OPT-NLC/submittedPB07/manquinho/mds/normalized-mds_200_10_4,false,,,false,20000,20000,opb,pseudo-boolean,0,201,true,
pb-comp-2024,normalized-PB07/OPT-NLC/submittedPB07/manquinho/mds/normalized-mds_200_25_4,false,,,false,20000,20000,opb,pseudo-boolean,0,201,true,
pb-comp-2024,normalized-PB07/OPT-NLC/submittedPB07/manquinho/mds/normalized-mds_200_25_5,false,,,false,20000,20000,opb,pseudo-boolean,0,201,true,
pb-comp-2024,normalized-PB07/OPT-NLC/submittedPB07/manquinho/mds/normalized-mds_500_10_2,false,,,false,20000,20000,opb,pseudo-boolean,0,501,true,
pb-comp-2024,normalized-PB07/OPT-NLC/submittedPB07/manquinho/mds/normalized-mds_500_60_3,false,,,false,20000,20000,opb,pseudo-boolean,0,501,true,
pb-comp-2024,normalized-PB07/OPT-NLC/submittedPB07/manquinho/mis/normalized-mis_1000_25_3,false,,,false,20000,20000,opb,pseudo-boolean,0,1001,true,
pb-comp-2024,normalized-PB07/OPT-NLC/submittedPB07/manquinho/mis/normalized-mis_100_10_1,false,,,false,20000,20000,opb,pseudo-boolean,0,101,true,
pb-comp-2024,normalized-PB07/OPT-NLC/submittedPB07/manquinho/mis/normalized-mis_100_10_5,false,,,false,20000,20000,opb,pseudo-boolean,0,101,true,
pb-comp-2024,normalized-PB07/OPT-NLC/submittedPB07/manquinho/mis/normalized-mis_100_25_3,false,,,false,20000,20000,opb,pseudo-boolean,0,101,true,
pb-comp-2024,normalized-PB07/OPT-NLC/submittedPB07/manquinho/mis/normalized-mis_200_25_1,false,,,false,20000,20000,opb,pseudo-boolean,0,201,true,
pb-comp-2024,normalized-PB07/OPT-NLC/submittedPB07/manquinho/mis/normalized-mis_500_10_2,false,,,false,20000,20000,opb,pseudo-boolean,0,501,true,
pb-comp-2024,normalized-PB07/OPT-NLC/submittedPB07/manquinho/mis/normalized-mis_500_25_3,false,,,false,20000,20000,opb,pseudo-boolean,0,501,true,
pb-comp-2024,normalized-PB07/OPT-NLC/submittedPB07/manquinho/mis/normalized-mis_500_25_4,false,,,false,20000,20000,opb,pseudo-boolean,0,501,true,
pb-comp-2024,normalized-PB07/OPT-NLC/submittedPB07/manquinho/mis/normalized-mis_500_60_1,false,,,false,20000,20000,opb,pseudo-boolean,0,501,true,
pb-comp-2024,normalized-PB07/OPT-NLC/submittedPB07/manquinho/mis/normalized-mis_50_25_4,false,,,false,20000,20000,opb,pseudo-boolean,0,51,true,
pb-comp-2024,normalized-PB07/OPT-NLC/submittedPB07/roussel/factor-mod-B/factor-mod-size=5-P0=13-P1=5-P2=17-P3=2-P4=29-P5=5-P6=19-P7=17-P8=5-B,false,,,false,20000,20000,opb,pseudo-boolean,0,18,true,
pb-comp-2024,normalized-PB07/OPT-NLC/submittedPB07/roussel/factor-mod-B/factor-mod-size=5-P0=17-P1=17-P2=13-P3=17-P4=29-B,false,,,false,20000,20000,opb,pseudo-boolean,0,10,true,
pb-comp-2024,normalized-PB07/OPT-NLC/submittedPB07/roussel/factor-mod-B/factor-mod-size=5-P0=19-P1=29-P2=19-P3=23-P4=2-P5=29-P6=7-B,false,,,false,20000,20000,opb,pseudo-boolean,0,14,true,
pb-comp-2024,normalized-PB07/OPT-NLC/submittedPB07/roussel/factor-mod-B/factor-mod-size=6-P0=11-P1=37-P2=59-P3=23-P4=53-P5=31-P6=59-P7=29-P8=2-P9=67-B,false,,,false,20000,20000,opb,pseudo-boolean,0,20,true,
pb-comp-2024,normalized-PB07/OPT-NLC/submittedPB07/roussel/factor-mod-B/factor-mod-size=7-P0=107-P1=13-P2=17-P3=127-P4=13-P5=53-P6=73-P7=59-B,false,,,false,20000,20000,opb,pseudo-boolean,0,16,true,
pb-comp-2024,normalized-PB07/OPT-NLC/submittedPB07/roussel/factor-mod-B/factor-mod-size=7-P0=53-P1=5-P2=67-P3=53-P4=17-P5=103-P6=29-P7=71-P8=47-B,false,,,false,20000,20000,opb,pseudo-boolean,0,18,true,
pb-comp-2024,normalized-PB07/OPT-NLC/submittedPB07/roussel/factor-mod-B/factor-mod-size=8-P0=197-P1=97-P2=163-P3=151-P4=53-P5=139-P6=107-B,false,,,false,20000,20000,opb,pseudo-boolean,0,14,true,
pb-comp-2024,normalized-PB07/OPT-NLC/submittedPB07/roussel/factor-mod-B/factor-mod-size=8-P0=53-P1=17-P2=109-P3=2-P4=191-P5=191-P6=47-P7=101-P8=97-B,false,,,false,20000,20000,opb,pseudo-boolean,0,18,true,
pb-comp-2024,normalized-PB07/OPT-NLC/submittedPB07/roussel/factor-mod-B/factor-mod-size=9-P0=149-P1=419-P2=307-P3=223-B,false,,,false,20000,20000,opb,pseudo-boolean,0,8,true,
pb-comp-2024,normalized-PB07/OPT-NLC/submittedPB07/roussel/factor-mod-B/factor-mod-size=9-P0=307-P1=59-P2=149-P3=337-P4=409-P5=457-P6=79-P7=53-P8=347-P9=487-B,false,,,false,20000,20000,opb,pseudo-boolean,0,20,true,
pb-comp-2024,normalized-PB09/OPT-LIN/aries-da_nrp/normalized-aries-da_network_1000_5__369_766__64,false,,,false,20000,20000,opb,pseudo-boolean,0,6001,true,
pb-comp-2024,normalized-PB09/OPT-LIN/aries-da_nrp/normalized-aries-da_network_100_3__3_91__8,false,,,false,20000,20000,opb,pseudo-boolean,0,401,true,
pb-comp-2024,normalized-PB09/OPT-LIN/aries-da_nrp/normalized-aries-da_network_2000_5__647_1792__512,false,,,false,20000,20000,opb,pseudo-boolean,0,12001,true,
pb-comp-2024,normalized-PB09/OPT-LIN/aries-da_nrp/normalized-aries-da_network_20_2__17_12__128,false,,,false,20000,20000,opb,pseudo-boolean,0,61,true,
pb-comp-2024,normalized-PB09/OPT-LIN/aries-da_nrp/normalized-aries-da_network_20_2__17_12__256,false,,,false,20000,20000,opb,pseudo-boolean,0,61,true,
pb-comp-2024,normalized-PB09/OPT-LIN/aries-da_nrp/normalized-aries-da_network_20_2__17_12__512,false,,,false,20000,20000,opb,pseudo-boolean,0,61,true,
pb-comp-2024,normalized-PB09/OPT-LIN/aries-da_nrp/normalized-aries-da_network_20_2__17_12__64,false,,,false,20000,20000,opb,pseudo-boolean,0,61,true,
pb-comp-2024,normalized-PB09/OPT-LIN/aries-da_nrp/normalized-aries-da_network_3000_5__126_2812,false,,,false,20000,20000,opb,pseudo-boolean,0,3001,true,
pb-comp-2024,normalized-PB09/OPT-LIN/aries-da_nrp/normalized-aries-da_network_500_3__212_366__32,false,,,false,20000,20000,opb,pseudo-boolean,0,2001,true,
pb-comp-2024,normalized-PB09/OPT-LIN/aries-da_nrp/normalized-aries-da_network_50_2__8_45__8,false,,,false,20000,20000,opb,pseudo-boolean,0,151,true,
pb-comp-2024,normalized-PB09/OPT-LIN/featureSubscription/normalized-50-250-false-45-90-4-10000opt,false,,,false,20000,20000,opb,pseudo-boolean,0,62226,true,
pb-comp-2024,normalized-PB09/OPT-LIN/featureSubscription/normalized-50-250-false-45-90-4-1000opt,false,,,false,20000,20000,opb,pseudo-boolean,0,62995,true,
pb-comp-2024,normalized-PB09/OPT-LIN/featureSubscription/normalized-50-250-false-45-90-4-2000opt,false,,,false,20000,20000,opb,pseudo-boolean,0,61822,true,
pb-comp-2024,normalized-PB09/OPT-LIN/featureSubscription/normalized-50-250-false-45-90-4-3000opt,false,,,false,20000,20000,opb,pseudo-boolean,0,63878,true,
pb-comp-2024,normalized-PB09/OPT-LIN/featureSubscription/normalized-50-250-false-45-90-4-4000opt,false,,,false,20000,20000,opb,pseudo-boolean,0,63251,true,
pb-comp-2024,normalized-PB09/OPT-LIN/featureSubscription/normalized-50-250-false-45-90-4-5000opt,false,,,false,20000,20000,opb,pseudo-boolean,0,63343,true,
pb-comp-2024,normalized-PB09/OPT-LIN/featureSubscription/normalized-50-250-false-45-90-4-7000opt,false,,,false,20000,20000,opb,pseudo-boolean,0,62232,true,
pb-comp-2024,normalized-PB09/OPT-LIN/featureSubscription/normalized-50-750-false-45-90-4-4000opt,false,,,false,20000,20000,opb,pseudo-boolean,0,30391,true,
pb-comp-2024,normalized-PB09/OPT-LIN/featureSubscription/normalized-50-750-false-45-90-4-5000opt,false,,,false,20000,20000,opb,pseudo-boolean,0,30913,true,
pb-comp-2024,normalized-PB09/OPT-LIN/featureSubscription/normalized-50-750-false-45-90-4-7000opt,false,,,false,20000,20000,opb,pseudo-boolean,0,29070,true,
pb-comp-2024,normalized-PB09/OPT-LIN/flexray/normalized-fx30,false,,,false,20000,20000,opb,pseudo-boolean,0,995,true,
pb-comp-2024,normalized-PB09/OPT-LIN/flexray/normalized-fx49,false,,,false,20000,20000,opb,pseudo-boolean,0,2496,true,
pb-comp-2024,normalized-PB09/OPT-LIN/flexray/normalized-fx57,false,,,false,20000,20000,opb,pseudo-boolean,0,3287,true,
pb-comp-2024,normalized-PB09/OPT-LIN/flexray/normalized-fx60,false,,,false,20000,20000,opb,pseudo-boolean,0,3434,true,
pb-comp-2024,normalized-PB09/OPT-LIN/flexray/normalized-fx63,false,,,false,20000,20000,opb,pseudo-boolean,0,3659,true,
pb-comp-2024,normalized-PB09/OPT-LIN/flexray/normalized-fx75,false,,,false,20000,20000,opb,pseudo-boolean,0,5495,true,
pb-comp-2024,normalized-PB09/OPT-LIN/flexray/normalized-fx84,false,,,false,20000,20000,opb,pseudo-boolean,0,6678,true,
pb-comp-2024,normalized-PB09/OPT-LIN/flexray/normalized-fx92,false,,,false,20000,20000,opb,pseudo-boolean,0,7825,true,
pb-comp-2024,normalized-PB09/OPT-LIN/flexray/normalized-fx97,false,,,false,20000,20000,opb,pseudo-boolean,0,9090,true,
pb-comp-2024,normalized-PB10/DEC-LIN/leberre/opb-paranoid/misc2010/datasets/caixa/normalized-1096.cudf.paranoid,false,,,false,20000,20000,opb,pseudo-boolean,0,1,true,
pb-comp-2024,normalized-PB10/DEC-LIN/oliveras/j120/normalized-j12011_1-unsat,false,,,false,20000,20000,opb,pseudo-boolean,0,119740,true,
pb-comp-2024,normalized-PB10/DEC-LIN/oliveras/j120/normalized-j12060_2-unsat,false,,,false,20000,20000,opb,pseudo-boolean,0,67428,true,
pb-comp-2024,normalized-PB10/DEC-LIN/oliveras/j120/normalized-j12060_6-sat,false,,,false,20000,20000,opb,pseudo-boolean,0,92830,true,
pb-comp-2024,normalized-PB10/DEC-LIN/oliveras/j30/normalized-j3018_2-sat,false,,,false,20000,20000,opb,pseudo-boolean,0,11213,true,
pb-comp-2024,normalized-PB10/DEC-LIN/oliveras/j30/normalized-j3044_7-sat,false,,,false,20000,20000,opb,pseudo-boolean,0,8879,true,
pb-comp-2024,normalized-PB10/DEC-LIN/oliveras/j30/normalized-j3048_4-sat,false,,,false,20000,20000,opb,pseudo-boolean,0,12148,true,
pb-comp-2024,normalized-PB10/DEC-LIN/oliveras/j30/normalized-j3048_8-unsat,false,,,false,20000,20000,opb,pseudo-boolean,0,9135,true,
pb-comp-2024,normalized-PB10/DEC-LIN/oliveras/j30/normalized-j304_8-sat,false,,,false,20000,20000,opb,pseudo-boolean,0,10689,true,
pb-comp-2024,normalized-PB10/DEC-LIN/oliveras/j60/normalized-j6042_1-sat,false,,,false,20000,20000,opb,pseudo-boolean,0,35201,true,
pb-comp-2024,normalized-PB10/DEC-LIN/oliveras/j60/normalized-j6048_7-sat,false,,,false,20000,20000,opb,pseudo-boolean,0,32523,true,
pb-comp-2024,normalized-PB10/DEC-LIN/oliveras/j90/normalized-j9027_4-unsat,false,,,false,20000,20000,opb,pseudo-boolean,0,47121,true,
pb-comp-2024,normalized-PB10/DEC-LIN/oliveras/j90/normalized-j902_8-unsat,false,,,false,20000,20000,opb,pseudo-boolean,0,46682,true,
pb-comp-2024,normalized-PB10/DEC-LIN/oliveras/j90/normalized-j903_2-unsat,false,,,false,20000,20000,opb,pseudo-boolean,0,48171,true,
pb-comp-2024,normalized-PB10/DEC-LIN/oliveras/j90/normalized-j9040_5-unsat,false,,,false,20000,20000,opb,pseudo-boolean,0,57668,true,
pb-comp-2024,normalized-PB10/DEC-LIN/oliveras/j90/normalized-j9048_1-unsat,false,,,false,20000,20000,opb,pseudo-boolean,0,51743,true,
pb-comp-2024,normalized-PB10/OPT-LIN/leberre/opb-paranoid/misc2010/datasets/10orplus/normalized-hal-cups-utils.cudf.paranoid,false,,,false,20000,20000,opb,pseudo-boolean,0,96417,true,
pb-comp-2024,normalized-PB10/OPT-LIN/leberre/opb-paranoid/misc2010/datasets/10orplus/normalized-libpango-perl.cudf.paranoid,false,,,false,20000,20000,opb,pseudo-boolean,0,96404,true,
pb-comp-2024,normalized-PB10/OPT-LIN/leberre/opb-paranoid/misc2010/datasets/9orless/normalized-kjumpingcube.cudf.paranoid,false,,,false,20000,20000,opb,pseudo-boolean,0,96404,true,
pb-comp-2024,normalized-PB10/OPT-LIN/leberre/opb-paranoid/misc2010/datasets/caixa/normalized-1077.cudf.paranoid,false,,,false,20000,20000,opb,pseudo-boolean,0,4744,true,
pb-comp-2024,normalized-PB10/OPT-LIN/leberre/opb-paranoid/misc2010/datasets/caixa/normalized-1336.cudf.paranoid,false,,,false,20000,20000,opb,pseudo-boolean,0,48189,true,
pb-comp-2024,normalized-PB10/OPT-LIN/leberre/opb-paranoid/misc2010/datasets/caixa/normalized-522.cudf.paranoid,false,,,false,20000,20000,opb,pseudo-boolean,0,40212,true,
pb-comp-2024,normalized-PB10/OPT-LIN/leberre/opb-paranoid/misc2010/datasets/caixa/normalized-581.cudf.paranoid,false,,,false,20000,20000,opb,pseudo-boolean,0,37518,true,
pb-comp-2024,normalized-PB10/OPT-LIN/leberre/opb-paranoid/misc2010/random/rand.biglist/normalized-rand5c0b12.cudf.paranoid,false,,,false,20000,20000,opb,pseudo-boolean,0,32380,true,
pb-comp-2024,normalized-PB10/OPT-LIN/leberre/opb-paranoid/misc2010/random/rand.newlist/normalized-rand0a62b6.cudf.paranoid,false,,,false,20000,20000,opb,pseudo-boolean,0,26930,true,
pb-comp-2024,normalized-PB10/OPT-LIN/leberre/opb-paranoid/misc2010/random/rand.newlist/normalized-rand18b530.cudf.paranoid,false,,,false,20000,20000,opb,pseudo-boolean,0,25675,true,
pb-comp-2024,normalized-PB10/OPT-LIN/leberre/opb-paranoid/misc2010/random/rand.newlist/normalized-rand362510.cudf.paranoid,false,,,false,20000,20000,opb,pseudo-boolean,0,26412,true,
pb-comp-2024,normalized-PB10/OPT-LIN/leberre/opb-paranoid/misc2010/random/rand.smallist/normalized-rand88811a.cudf.paranoid,false,,,false,20000,20000,opb,pseudo-boolean,0,20292,true,
pb-comp-2024,normalized-PB10/OPT-LIN/leberre/opb-paranoid/misc2010/random/rand.smallist/normalized-randa13f2d.cudf.paranoid,false,,,false,20000,20000,opb,pseudo-boolean,0,21441,true,
pb-comp-2024,normalized-PB10/OPT-LIN/leberre/opb-trendy/misc2010/datasets/10orplus/normalized-codebreaker.cudf.trendy,false,,,false,20000,20000,opb,pseudo-boolean,0,100043,true,
pb-comp-2024,normalized-PB10/OPT-LIN/leberre/opb-trendy/misc2010/datasets/10orplus/normalized-libnkf-perl.cudf.trendy,false,,,false,20000,20000,opb,pseudo-boolean,0,100040,true,
pb-comp-2024,normalized-PB10/OPT-LIN/leberre/opb-trendy/misc2010/datasets/10orplus/normalized-libnspr4-dev.cudf.trendy,false,,,false,20000,20000,opb,pseudo-boolean,0,100051,true,
pb-comp-2024,normalized-PB10/OPT-LIN/leberre/opb-trendy/misc2010/datasets/10orplus/normalized-libpango-perl.cudf.trendy,false,,,false,20000,20000,opb,pseudo-boolean,0,100033,true,
pb-comp-2024,normalized-PB10/OPT-LIN/leberre/opb-trendy/misc2010/datasets/10orplus/normalized-libtemplate-provider-encoding-perl.cudf.trendy,false,,,false,20000,20000,opb,pseudo-boolean,0,100059,true,
pb-comp-2024,normalized-PB10/OPT-LIN/leberre/opb-trendy/misc2010/datasets/10orplus/normalized-pidgin-plugin-pack.cudf.trendy,false,,,false,20000,20000,opb,pseudo-boolean,0,100046,true,
pb-comp-2024,normalized-PB10/OPT-LIN/leberre/opb-trendy/misc2010/datasets/9orless/normalized-gpc-4.1.cudf.trendy,false,,,false,20000,20000,opb,pseudo-boolean,0,100041,true,
pb-comp-2024,normalized-PB10/OPT-LIN/leberre/opb-trendy/misc2010/datasets/caixa/normalized-1037.cudf.trendy,false,,,false,20000,20000,opb,pseudo-boolean,0,2214,true,
pb-comp-2024,normalized-PB10/OPT-LIN/leberre/opb-trendy/misc2010/datasets/caixa/normalized-1094.cudf.trendy,false,,,false,20000,20000,opb,pseudo-boolean,0,2363,true,
pb-comp-2024,normalized-PB10/OPT-LIN/leberre/opb-trendy/misc2010/datasets/caixa/normalized-1468.cudf.trendy,false,,,false,20000,20000,opb,pseudo-boolean,0,50942,true,
pb-comp-2024,normalized-PB10/OPT-LIN/leberre/opb-trendy/misc2010/datasets/caixa/normalized-519.cudf.trendy,false,,,false,20000,20000,opb,pseudo-boolean,0,41486,true,
pb-comp-2024,normalized-PB10/OPT-LIN/leberre/opb-trendy/misc2010/datasets/caixa/normalized-658.cudf.trendy,false,,,false,20000,20000,opb,pseudo-boolean,0,2639,true,
pb-comp-2024,normalized-PB10/OPT-LIN/leberre/opb-trendy/misc2010/datasets/caixa/normalized-787.cudf.trendy,false,,,false,20000,20000,opb,pseudo-boolean,0,258,true,
pb-comp-2024,normalized-PB10/OPT-LIN/leberre/opb-trendy/misc2010/random/rand.biglist/normalized-randaefc7c.cudf.trendy,false,,,false,20000,20000,opb,pseudo-boolean,0,24761,true,
pb-comp-2024,normalized-PB10/OPT-LIN/leberre/opb-trendy/misc2010/random/rand.smallist/normalized-rand1958fb.cudf.trendy,false,,,false,20000,20000,opb,pseudo-boolean,0,22566,true,
pb-comp-2024,normalized-PB10/OPT-LIN/leberre/opb-trendy/misc2010/random/rand.smallist/normalized-rand49e642.cudf.trendy,false,,,false,20000,20000,opb,pseudo-boolean,0,23161,true,
pb-comp-2024,normalized-PB10/OPT-LIN/leberre/opb-trendy/misc2010/random/rand.smallist/normalized-rand936b0d.cudf.trendy,false,,,false,20000,20000,opb,pseudo-boolean,0,21653,true,
pb-comp-2024,normalized-PB10/OPT-LIN/oliveras/j120opt/normalized-j12023_6.std,false,,,false,20000,20000,opb,pseudo-boolean,0,245110,true,
pb-comp-2024,normalized-PB10/OPT-LIN/oliveras/j120opt/normalized-j12039_5.std,false,,,false,20000,20000,opb,pseudo-boolean,0,245561,true,
pb-comp-2024,normalized-PB10/OPT-LIN/oliveras/j120opt/normalized-j12051_4.std,false,,,false,20000,20000,opb,pseudo-boolean,0,256146,true,
pb-comp-2024,normalized-PB10/OPT-LIN/oliveras/j120opt/normalized-j1207_5.std,false,,,false,20000,20000,opb,pseudo-boolean,0,234037,true,
pb-comp-2024,normalized-PB10/OPT-LIN/oliveras/j30opt/normalized-j302_9.std,false,,,false,20000,20000,opb,pseudo-boolean,0,59626,true,
pb-comp-2024,normalized-PB10/OPT-LIN/oliveras/j60opt/normalized-j6033_9.std,false,,,false,20000,20000,opb,pseudo-boolean,0,129130,true,
pb-comp-2024,normalized-PB10/OPT-LIN/oliveras/j60opt/normalized-j609_2.std,false,,,false,20000,20000,opb,pseudo-boolean,0,118023,true,
pb-comp-2024,normalized-PB10/OPT-LIN/oliveras/j90opt/normalized-j9018_7.std,false,,,false,20000,20000,opb,pseudo-boolean,0,184621,true,
pb-comp-2024,normalized-PB10/OPT-LIN/oliveras/j90opt/normalized-j9021_10.std,false,,,false,20000,20000,opb,pseudo-boolean,0,184442,true,
pb-comp-2024,normalized-PB10/OPT-LIN/oliveras/j90opt/normalized-j909_1.std,false,,,false,20000,20000,opb,pseudo-boolean,0,176176,true,
pb-comp-2024,normalized-PB10/OPT-NLC/oren/keeloq_tasca_instances/normalized-90_rounds_0_errors,false,,,false,20000,20000,opb,pseudo-boolean,0,428,true,
pb-comp-2024,normalized-PB10/OPT-NLC/oren/keeloq_tasca_instances/normalized-90_rounds_10_errors,false,,,false,20000,20000,opb,pseudo-boolean,0,428,true,
pb-comp-2024,normalized-PB10/OPT-NLC/oren/keeloq_tasca_instances/normalized-90_rounds_15_errors,false,,,false,20000,20000,opb,pseudo-boolean,0,428,true,
pb-comp-2024,normalized-PB10/OPT-NLC/oren/keeloq_tasca_instances/normalized-90_rounds_5_errors,false,,,false,20000,20000,opb,pseudo-boolean,0,428,true,
pb-comp-2024,normalized-PB11/DEC-LIN/heinz/normalized-neos-820146,false,,,false,20000,20000,opb,pseudo-boolean,0,830,true,
pb-comp-2024,normalized-PB11/DEC-LIN/heinz/normalized-neos-820157,false,,,false,20000,20000,opb,pseudo-boolean,0,1015,true,
pb-comp-2024,normalized-PB11/DEC-LIN/heinz/normalized-neos-849702,false,,,false,20000,20000,opb,pseudo-boolean,0,1041,true,
pb-comp-2024,normalized-PB11/DEC-LIN/heinz/normalized-neos808444,false,,,false,20000,20000,opb,pseudo-boolean,0,18245,true,
pb-comp-2024,normalized-PB11/DEC-LIN/lopes/normalized-116,false,,,false,20000,20000,opb,pseudo-boolean,0,988104,true,
pb-comp-2024,normalized-PB11/DEC-LIN/lopes/normalized-121,false,,,false,20000,20000,opb,pseudo-boolean,0,1282690,true,
pb-comp-2024,normalized-PB11/DEC-LIN/lopes/normalized-133,false,,,false,20000,20000,opb,pseudo-boolean,0,1119563,true,
pb-comp-2024,normalized-PB11/DEC-LIN/lopes/normalized-139,false,,,false,20000,20000,opb,pseudo-boolean,0,835510,true,
pb-comp-2024,normalized-PB11/DEC-LIN/lopes/normalized-172,false,,,false,20000,20000,opb,pseudo-boolean,0,6434441,true,
pb-comp-2024,normalized-PB11/DEC-LIN/lopes/normalized-20,false,,,false,20000,20000,opb,pseudo-boolean,0,199352,true,
pb-comp-2024,normalized-PB11/DEC-LIN/lopes/normalized-21,false,,,false,20000,20000,opb,pseudo-boolean,0,155824,true,
pb-comp-2024,normalized-PB11/DEC-LIN/lopes/normalized-24,false,,,false,20000,20000,opb,pseudo-boolean,0,199352,true,
pb-comp-2024,normalized-PB11/DEC-LIN/lopes/normalized-33,false,,,false,20000,20000,opb,pseudo-boolean,0,151483,true,
pb-comp-2024,normalized-PB11/DEC-LIN/lopes/normalized-35,false,,,false,20000,20000,opb,pseudo-boolean,0,197914,true,
pb-comp-2024,normalized-PB11/DEC-LIN/lopes/normalized-55,false,,,false,20000,20000,opb,pseudo-boolean,0,176837,true,
pb-comp-2024,normalized-PB11/DEC-LIN/lopes/normalized-60,false,,,false,20000,20000,opb,pseudo-boolean,0,283937,true,
pb-comp-2024,normalized-PB11/DEC-LIN/lopes/normalized-77,false,,,false,20000,20000,opb,pseudo-boolean,0,226240,true,
pb-comp-2024,normalized-PB11/DEC-LIN/lopes/normalized-86,false,,,false,20000,20000,opb,pseudo-boolean,0,165969,true,
pb-comp-2024,normalized-PB11/DEC-LIN/lopes/normalized-96,false,,,false,20000,20000,opb,pseudo-boolean,0,283937,true,
pb-comp-2024,normalized-PB11/OPT-LIN/heinz/normalized-circ10-3,false,,,false,20000,20000,opb,pseudo-boolean,0,42621,true,
pb-comp-2024,normalized-PB11/OPT-LIN/heinz/normalized-ex1010-pi,false,,,false,20000,20000,opb,pseudo-boolean,0,1469,true,
pb-comp-2024,normalized-PB11/OPT-LIN/heinz/normalized-go19,false,,,false,20000,20000,opb,pseudo-boolean,0,442,true,
pb-comp-2024,normalized-PB11/OPT-LIN/heinz/normalized-mspp16,false,,,false,20000,20000,opb,pseudo-boolean,0,561658,true,
pb-comp-2024,normalized-PB11/OPT-LIN/heinz/normalized-neos-1620770,false,,,false,20000,20000,opb,pseudo-boolean,0,9297,true,
pb-comp-2024,normalized-PB11/OPT-LIN/heinz/normalized-neos-631710,false,,,false,20000,20000,opb,pseudo-boolean,0,169577,true,
pb-comp-2024,normalized-PB11/OPT-LIN/heinz/normalized-ns1853823,false,,,false,20000,20000,opb,pseudo-boolean,0,223871,true,
pb-comp-2024,normalized-PB11/OPT-LIN/heinz/normalized-opm2-z7-s2,false,,,false,20000,20000,opb,pseudo-boolean,0,31799,true,
pb-comp-2024,normalized-PB11/OPT-LIN/heinz/normalized-stp3d,false,,,false,20000,20000,opb,pseudo-boolean,0,159489,true,
pb-comp-2024,normalized-PB11/OPT-LIN/kullmann/normalized-mul_8_11_shg,false,,,false,20000,20000,opb,pseudo-boolean,0,65281,true,
pb-comp-2024,normalized-PB11/OPT-LIN/kullmann/normalized-mul_8_13_shg,false,,,false,20000,20000,opb,pseudo-boolean,0,65281,true,
pb-comp-2024,normalized-PB11/OPT-LIN/kullmann/normalized-mul_8_14_shg,false,,,false,20000,20000,opb,pseudo-boolean,0,65281,true,
pb-comp-2024,normalized-PB11/OPT-LIN/kullmann/normalized-mul_8_3_shg,false,,,false,20000,20000,opb,pseudo-boolean,0,65281,true,
pb-comp-2024,normalized-PB11/OPT-LIN/kullmann/normalized-mul_8_9_shg,false,,,false,20000,20000,opb,pseudo-boolean,0,65281,true,
pb-comp-2024,normalized-PB11/OPT-LIN/kullmann/normalized-sbox_4_shg,false,,,false,20000,20000,opb,pseudo-boolean,0,241,true,
pb-comp-2024,normalized-PB11/OPT-LIN/kullmann/normalized-sbox_8_shg,false,,,false,20000,20000,opb,pseudo-boolean,0,65281,true,
pb-comp-2024,normalized-PB12/DEC-LIN/sroussel/ShortestPathBA/normalized-BeauxArts_K68,false,,,false,20000,20000,opb,pseudo-boolean,0,3878,true,
pb-comp-2024,normalized-PB12/DEC-LIN/sroussel/ShortestPathBA/normalized-BeauxArts_K70,false,,,false,20000,20000,opb,pseudo-boolean,0,3992,true,
pb-comp-2024,normalized-PB12/DEC-LIN/sroussel/ShortestPathBA/normalized-BeauxArts_K71,false,,,false,20000,20000,opb,pseudo-boolean,0,4049,true,
pb-comp-2024,normalized-PB12/DEC-LIN/sroussel/ShortestPathBA/normalized-BeauxArts_K72,false,,,false,20000,20000,opb,pseudo-boolean,0,4106,true,
pb-comp-2024,normalized-PB12/DEC-LIN/sroussel/ShortestPathBA/normalized-BeauxArts_K77,false,,,false,20000,20000,opb,pseudo-boolean,0,4391,true,
pb-comp-2024,normalized-PB12/DEC-LIN/sroussel/ShortestPathBA/normalized-BeauxArts_K80,false,,,false,20000,20000,opb,pseudo-boolean,0,4562,true,
pb-comp-2024,normalized-PB12/DEC-LIN/sroussel/ShortestPathNG/normalized-NG_K134,false,,,false,20000,20000,opb,pseudo-boolean,0,16216,true,
pb-comp-2024,normalized-PB12/DEC-LIN/sroussel/ShortestPathNG/normalized-NG_K135,false,,,false,20000,20000,opb,pseudo-boolean,0,16337,true,
pb-comp-2024,normalized-PB12/DEC-LIN/sroussel/ShortestPathNG/normalized-NG_K139,false,,,false,20000,20000,opb,pseudo-boolean,0,16821,true,
pb-comp-2024,normalized-PB12/DEC-LIN/sroussel/ShortestPathNG/normalized-NG_K143,false,,,false,20000,20000,opb,pseudo-boolean,0,17305,true,
pb-comp-2024,normalized-PB12/DEC-LIN/sroussel/ShortestPathNG/normalized-NG_K150,false,,,false,20000,20000,opb,pseudo-boolean,0,18152,true,
pb-comp-2024,normalized-PB12/DEC-LIN/sroussel/ShortestPathNG/normalized-NG_K151,false,,,false,20000,20000,opb,pseudo-boolean,0,18273,true,
pb-comp-2024,normalized-PB12/DEC-LIN/sroussel/ShortestPathNG/normalized-NG_K157,false,,,false,20000,20000,opb,pseudo-boolean,0,18999,true,
pb-comp-2024,normalized-PB12/DEC-LIN/sroussel/ShortestPathNG/normalized-NG_K162,false,,,false,20000,20000,opb,pseudo-boolean,0,19604,true,
pb-comp-2024,normalized-PB12/DEC-LIN/sroussel/ShortestPathNG/normalized-NG_K165,false,,,false,20000,20000,opb,pseudo-boolean,0,19967,true,
pb-comp-2024,normalized-PB12/DEC-LIN/sroussel/ShortestPathNG/normalized-NG_K172,false,,,false,20000,20000,opb,pseudo-boolean,0,20814,true,
pb-comp-2024,normalized-PB12/DEC-LIN/sroussel/ShortestPathNG/normalized-NG_K179,false,,,false,20000,20000,opb,pseudo-boolean,0,21661,true,
pb-comp-2024,normalized-PB12/DEC-LIN/sroussel/ShortestPathNG/normalized-NG_K185,false,,,false,20000,20000,opb,pseudo-boolean,0,22387,true,
pb-comp-2024,normalized-PB12/DEC-LIN/sroussel/ShortestPathNG/normalized-NG_K193,false,,,false,20000,20000,opb,pseudo-boolean,0,23355,true,
pb-comp-2024,normalized-PB12/DEC-LIN/sroussel/ShortestPathNG/normalized-NG_K196,false,,,false,20000,20000,opb,pseudo-boolean,0,23718,true,
pb-comp-2024,normalized-PB12/DEC-LIN/sroussel/ShortestPathNG/normalized-NG_K197,false,,,false,20000,20000,opb,pseudo-boolean,0,23839,true,
pb-comp-2024,normalized-PB12/DEC-LIN/sroussel/ShortestPathTate/normalized-TateBritain_K105,false,,,false,20000,20000,opb,pseudo-boolean,0,7352,true,
pb-comp-2024,normalized-PB12/DEC-LIN/sroussel/ShortestPathTate/normalized-TateBritain_K106,false,,,false,20000,20000,opb,pseudo-boolean,0,7422,true,
pb-comp-2024,normalized-PB12/DEC-LIN/sroussel/ShortestPathTate/normalized-TateBritain_K107,false,,,false,20000,20000,opb,pseudo-boolean,0,7492,true,
pb-comp-2024,normalized-PB12/DEC-LIN/sroussel/ShortestPathTate/normalized-TateBritain_K81,false,,,false,20000,20000,opb,pseudo-boolean,0,5672,true,
pb-comp-2024,normalized-PB12/DEC-LIN/sroussel/ShortestPathTate/normalized-TateBritain_K82,false,,,false,20000,20000,opb,pseudo-boolean,0,5742,true,
pb-comp-2024,normalized-PB12/DEC-LIN/sroussel/ShortestPathTate/normalized-TateBritain_K83,false,,,false,20000,20000,opb,pseudo-boolean,0,5812,true,
pb-comp-2024,normalized-PB12/DEC-LIN/sroussel/ShortestPathTate/normalized-TateBritain_K85,false,,,false,20000,20000,opb,pseudo-boolean,0,5952,true,
pb-comp-2024,normalized-PB12/DEC-LIN/sroussel/ShortestPathTate/normalized-TateBritain_K90,false,,,false,20000,20000,opb,pseudo-boolean,0,6302,true,
pb-comp-2024,normalized-PB12/DEC-LIN/sroussel/ShortestPathTate/normalized-TateBritain_K98,false,,,false,20000,20000,opb,pseudo-boolean,0,6862,true,
pb-comp-2024,normalized-PB12/OPT-LIN/graca/normalized-ped2.G.recomb1-0.01-5,false,,,false,20000,20000,opb,pseudo-boolean,0,2008695,true,
pb-comp-2024,normalized-PB12/OPT-LIN/graca/normalized-ped2.G.recomb1-0.20-12,false,,,false,20000,20000,opb,pseudo-boolean,0,3662030,true,
pb-comp-2024,normalized-PB12/OPT-LIN/graca/normalized-ped2.G.recomb10-0.10-8,false,,,false,20000,20000,opb,pseudo-boolean,0,2595229,true,
pb-comp-2024,normalized-PB12/OPT-LIN/graca/normalized-ped2.G.recomb10-0.20-12,false,,,false,20000,20000,opb,pseudo-boolean,0,3483526,true,
pb-comp-2024,normalized-PB12/OPT-LIN/graca/normalized-ped2.G.recomb10-0.20-13,false,,,false,20000,20000,opb,pseudo-boolean,0,3681545,true,
pb-comp-2024,normalized-PB12/OPT-LIN/graca/normalized-ped2.G.recomb5-0.10-9,false,,,false,20000,20000,opb,pseudo-boolean,0,2591418,true,
pb-comp-2024,normalized-PB12/OPT-LIN/graca/normalized-ped3.F.recomb10-0.01-5,false,,,false,20000,20000,opb,pseudo-boolean,0,513184,true,
pb-comp-2024,normalized-PB12/OPT-LIN/graca/normalized-ped3.F.recomb10-0.20-11,false,,,false,20000,20000,opb,pseudo-boolean,0,857328,true,
pb-comp-2024,normalized-PB12/OPT-LIN/graca/normalized-ped3.G.recomb10-0.01-1,false,,,false,20000,20000,opb,pseudo-boolean,0,528831,true,
pb-comp-2024,normalized-PB12/OPT-LIN/graca/normalized-ped3.G.recomb10-0.01-5,false,,,false,20000,20000,opb,pseudo-boolean,0,631715,true,
pb-comp-2024,normalized-PB12/OPT-LIN/sroussel/BA/normalized-BA_RDC4.dot_fibo_50null0mast_rapportOE2.0_TMAX15_K67_cod3,false,,,false,20000,20000,opb,pseudo-boolean,0,40951,true,
pb-comp-2024,normalized-PB12/OPT-LIN/sroussel/BA/normalized-BA_RDC4.dot_luby_0null50mast_rapportOE1.0_TMAX60_K67_cod3,false,,,false,20000,20000,opb,pseudo-boolean,0,40951,true,
pb-comp-2024,normalized-PB12/OPT-LIN/sroussel/BA/normalized-BA_RDC4.dot_unif_10null10mast_rapportOE1.0_TMAX120_K67_cod1,false,,,false,20000,20000,opb,pseudo-boolean,0,40951,true,
pb-comp-2024,normalized-PB12/OPT-LIN/sroussel/BA/normalized-BA_RDC4.dot_unif_20null10mast_rapportOE1.0_TMAX15_K67_cod3,false,,,false,20000,20000,opb,pseudo-boolean,0,40951,true,
pb-comp-2024,normalized-PB12/OPT-LIN/sroussel/BA/normalized-BA_RDC4.dot_unif_50null20mast_rapportOE2.0_TMAX300_K67_cod1,false,,,false,20000,20000,opb,pseudo-boolean,0,40951,true,
pb-comp-2024,normalized-PB12/OPT-LIN/sroussel/NG/normalized-NG.dot_fibo_0null50mast_rapportOE2.0_TMAX180_K192_cod2,false,,,false,20000,20000,opb,pseudo-boolean,0,402764,true,
pb-comp-2024,normalized-PB12/OPT-LIN/sroussel/NG/normalized-NG.dot_fibo_10null0mast_rapportOE1.0_TMAX180_K192_cod2,false,,,false,20000,20000,opb,pseudo-boolean,0,402764,true,
pb-comp-2024,normalized-PB12/OPT-LIN/sroussel/NG/normalized-NG.dot_fibo_10null50mast_rapportOE2.0_TMAX15_K192_cod1,false,,,false,20000,20000,opb,pseudo-boolean,0,400981,true,
pb-comp-2024,normalized-PB12/OPT-LIN/sroussel/NG/normalized-NG.dot_fibo_20null10mast_rapportOE1.0_TMAX180_K192_cod1,false,,,false,20000,20000,opb,pseudo-boolean,0,400981,true,
pb-comp-2024,normalized-PB12/OPT-LIN/sroussel/NG/normalized-NG.dot_fibo_20null20mast_rapportOE2.0_TMAX60_K192_cod2,false,,,false,20000,20000,opb,pseudo-boolean,0,402764,true,
pb-comp-2024,normalized-PB12/OPT-LIN/sroussel/NG/normalized-NG.dot_fibo_50null0mast_rapportOE2.0_TMAX300_K192_cod1,false,,,false,20000,20000,opb,pseudo-boolean,0,400981,true,
pb-comp-2024,normalized-PB12/OPT-LIN/sroussel/NG/normalized-NG.dot_luby_20null50mast_rapportOE2.0_TMAX60_K192_cod2,false,,,false,20000,20000,opb,pseudo-boolean,0,402764,true,
pb-comp-2024,normalized-PB12/OPT-LIN/sroussel/NG/normalized-NG.dot_unif_0null10mast_rapportOE1.0_TMAX15_K192_cod1,false,,,false,20000,20000,opb,pseudo-boolean,0,400981,true,
pb-comp-2024,normalized-PB12/OPT-LIN/sroussel/NG/normalized-NG.dot_unif_50null10mast_rapportOE2.0_TMAX180_K192_cod1,false,,,false,20000,20000,opb,pseudo-boolean,0,400981,true,
pb-comp-2024,normalized-PB12/OPT-LIN/sroussel/NG/normalized-NG.dot_unif_50null10mast_rapportOE2.0_TMAX180_K192_cod2,false,,,false,20000,20000,opb,pseudo-boolean,0,402764,true,
pb-comp-2024,normalized-PB12/OPT-LIN/zahidi/Base/normalized-minisat100_4_32_1,false,,,false,20000,20000,opb,pseudo-boolean,0,30207,true,
pb-comp-2024,normalized-PB12/OPT-LIN/zahidi/Base/normalized-minisat100_4_32_5,false,,,false,20000,20000,opb,pseudo-boolean,0,30207,true,
pb-comp-2024,normalized-PB12/OPT-LIN/zahidi/Base/normalized-minisat100_4_32_8,false,,,false,20000,20000,opb,pseudo-boolean,0,30207,true,
pb-comp-2024,normalized-PB12/OPT-LIN/zahidi/Base/normalized-minisat50_4_16_4,false,,,false,20000,20000,opb,pseudo-boolean,0,7607,true,
pb-comp-2024,normalized-PB12/OPT-LIN/zahidi/Base/normalized-minisat50_4_16_5,false,,,false,20000,20000,opb,pseudo-boolean,0,7607,true,
pb-comp-2024,normalized-PB12/OPT-LIN/zahidi/Base/normalized-minisat70_4_22_3,false,,,false,20000,20000,opb,pseudo-boolean,0,14847,true,
pb-comp-2024,normalized-PB12/OPT-LIN/zahidi/Base/normalized-minisat70_4_22_4,false,,,false,20000,20000,opb,pseudo-boolean,0,14847,true,
pb-comp-2024,normalized-PB12/OPT-LIN/zahidi/Base/normalized-minisat70_4_22_5,false,,,false,20000,20000,opb,pseudo-boolean,0,14847,true,
pb-comp-2024,normalized-PB12/OPT-LIN/zahidi/Base/normalized-minisat85_4_27_0,false,,,false,20000,20000,opb,pseudo-boolean,0,21852,true,
pb-comp-2024,normalized-PB12/OPT-LIN/zahidi/Base/normalized-minisat85_4_27_4,false,,,false,20000,20000,opb,pseudo-boolean,0,21852,true,
pb-comp-2024,normalized-PB12/OPT-LIN/zahidi/IC/normalized-minisat15_5_3_3_ic,false,,,false,20000,20000,opb,pseudo-boolean,0,6803,true,
pb-comp-2024,normalized-PB12/OPT-LIN/zahidi/IC/normalized-minisat15_5_3_5_ic,false,,,false,20000,20000,opb,pseudo-boolean,0,6803,true,
pb-comp-2024,normalized-PB12/OPT-LIN/zahidi/IC/normalized-minisat25_6_3_5_ic,false,,,false,20000,20000,opb,pseudo-boolean,0,31333,true,
pb-comp-2024,normalized-PB12/OPT-LIN/zahidi/IC/normalized-minisat50_6_9_3_ic,false,,,false,20000,20000,opb,pseudo-boolean,0,250158,true,
pb-comp-2024,normalized-PB12/OPT-LIN/zahidi/IC/normalized-minisat50_6_9_5_ic,false,,,false,20000,20000,opb,pseudo-boolean,0,250158,true,
pb-comp-2024,normalized-PB12/OPT-LIN/zahidi/IC/normalized-minisat50_6_9_9_ic,false,,,false,20000,20000,opb,pseudo-boolean,0,250158,true,
pb-comp-2024,normalized-PB12/OPT-LIN/zahidi/Large/normalized-minisat100_16_6_0_ic,false,,,false,20000,20000,opb,pseudo-boolean,0,2000308,true,
pb-comp-2024,normalized-PB12/OPT-LIN/zahidi/Large/normalized-minisat100_16_6_1_ic,false,,,false,20000,20000,opb,pseudo-boolean,0,2000308,true,
pb-comp-2024,normalized-PB12/OPT-LIN/zahidi/Large/normalized-minisat100_16_6_2_ic,false,,,false,20000,20000,opb,pseudo-boolean,0,2000308,true,
pb-comp-2024,normalized-PB12/OPT-LIN/zahidi/Large/normalized-minisat100_16_6_2_mh,false,,,false,20000,20000,opb,pseudo-boolean,0,4920808,true,
pb-comp-2024,normalized-PB12/OPT-LIN/zahidi/Large/normalized-minisat100_16_6_3_mh,false,,,false,20000,20000,opb,pseudo-boolean,0,4920808,true,
pb-comp-2024,normalized-PB12/OPT-LIN/zahidi/Large/normalized-minisat100_16_6_5_ic,false,,,false,20000,20000,opb,pseudo-boolean,0,2000308,true,
pb-comp-2024,normalized-PB12/OPT-LIN/zahidi/Large/normalized-minisat100_16_6_5_mh,false,,,false,20000,20000,opb,pseudo-boolean,0,4920808,true,
pb-comp-2024,normalized-PB12/OPT-LIN/zahidi/Large/normalized-minisat100_16_6_7_ic,false,,,false,20000,20000,opb,pseudo-boolean,0,2000308,true,
pb-comp-2024,normalized-PB12/OPT-LIN/zahidi/Large/normalized-minisat100_16_6_8_mh,false,,,false,20000,20000,opb,pseudo-boolean,0,4920808,true,
pb-comp-2024,normalized-PB12/OPT-LIN/zahidi/Large/normalized-minisat100_16_6_9_ic,false,,,false,20000,20000,opb,pseudo-boolean,0,2000308,true,
pb-comp-2024,normalized-PB12/OPT-LIN/zahidi/MH+IC/normalized-minisat35_4_11_1_mh_ic,false,,,false,20000,20000,opb,pseudo-boolean,0,286974,true,
pb-comp-2024,normalized-PB12/OPT-LIN/zahidi/MH+IC/normalized-minisat35_4_11_5_mh_ic,false,,,false,20000,20000,opb,pseudo-boolean,0,286974,true,
pb-comp-2024,normalized-PB12/OPT-LIN/zahidi/MH+IC/normalized-minisat50_4_16_1_mh_ic,false,,,false,20000,20000,opb,pseudo-boolean,0,847959,true,
pb-comp-2024,normalized-PB12/OPT-LIN/zahidi/MH+IC/normalized-minisat50_4_16_2_mh_ic,false,,,false,20000,20000,opb,pseudo-boolean,0,847959,true,
pb-comp-2024,normalized-PB12/OPT-LIN/zahidi/Multihop/normalized-minisat15_5_3_4_mh,false,,,false,20000,20000,opb,pseudo-boolean,0,15203,true,
pb-comp-2024,normalized-PB12/OPT-LIN/zahidi/Multihop/normalized-minisat25_6_4_1_mh,false,,,false,20000,20000,opb,pseudo-boolean,0,73333,true,
pb-comp-2024,normalized-PB12/OPT-LIN/zahidi/Multihop/normalized-minisat25_6_4_3_mh,false,,,false,20000,20000,opb,pseudo-boolean,0,73333,true,
pb-comp-2024,normalized-PB12/OPT-LIN/zahidi/Multihop/normalized-minisat25_6_4_8_mh,false,,,false,20000,20000,opb,pseudo-boolean,0,73333,true,
pb-comp-2024,normalized-PB12/OPT-LIN/zahidi/Multihop/normalized-minisat50_6_9_0_mh,false,,,false,20000,20000,opb,pseudo-boolean,0,605408,true,
pb-comp-2024,normalized-PB12/OPT-LIN/zahidi/Multihop/normalized-minisat50_6_9_2_mh,false,,,false,20000,20000,opb,pseudo-boolean,0,605408,true,
pb-comp-2024,normalized-PB12/OPT-LIN/zahidi/Multihop/normalized-minisat50_6_9_3_mh,false,,,false,20000,20000,opb,pseudo-boolean,0,605408,true,
pb-comp-2024,normalized-PB12/OPT-LIN/zahidi/Multihop/normalized-minisat50_6_9_5_mh,false,,,false,20000,20000,opb,pseudo-boolean,0,605408,true,
pb-comp-2024,normalized-PB12/OPT-LIN/zahidi/Multihop/normalized-minisat50_6_9_8_mh,false,,,false,20000,20000,opb,pseudo-boolean,0,605408,true,
pb-comp-2024,normalized-PB12/OPT-LIN/zahidi/Multihop/normalized-minisat50_6_9_9_mh,false,,,false,20000,20000,opb,pseudo-boolean,0,605408,true,
pb-comp-2024,normalized-PB15eval/DEC-LIN/3COL-FromCNF/normalized-3col-almost3reg-l070-r069-n1.cnf-extracted.pb.metafix,false,,,false,20000,20000,opb,pseudo-boolean,0,8964,true,
pb-comp-2024,normalized-PB15eval/DEC-LIN/3COL-FromCNF/normalized-3col-almost3reg-l080-r079-n1.cnf-extracted.pb.metafix,false,,,false,20000,20000,opb,pseudo-boolean,0,10136,true,
pb-comp-2024,normalized-PB15eval/DEC-LIN/3COL-FromCNF/normalized-3col-almost3reg-l090-r089-n1.cnf-plain.pb.metafix,false,,,false,20000,20000,opb,pseudo-boolean,0,15140,true,
pb-comp-2024,normalized-PB15eval/DEC-LIN/3COL-FromCNF/normalized-3col-almost3reg-l100-r099-n1.cnf-extracted.pb.metafix,false,,,false,20000,20000,opb,pseudo-boolean,0,12679,true,
pb-comp-2024,normalized-PB15eval/DEC-LIN/3COL-FromCNF/normalized-3col-left3reg-l010-r010-n1.cnf-plain.pb.metafix,false,,,false,20000,20000,opb,pseudo-boolean,0,2357,true,
pb-comp-2024,normalized-PB15eval/DEC-LIN/3COL-FromCNF/normalized-3col-left3reg-l020-r019-n1.cnf-plain.pb.metafix,false,,,false,20000,20000,opb,pseudo-boolean,0,4794,true,
pb-comp-2024,normalized-PB15eval/DEC-LIN/3COL-FromCNF/normalized-3col-left3reg-l050-r049-n1.cnf-extracted.pb.metafix,false,,,false,20000,20000,opb,pseudo-boolean,0,8839,true,
pb-comp-2024,normalized-PB15eval/DEC-LIN/3COL-FromCNF/normalized-3col-left3reg-l060-r059-n1.cnf-plain.pb.metafix,false,,,false,20000,20000,opb,pseudo-boolean,0,13413,true,
pb-comp-2024,normalized-PB15eval/DEC-LIN/3COL-FromCNF/normalized-3col-left3reg-l080-r079-n1.cnf-plain.pb.metafix,false,,,false,20000,20000,opb,pseudo-boolean,0,17960,true,
pb-comp-2024,normalized-PB15eval/DEC-LIN/3COL-FromCNF/normalized-3col-left3reg-l090-r089-n1.cnf-extracted.pb.metafix,false,,,false,20000,20000,opb,pseudo-boolean,0,16786,true,
pb-comp-2024,normalized-PB15eval/DEC-LIN/3COL-FromCNF/normalized-3col-left3reg-l100-r099-n1.cnf-plain.pb.metafix,false,,,false,20000,20000,opb,pseudo-boolean,0,25805,true,
pb-comp-2024,normalized-PB15eval/DEC-LIN/3COL/normalized-3col-left3reg-l040-r039-n1,false,,,false,20000,20000,opb,pseudo-boolean,0,7694,true,
pb-comp-2024,normalized-PB15eval/DEC-LIN/ECGRID-FromCNF/normalized-ECgrid3x100split.cnf-extracted.pb.metafix,false,,,false,20000,20000,opb,pseudo-boolean,0,800,true,
pb-comp-2024,normalized-PB15eval/DEC-LIN/ECGRID-FromCNF/normalized-ECgrid3x10split.cnf-extracted.pb.metafix,false,,,false,20000,20000,opb,pseudo-boolean,0,82,true,
pb-comp-2024,normalized-PB15eval/DEC-LIN/ECGRID-FromCNF/normalized-ECgrid3x20split.cnf-plain.pb.metafix,false,,,false,20000,20000,opb,pseudo-boolean,0,482,true,
pb-comp-2024,normalized-PB15eval/DEC-LIN/ECGRID-FromCNF/normalized-ECgrid3x30split.cnf-extracted.pb.metafix,false,,,false,20000,20000,opb,pseudo-boolean,0,242,true,
pb-comp-2024,normalized-PB15eval/DEC-LIN/ECGRID-FromCNF/normalized-ECgrid3x70split.cnf-extracted.pb.metafix,false,,,false,20000,20000,opb,pseudo-boolean,0,562,true,
pb-comp-2024,normalized-PB15eval/DEC-LIN/ECGRID-FromCNF/normalized-ECgrid3x80split.cnf-extracted.pb.metafix,false,,,false,20000,20000,opb,pseudo-boolean,0,640,true,
pb-comp-2024,normalized-PB15eval/DEC-LIN/ECGRID-FromCNF/normalized-ECgrid3x80split.cnf-plain.pb.metafix,false,,,false,20000,20000,opb,pseudo-boolean,0,1922,true,
pb-comp-2024,normalized-PB15eval/DEC-LIN/ECGRID-FromCNF/normalized-ECgrid5x20split.cnf-extracted.pb.metafix,false,,,false,20000,20000,opb,pseudo-boolean,0,278,true,
pb-comp-2024,normalized-PB15eval/DEC-LIN/ECGRID-FromCNF/normalized-ECgrid5x40split.cnf-extracted.pb.metafix,false,,,false,20000,20000,opb,pseudo-boolean,0,558,true,
pb-comp-2024,normalized-PB15eval/DEC-LIN/ECGRID-FromCNF/normalized-ECgrid5x40split.cnf-plain.pb.metafix,false,,,false,20000,20000,opb,pseudo-boolean,0,1602,true,
pb-comp-2024,normalized-PB15eval/DEC-LIN/ECGRID-FromCNF/normalized-ECgrid5x70split.cnf-plain.pb.metafix,false,,,false,20000,20000,opb,pseudo-boolean,0,2802,true,
pb-comp-2024,normalized-PB15eval/DEC-LIN/ECGRID-FromCNF/normalized-ECgrid5x80split.cnf-extracted.pb.metafix,false,,,false,20000,20000,opb,pseudo-boolean,0,1118,true,
pb-comp-2024,normalized-PB15eval/DEC-LIN/ECGRID-FromCNF/normalized-ECgrid5x80split.cnf-plain.pb.metafix,false,,,false,20000,20000,opb,pseudo-boolean,0,3202,true,
pb-comp-2024,normalized-PB15eval/DEC-LIN/ECGRID-FromCNF/normalized-ECgrid5x90split.cnf-extracted.pb.metafix,false,,,false,20000,20000,opb,pseudo-boolean,0,1258,true,
pb-comp-2024,normalized-PB15eval/DEC-LIN/ECGRID-FromCNF/normalized-ECgrid5x90split.cnf-plain.pb.metafix,false,,,false,20000,20000,opb,pseudo-boolean,0,3602,true,
pb-comp-2024,normalized-PB15eval/DEC-LIN/EC_ODD_GRIDS/normalized-ECgrid3x100split,false,,,false,20000,20000,opb,pseudo-boolean,0,301,true,
pb-comp-2024,normalized-PB15eval/DEC-LIN/EC_ODD_GRIDS/normalized-ECgrid3x10split,false,,,false,20000,20000,opb,pseudo-boolean,0,31,true,
pb-comp-2024,normalized-PB15eval/DEC-LIN/EC_ODD_GRIDS/normalized-ECgrid3x20split,false,,,false,20000,20000,opb,pseudo-boolean,0,61,true,
pb-comp-2024,normalized-PB15eval/DEC-LIN/EC_ODD_GRIDS/normalized-ECgrid3x30split,false,,,false,20000,20000,opb,pseudo-boolean,0,91,true,
pb-comp-2024,normalized-PB15eval/DEC-LIN/EC_ODD_GRIDS/normalized-ECgrid3x40split,false,,,false,20000,20000,opb,pseudo-boolean,0,121,true,
pb-comp-2024,normalized-PB15eval/DEC-LIN/EC_ODD_GRIDS/normalized-ECgrid3x50split,false,,,false,20000,20000,opb,pseudo-boolean,0,151,true,
pb-comp-2024,normalized-PB15eval/DEC-LIN/EC_ODD_GRIDS/normalized-ECgrid3x70split,false,,,false,20000,20000,opb,pseudo-boolean,0,211,true,
pb-comp-2024,normalized-PB15eval/DEC-LIN/EC_ODD_GRIDS/normalized-ECgrid3x90split,false,,,false,20000,20000,opb,pseudo-boolean,0,271,true,
pb-comp-2024,normalized-PB15eval/DEC-LIN/EC_ODD_GRIDS/normalized-ECgrid5x10split,false,,,false,20000,20000,opb,pseudo-boolean,0,51,true,
pb-comp-2024,normalized-PB15eval/DEC-LIN/EC_ODD_GRIDS/normalized-ECgrid5x30split,false,,,false,20000,20000,opb,pseudo-boolean,0,151,true,
pb-comp-2024,normalized-PB15eval/DEC-LIN/EC_ODD_GRIDS/normalized-ECgrid5x40split,false,,,false,20000,20000,opb,pseudo-boolean,0,201,true,
pb-comp-2024,normalized-PB15eval/DEC-LIN/EC_ODD_GRIDS/normalized-ECgrid5x50split,false,,,false,20000,20000,opb,pseudo-boolean,0,251,true,
pb-comp-2024,normalized-PB15eval/DEC-LIN/EC_ODD_GRIDS/normalized-ECgrid5x70split,false,,,false,20000,20000,opb,pseudo-boolean,0,351,true,
pb-comp-2024,normalized-PB15eval/DEC-LIN/EC_ODD_GRIDS/normalized-ECgrid5x80split,false,,,false,20000,20000,opb,pseudo-boolean,0,401,true,
pb-comp-2024,normalized-PB15eval/DEC-LIN/EC_ODD_GRIDS/normalized-ECgrid5x90split,false,,,false,20000,20000,opb,pseudo-boolean,0,451,true,
pb-comp-2024,normalized-PB15eval/DEC-LIN/ProofComplexity-Extracted-Cardinality-Constraints/ProofComplexity/normalized-fixed-bandwidth-92.cnf.gz-plain.pb.metafix,false,,,false,20000,20000,opb,pseudo-boolean,0,748,true,
pb-comp-2024,normalized-PB15eval/DEC-LIN/ProofComplexity-Extracted-Cardinality-Constraints/ProofComplexity/normalized-regular-n25-d4-i2.cnf.gz-plain.pb.metafix,false,,,false,20000,20000,opb,pseudo-boolean,0,212,true,
pb-comp-2024,normalized-PB15eval/DEC-LIN/ProofComplexity-Extracted-Cardinality-Constraints/ProofComplexity/normalized-subsetCardinalitySigma-18-1.cnf.gz-extracted.pb.metafix,false,,,false,20000,20000,opb,pseudo-boolean,0,72,true,
pb-comp-2024,normalized-PB15eval/DEC-LIN/ProofComplexity-Extracted-Cardinality-Constraints/ProofComplexity/normalized-tseitin-regular-n106-d3-i3-f.cnf.gz-plain.pb.metafix,false,,,false,20000,20000,opb,pseudo-boolean,0,424,true,
pb-comp-2024,normalized-PB15eval/DEC-LIN/ProofComplexity-Extracted-Cardinality-Constraints/ProofComplexity/normalized-tseitin-regular-n148-d3-i1-r1.cnf.gz-plain.pb.metafix,false,,,false,20000,20000,opb,pseudo-boolean,0,592,true,
pb-comp-2024,normalized-PB15eval/DEC-LIN/ProofComplexity-Extracted-Cardinality-Constraints/ProofComplexity/normalized-tseitin-regular-n18-d3-i1-r2.cnf.gz-plain.pb.metafix,false,,,false,20000,20000,opb,pseudo-boolean,0,72,true,
pb-comp-2024,normalized-PB15eval/DEC-LIN/ProofComplexity-Extracted-Cardinality-Constraints/ProofComplexity/normalized-tseitin-regular-n182-d3-i1-r1.cnf.gz-plain.pb.metafix,false,,,false,20000,20000,opb,pseudo-boolean,0,728,true,
pb-comp-2024,normalized-PB15eval/DEC-LIN/ProofComplexity-Extracted-Cardinality-Constraints/ProofComplexity/normalized-tseitin-regular-n188-d3-i3-r2.cnf.gz-plain.pb.metafix,false,,,false,20000,20000,opb,pseudo-boolean,0,752,true,
pb-comp-2024,normalized-PB15eval/DEC-LIN/ProofComplexity-Extracted-Cardinality-Constraints/ProofComplexity/normalized-tseitin-regular-n236-d3-i2-f.cnf.gz-plain.pb.metafix,false,,,false,20000,20000,opb,pseudo-boolean,0,944,true,
pb-comp-2024,normalized-PB15eval/DEC-LIN/ProofComplexity-Extracted-Cardinality-Constraints/ProofComplexity/normalized-tseitin-regular-n24-d3-i2-r2.cnf.gz-plain.pb.metafix,false,,,false,20000,20000,opb,pseudo-boolean,0,96,true,
pb-comp-2024,normalized-PB15eval/DEC-LIN/ProofComplexity-Extracted-Cardinality-Constraints/ProofComplexity/normalized-tseitin-regular-n270-d3-i1-r2.cnf.gz-plain.pb.metafix,false,,,false,20000,20000,opb,pseudo-boolean,0,1080,true,
pb-comp-2024,normalized-PB15eval/DEC-LIN/ProofComplexity-Extracted-Cardinality-Constraints/ProofComplexity/normalized-tseitin-regular-n36-d3-i2-r2.cnf.gz-plain.pb.metafix,false,,,false,20000,20000,opb,pseudo-boolean,0,144,true,
pb-comp-2024,normalized-PB15eval/DEC-LIN/ProofComplexity-Extracted-Cardinality-Constraints/ProofComplexity/normalized-tseitin-regular-n58-d3-i1-r1.cnf.gz-plain.pb.metafix,false,,,false,20000,20000,opb,pseudo-boolean,0,232,true,
pb-comp-2024,normalized-PB15eval/DEC-LIN/ProofComplexity-Extracted-Cardinality-Constraints/ProofComplexity/normalized-tseitin-regular-n62-d3-i3-r2.cnf.gz-plain.pb.metafix,false,,,false,20000,20000,opb,pseudo-boolean,0,248,true,
pb-comp-2024,normalized-PB15eval/DEC-LIN/ProofComplexity-Extracted-Cardinality-Constraints/ProofComplexity/normalized-tseitin-regular-n94-d3-i3-r1.cnf.gz-plain.pb.metafix,false,,,false,20000,20000,opb,pseudo-boolean,0,376,true,
pb-comp-2024,normalized-PB15eval/DEC-LIN/SUMINEQ/normalized-sumineqArity3pyramidP0016,false,,,false,20000,20000,opb,pseudo-boolean,0,154,true,
pb-comp-2024,normalized-PB15eval/DEC-LIN/SUMINEQ/normalized-sumineqArity3pyramidP0032,false,,,false,20000,20000,opb,pseudo-boolean,0,562,true,
pb-comp-2024,normalized-PB15eval/DEC-LIN/SUMINEQ/normalized-sumineqArity4houseP128,false,,,false,20000,20000,opb,pseudo-boolean,0,16512,true,
pb-comp-2024,normalized-PB15eval/DEC-LIN/SUMINEQ/normalized-sumineqArity4pyramidP0064,false,,,false,20000,20000,opb,pseudo-boolean,0,2146,true,
pb-comp-2024,normalized-PB15eval/DEC-LIN/SUMINEQ/normalized-sumineqArity4pyramidP0125,false,,,false,20000,20000,opb,pseudo-boolean,0,8002,true,
pb-comp-2024,normalized-PB15eval/DEC-LIN/pbfvmc-formulae/hw128/normalized-hw128-vm25p-dec.opb.negationfix,false,,,false,20000,20000,opb,pseudo-boolean,0,994,true,
pb-comp-2024,normalized-PB15eval/DEC-LIN/pbfvmc-formulae/hw128/normalized-hw128-vm75p-dec.opb.negationfix,false,,,false,20000,20000,opb,pseudo-boolean,0,2354,true,
pb-comp-2024,normalized-PB15eval/DEC-LIN/pbfvmc-formulae/hw128/normalized-hw128-vm90p-dec.opb.negationfix,false,,,false,20000,20000,opb,pseudo-boolean,0,2812,true,
pb-comp-2024,normalized-PB15eval/DEC-LIN/pbfvmc-formulae/hw128/normalized-hw128-vm98p-dec.opb.negationfix,false,,,false,20000,20000,opb,pseudo-boolean,0,2994,true,
pb-comp-2024,normalized-PB15eval/DEC-LIN/pbfvmc-formulae/hw256/normalized-hw256-vm100p-dec.opb.negationfix,false,,,false,20000,20000,opb,pseudo-boolean,0,5930,true,
pb-comp-2024,normalized-PB15eval/DEC-LIN/pbfvmc-formulae/hw256/normalized-hw256-vm50p-dec.opb.negationfix,false,,,false,20000,20000,opb,pseudo-boolean,0,3328,true,
pb-comp-2024,normalized-PB15eval/DEC-LIN/pbfvmc-formulae/hw256/normalized-hw256-vm75p-dec.opb.negationfix,false,,,false,20000,20000,opb,pseudo-boolean,0,4752,true,
pb-comp-2024,normalized-PB15eval/DEC-LIN/pbfvmc-formulae/hw256/normalized-hw256-vm90p-dec.opb.negationfix,false,,,false,20000,20000,opb,pseudo-boolean,0,5474,true,
pb-comp-2024,normalized-PB15eval/DEC-LIN/pbfvmc-formulae/hw256/normalized-hw256-vm95p-dec.opb.negationfix,false,,,false,20000,20000,opb,pseudo-boolean,0,5680,true,
pb-comp-2024,normalized-PB15eval/DEC-LIN/pbfvmc-formulae/hw256/normalized-hw256-vm98p-dec.opb.negationfix,false,,,false,20000,20000,opb,pseudo-boolean,0,5752,true,
pb-comp-2024,normalized-PB15eval/DEC-LIN/pbfvmc-formulae/hw512/normalized-hw512-vm25p-dec.opb.negationfix,false,,,false,20000,20000,opb,pseudo-boolean,0,3890,true,
pb-comp-2024,normalized-PB15eval/DEC-LIN/pbfvmc-formulae/hw512/normalized-hw512-vm50p-dec.opb.negationfix,false,,,false,20000,20000,opb,pseudo-boolean,0,6568,true,
pb-comp-2024,normalized-PB15eval/DEC-LIN/pbfvmc-formulae/hw512/normalized-hw512-vm75p-dec.opb.negationfix,false,,,false,20000,20000,opb,pseudo-boolean,0,9096,true,
pb-comp-2024,normalized-PB15eval/DEC-LIN/pbfvmc-formulae/hw512/normalized-hw512-vm90p-dec.opb.negationfix,false,,,false,20000,20000,opb,pseudo-boolean,0,10516,true,
pb-comp-2024,normalized-PB15eval/DEC-LIN/pbfvmc-formulae/hw512/normalized-hw512-vm99p-dec.opb.negationfix,false,,,false,20000,20000,opb,pseudo-boolean,0,11830,true,
pb-comp-2024,normalized-PB15eval/OPT-LIN/EmployeeScheduling/normalized-aug4.5,false,,,false,20000,20000,opb,pseudo-boolean,0,29621,true,
pb-comp-2024,normalized-PB15eval/OPT-LIN/EmployeeScheduling/normalized-aug5.5,false,,,false,20000,20000,opb,pseudo-boolean,0,29621,true,
pb-comp-2024,normalized-PB15eval/OPT-LIN/EmployeeScheduling/normalized-aug6.5,false,,,false,20000,20000,opb,pseudo-boolean,0,29621,true,
pb-comp-2024,normalized-PB15eval/OPT-LIN/EmployeeScheduling/normalized-jul5.5,false,,,false,20000,20000,opb,pseudo-boolean,0,29621,true,
pb-comp-2024,normalized-PB15eval/OPT-LIN/EmployeeScheduling/normalized-jun5.5,false,,,false,20000,20000,opb,pseudo-boolean,0,28661,true,
pb-comp-2024,normalized-PB15eval/OPT-LIN/EmployeeScheduling/normalized-may6.5,false,,,false,20000,20000,opb,pseudo-boolean,0,29621,true,
pb-comp-2024,normalized-PB15eval/OPT-LIN/EmployeeScheduling/normalized-oct5.5,false,,,false,20000,20000,opb,pseudo-boolean,0,29621,true,
pb-comp-2024,normalized-PB15eval/OPT-LIN/EmployeeScheduling/normalized-oct6.5,false,,,false,20000,20000,opb,pseudo-boolean,0,29621,true,
pb-comp-2024,normalized-PB15eval/OPT-LIN/EmployeeScheduling/normalized-sep4.5,false,,,false,20000,20000,opb,pseudo-boolean,0,28661,true,
pb-comp-2024,normalized-PB15eval/OPT-LIN/EmployeeScheduling/normalized-sep6.5,false,,,false,20000,20000,opb,pseudo-boolean,0,28661,true,
pb-comp-2024,normalized-PB15eval/OPT-LIN/dt-problems/normalized-lo_10x10_003.opb.metafix,false,,,false,20000,20000,opb,pseudo-boolean,0,59,true,
pb-comp-2024,normalized-PB15eval/OPT-LIN/dt-problems/normalized-lo_10x10_006.opb.metafix,false,,,false,20000,20000,opb,pseudo-boolean,0,59,true,
pb-comp-2024,normalized-PB15eval/OPT-LIN/dt-problems/normalized-lo_12x12_001.opb.metafix,false,,,false,20000,20000,opb,pseudo-boolean,0,71,true,
pb-comp-2024,normalized-PB15eval/OPT-LIN/dt-problems/normalized-lo_12x12_004.opb.metafix,false,,,false,20000,20000,opb,pseudo-boolean,0,71,true,
pb-comp-2024,normalized-PB15eval/OPT-LIN/dt-problems/normalized-lo_12x12_009.opb.metafix,false,,,false,20000,20000,opb,pseudo-boolean,0,71,true,
pb-comp-2024,normalized-PB15eval/OPT-LIN/dt-problems/normalized-lo_14x14_000.opb.metafix,false,,,false,20000,20000,opb,pseudo-boolean,0,83,true,
pb-comp-2024,normalized-PB15eval/OPT-LIN/dt-problems/normalized-lo_16x16_001.opb.metafix,false,,,false,20000,20000,opb,pseudo-boolean,0,95,true,
pb-comp-2024,normalized-PB15eval/OPT-LIN/dt-problems/normalized-lo_6x6_001.opb.metafix,false,,,false,20000,20000,opb,pseudo-boolean,0,35,true,
pb-comp-2024,normalized-PB15eval/OPT-LIN/dt-problems/normalized-lo_6x6_003.opb.metafix,false,,,false,20000,20000,opb,pseudo-boolean,0,35,true,
pb-comp-2024,normalized-PB15eval/OPT-LIN/dt-problems/normalized-lo_8x8_006.opb.metafix,false,,,false,20000,20000,opb,pseudo-boolean,0,47,true,
pb-comp-2024,normalized-PB15eval/OPT-LIN/minlplib2-pb-0.1.0/opb/normalized-autocorr_bern30-04.lin,false,,,false,20000,20000,opb,pseudo-boolean,0,387,true,
pb-comp-2024,normalized-PB15eval/OPT-LIN/minlplib2-pb-0.1.0/opb/normalized-autocorr_bern35-09.lin,false,,,false,20000,20000,opb,pseudo-boolean,0,2693,true,
pb-comp-2024,normalized-PB15eval/OPT-LIN/minlplib2-pb-0.1.0/opb/normalized-autocorr_bern50-06.lin,false,,,false,20000,20000,opb,pseudo-boolean,0,1665,true,
pb-comp-2024,normalized-PB15eval/OPT-LIN/minlplib2-pb-0.1.0/opb/normalized-faclay60.lin,false,,,false,20000,20000,opb,pseudo-boolean,0,246270,true,
pb-comp-2024,normalized-PB15eval/OPT-LIN/minlplib2-pb-0.1.0/opb/normalized-graphpart_2g-0044-1601.lin,false,,,false,20000,20000,opb,pseudo-boolean,0,209,true,
pb-comp-2024,normalized-PB15eval/OPT-LIN/minlplib2-pb-0.1.0/opb/normalized-graphpart_2pm-0066-0066.lin,false,,,false,20000,20000,opb,pseudo-boolean,0,469,true,
pb-comp-2024,normalized-PB15eval/OPT-LIN/minlplib2-pb-0.1.0/opb/normalized-graphpart_3pm-0334-0334.lin,false,,,false,20000,20000,opb,pseudo-boolean,0,685,true,
pb-comp-2024,normalized-PB15eval/OPT-LIN/minlplib2-pb-0.1.0/opb/normalized-graphpart_clique-50.lin,false,,,false,20000,20000,opb,pseudo-boolean,0,7401,true,
pb-comp-2024,normalized-PB15eval/OPT-LIN/minlplib2-pb-0.1.0/opb/normalized-sporttournament08.lin,false,,,false,20000,20000,opb,pseudo-boolean,0,97,true,
pb-comp-2024,normalized-PB15eval/OPT-LIN/minlplib2-pb-0.1.0/opb/normalized-sporttournament50.lin,false,,,false,20000,20000,opb,pseudo-boolean,0,4801,true,
pb-comp-2024,normalized-PB15eval/OPT-LIN/pbfvmc-formulae/hw128/normalized-hw128-vm25p-opt.opb.negationfix,false,,,false,20000,20000,opb,pseudo-boolean,0,995,true,
pb-comp-2024,normalized-PB15eval/OPT-LIN/pbfvmc-formulae/hw128/normalized-hw128-vm75p-opt.opb.negationfix,false,,,false,20000,20000,opb,pseudo-boolean,0,2355,true,
pb-comp-2024,normalized-PB15eval/OPT-LIN/pbfvmc-formulae/hw128/normalized-hw128-vm98p-opt.opb.negationfix,false,,,false,20000,20000,opb,pseudo-boolean,0,2995,true,
pb-comp-2024,normalized-PB15eval/OPT-LIN/pbfvmc-formulae/hw128/normalized-hw128-vm99p-opt.opb.negationfix,false,,,false,20000,20000,opb,pseudo-boolean,0,3079,true,
pb-comp-2024,normalized-PB15eval/OPT-LIN/pbfvmc-formulae/hw32/normalized-hw32-vm50p-opt.opb.negationfix,false,,,false,20000,20000,opb,pseudo-boolean,0,413,true,
pb-comp-2024,normalized-PB15eval/OPT-LIN/pbfvmc-formulae/hw32/normalized-hw32-vm75p-opt.opb.negationfix,false,,,false,20000,20000,opb,pseudo-boolean,0,623,true,
pb-comp-2024,normalized-PB15eval/OPT-LIN/pbfvmc-formulae/hw32/normalized-hw32-vm99p-opt.opb.negationfix,false,,,false,20000,20000,opb,pseudo-boolean,0,799,true,
pb-comp-2024,normalized-PB15eval/OPT-LIN/pbfvmc-formulae/hw64/normalized-hw64-vm25p-opt.opb.negationfix,false,,,false,20000,20000,opb,pseudo-boolean,0,479,true,
pb-comp-2024,normalized-PB15eval/OPT-LIN/pbfvmc-formulae/hw64/normalized-hw64-vm75p-opt.opb.negationfix,false,,,false,20000,20000,opb,pseudo-boolean,0,1249,true,
pb-comp-2024,normalized-PB15eval/OPT-LIN/pbfvmc-formulae/hw64/normalized-hw64-vm98p-opt.opb.negationfix,false,,,false,20000,20000,opb,pseudo-boolean,0,1555,true,
pb-comp-2024,normalized-PB15eval/OPT-NLC/minlplib2-pb-0.1.0/opb/normalized-autocorr_bern35-18,false,,,false,20000,20000,opb,pseudo-boolean,0,1,true,
pb-comp-2024,normalized-PB15eval/OPT-NLC/minlplib2-pb-0.1.0/opb/normalized-autocorr_bern60-60,false,,,false,20000,20000,opb,pseudo-boolean,0,1,true,
pb-comp-2024,normalized-PB15eval/OPT-NLC/minlplib2-pb-0.1.0/opb/normalized-edgecross10-040,false,,,false,20000,20000,opb,pseudo-boolean,0,482,true,
pb-comp-2024,normalized-PB15eval/OPT-NLC/minlplib2-pb-0.1.0/opb/normalized-edgecross10-050,false,,,false,20000,20000,opb,pseudo-boolean,0,482,true,
pb-comp-2024,normalized-PB15eval/OPT-NLC/minlplib2-pb-0.1.0/opb/normalized-edgecross14-019,false,,,false,20000,20000,opb,pseudo-boolean,0,1458,true,
pb-comp-2024,normalized-PB15eval/OPT-NLC/minlplib2-pb-0.1.0/opb/normalized-graphpart_2pm-0077-0777,false,,,false,20000,20000,opb,pseudo-boolean,0,50,true,
pb-comp-2024,normalized-PB15eval/OPT-NLC/minlplib2-pb-0.1.0/opb/normalized-graphpart_3pm-0333-0333,false,,,false,20000,20000,opb,pseudo-boolean,0,28,true,
pb-comp-2024,normalized-PB15eval/OPT-NLC/minlplib2-pb-0.1.0/opb/normalized-sporttournament06,false,,,false,20000,20000,opb,pseudo-boolean,0,1,true,
pb-comp-2024,normalized-PB15eval/OPT-NLC/minlplib2-pb-0.1.0/opb/normalized-sporttournament22,false,,,false,20000,20000,opb,pseudo-boolean,0,1,true,
pb-comp-2024,normalized-PB15eval/OPT-NLC/minlplib2-pb-0.1.0/opb/normalized-sporttournament26,false,,,false,20000,20000,opb,pseudo-boolean,0,1,true,
pb-comp-2024,normalized-PB16/DEC-LIN/elffers/EC_ODD_GRIDS/normalized-ECgrid5x110split,false,,,false,20000,20000,opb,pseudo-boolean,0,551,true,
pb-comp-2024,normalized-PB16/DEC-LIN/elffers/EC_ODD_GRIDS/normalized-ECgrid5x120split,false,,,false,20000,20000,opb,pseudo-boolean,0,601,true,
pb-comp-2024,normalized-PB16/DEC-LIN/elffers/EC_ODD_GRIDS/normalized-ECgrid5x130split,false,,,false,20000,20000,opb,pseudo-boolean,0,651,true,
pb-comp-2024,normalized-PB16/DEC-LIN/elffers/EC_ODD_GRIDS/normalized-ECgrid5x140split,false,,,false,20000,20000,opb,pseudo-boolean,0,701,true,
pb-comp-2024,normalized-PB16/DEC-LIN/elffers/EC_ODD_GRIDS/normalized-ECgrid5x150split,false,,,false,20000,20000,opb,pseudo-boolean,0,751,true,
pb-comp-2024,normalized-PB16/DEC-LIN/elffers/EC_RANDOM_GRAPHS/normalized-ECrand4regsplit-v030-n1,false,,,false,20000,20000,opb,pseudo-boolean,0,30,true,
pb-comp-2024,normalized-PB16/DEC-LIN/elffers/EC_RANDOM_GRAPHS/normalized-ECrand4regsplit-v040-n1,false,,,false,20000,20000,opb,pseudo-boolean,0,40,true,
pb-comp-2024,normalized-PB16/DEC-LIN/elffers/EC_RANDOM_GRAPHS/normalized-ECrand4regsplit-v050-n1,false,,,false,20000,20000,opb,pseudo-boolean,0,50,true,
pb-comp-2024,normalized-PB16/DEC-LIN/elffers/EC_RANDOM_GRAPHS/normalized-ECrand4regsplit-v080-n1,false,,,false,20000,20000,opb,pseudo-boolean,0,80,true,
pb-comp-2024,normalized-PB16/DEC-LIN/elffers/EC_RANDOM_GRAPHS/normalized-ECrand4regsplit-v100-n1,false,,,false,20000,20000,opb,pseudo-boolean,0,100,true,
pb-comp-2024,normalized-PB16/DEC-LIN/elffers/EC_RANDOM_GRAPHS/normalized-ECrand4regsplit-v110-n1,false,,,false,20000,20000,opb,pseudo-boolean,0,110,true,
pb-comp-2024,normalized-PB16/DEC-LIN/elffers/EC_RANDOM_GRAPHS/normalized-ECrand6reg-v021-n1,false,,,false,20000,20000,opb,pseudo-boolean,0,21,true,
pb-comp-2024,normalized-PB16/DEC-LIN/elffers/EC_RANDOM_GRAPHS/normalized-ECrand6reg-v041-n1,false,,,false,20000,20000,opb,pseudo-boolean,0,41,true,
pb-comp-2024,normalized-PB16/DEC-LIN/elffers/EC_RANDOM_GRAPHS/normalized-ECrand6reg-v071-n1,false,,,false,20000,20000,opb,pseudo-boolean,0,71,true,
pb-comp-2024,normalized-PB16/DEC-LIN/elffers/EC_RANDOM_GRAPHS/normalized-ECrand6reg-v111-n1,false,,,false,20000,20000,opb,pseudo-boolean,0,111,true,
pb-comp-2024,normalized-PB16/DEC-LIN/elffers/Instances3col_OPB/normalized-3col-almost3reg-l040-r039-n1,false,,,false,20000,20000,opb,pseudo-boolean,0,4698,true,
pb-comp-2024,normalized-PB16/DEC-LIN/elffers/Instances3col_OPB/normalized-3col-almost3reg-l055-r054-n1,false,,,false,20000,20000,opb,pseudo-boolean,0,6388,true,
pb-comp-2024,normalized-PB16/DEC-LIN/elffers/Instances3col_OPB/normalized-3col-almost3reg-l060-r059-n1,false,,,false,20000,20000,opb,pseudo-boolean,0,6986,true,
pb-comp-2024,normalized-PB16/DEC-LIN/elffers/rand6reg/normalized-rand6reg-v051-n2,false,,,false,20000,20000,opb,pseudo-boolean,0,51,true,
pb-comp-2024,normalized-PB16/DEC-LIN/elffers/rand6reg/normalized-rand6reg-v081-n1,false,,,false,20000,20000,opb,pseudo-boolean,0,81,true,
pb-comp-2024,normalized-PB16/DEC-LIN/elffers/rand6reg/normalized-rand6reg-v101-n1,false,,,false,20000,20000,opb,pseudo-boolean,0,101,true,
pb-comp-2024,normalized-PB16/DEC-LIN/elffers/rand6reg/normalized-rand6reg-v101-n3,false,,,false,20000,20000,opb,pseudo-boolean,0,101,true,
pb-comp-2024,normalized-PB16/DEC-LIN/elffers/rand6reg/normalized-rand6reg-v111-n3,false,,,false,20000,20000,opb,pseudo-boolean,0,111,true,
pb-comp-2024,normalized-PB16/DEC-LIN/elffers/subsetcard/normalized-subsetcard-eq-random4regular-75,false,,,false,20000,20000,opb,pseudo-boolean,0,150,true,
pb-comp-2024,normalized-PB16/DEC-LIN/elffers/vertexcover-instances/normalized-vertexcover-grid10x29,false,,,false,20000,20000,opb,pseudo-boolean,0,581,true,
pb-comp-2024,normalized-PB16/DEC-LIN/nossum/normalized-sha1-size112-round22-3,false,,,false,20000,20000,opb,pseudo-boolean,0,8688,true,
pb-comp-2024,normalized-PB16/DEC-LIN/nossum/normalized-sha1-size112-round23-8,false,,,false,20000,20000,opb,pseudo-boolean,0,9488,true,
pb-comp-2024,normalized-PB16/DEC-LIN/nossum/normalized-sha1-size128-round21-4,false,,,false,20000,20000,opb,pseudo-boolean,0,7904,true,
pb-comp-2024,normalized-PB16/DEC-LIN/nossum/normalized-sha1-size128-round22-1,false,,,false,20000,20000,opb,pseudo-boolean,0,8704,true,
pb-comp-2024,normalized-PB16/DEC-LIN/nossum/normalized-sha1-size128-round23-2,false,,,false,20000,20000,opb,pseudo-boolean,0,9504,true,
pb-comp-2024,normalized-PB16/DEC-LIN/nossum/normalized-sha1-size128-round23-9,false,,,false,20000,20000,opb,pseudo-boolean,0,9504,true,
pb-comp-2024,normalized-PB16/DEC-LIN/nossum/normalized-sha1-size144-round23-0,false,,,false,20000,20000,opb,pseudo-boolean,0,9520,true,
pb-comp-2024,normalized-PB16/DEC-LIN/nossum/normalized-sha1-size144-round23-3,false,,,false,20000,20000,opb,pseudo-boolean,0,9520,true,
pb-comp-2024,normalized-PB16/DEC-LIN/nossum/normalized-sha1-size160-round21-1,false,,,false,20000,20000,opb,pseudo-boolean,0,7936,true,
pb-comp-2024,normalized-PB16/DEC-LIN/nossum/normalized-sha1-size160-round22-8,false,,,false,20000,20000,opb,pseudo-boolean,0,8736,true,
pb-comp-2024,normalized-PB16/DEC-LIN/nossum/normalized-sha1-size160-round23-5,false,,,false,20000,20000,opb,pseudo-boolean,0,9536,true,
pb-comp-2024,normalized-PB16/DEC-LIN/nossum/normalized-sha1-size80-round21-3,false,,,false,20000,20000,opb,pseudo-boolean,0,7856,true,
pb-comp-2024,normalized-PB16/DEC-LIN/nossum/normalized-sha1-size80-round21-6,false,,,false,20000,20000,opb,pseudo-boolean,0,7856,true,
pb-comp-2024,normalized-PB16/DEC-LIN/nossum/normalized-sha1-size96-round23-2,false,,,false,20000,20000,opb,pseudo-boolean,0,9472,true,
pb-comp-2024,normalized-PB16/DEC-LIN/nossum/normalized-sha1-size96-round23-9,false,,,false,20000,20000,opb,pseudo-boolean,0,9472,true,
pb-comp-2024,normalized-PB16/DEC-LIN/quimper/SyncCodes/d-equals-n_k/normalized-compression16_8,false,,,false,20000,20000,opb,pseudo-boolean,0,2789,true,
pb-comp-2024,normalized-PB16/DEC-LIN/quimper/SyncCodes/d-equals-n_k/normalized-compression32_11,false,,,false,20000,20000,opb,pseudo-boolean,0,9034,true,
pb-comp-2024,normalized-PB16/DEC-LIN/quimper/SyncCodes/d-equals-n_k/normalized-compression64_11,false,,,false,20000,20000,opb,pseudo-boolean,0,27830,true,
pb-comp-2024,normalized-PB16/DEC-LIN/quimper/SyncCodes/d_n_k/normalized-2_4_4,false,,,false,20000,20000,opb,pseudo-boolean,0,161,true,
pb-comp-2024,normalized-PB16/DEC-LIN/quimper/SyncCodes/d_n_k/normalized-3_4_10,false,,,false,20000,20000,opb,pseudo-boolean,0,798,true,
pb-comp-2024,normalized-PB16/DEC-LIN/quimper/SyncCodes/d_n_k/normalized-3_4_8,false,,,false,20000,20000,opb,pseudo-boolean,0,566,true,
pb-comp-2024,normalized-PB16/DEC-LIN/quimper/SyncCodes/d_n_k/normalized-4_5_1,false,,,false,20000,20000,opb,pseudo-boolean,0,110,true,
pb-comp-2024,normalized-PB16/DEC-LIN/quimper/SyncCodes/d_n_k/normalized-4_5_12,false,,,false,20000,20000,opb,pseudo-boolean,0,1221,true,
pb-comp-2024,normalized-PB16/DEC-LIN/quimper/SyncCodes/d_n_k/normalized-4_5_15,false,,,false,20000,20000,opb,pseudo-boolean,0,1734,true,
pb-comp-2024,normalized-PB16/DEC-LIN/quimper/SyncCodes/d_n_k/normalized-4_6_6,false,,,false,20000,20000,opb,pseudo-boolean,0,465,true,
pb-comp-2024,normalized-PB16/DEC-LIN/quimper/SyncCodes/d_n_k/normalized-6_6_32,false,,,false,20000,20000,opb,pseudo-boolean,0,7073,true,
pb-comp-2024,normalized-PB16/DEC-LIN/quimper/SyncCodes/d_n_k/normalized-7_6_20,false,,,false,20000,20000,opb,pseudo-boolean,0,3542,true,
pb-comp-2024,normalized-PB16/DEC-LIN/quimper/SyncCodes/d_n_k/normalized-7_6_28,false,,,false,20000,20000,opb,pseudo-boolean,0,5990,true,
pb-comp-2024,normalized-PB16/DEC-LIN/quimper/SyncCodes/d_n_k/normalized-8_6_19,false,,,false,20000,20000,opb,pseudo-boolean,0,3542,true,
pb-comp-2024,normalized-PB16/DEC-LIN/quimper/SyncCodes/d_n_k/normalized-8_6_25,false,,,false,20000,20000,opb,pseudo-boolean,0,5318,true,
pb-comp-2024,normalized-PB16/OPT-LIN/lion9-single-obj/normalized-single-obj-f1-DataDisplay_0_order4.seq-A-3-2-irabcde,false,,,false,20000,20000,opb,pseudo-boolean,0,1102,true,
pb-comp-2024,normalized-PB16/OPT-LIN/lion9-single-obj/normalized-single-obj-f14-DC2Loss.seq-A-2-combined-abcdeir,false,,,false,20000,20000,opb,pseudo-boolean,0,2705,true,
pb-comp-2024,normalized-PB16/OPT-LIN/lion9-single-obj/normalized-single-obj-f26-ACDoubleLoss.seq-A-2-combined-abcdeir,false,,,false,20000,20000,opb,pseudo-boolean,0,476,true,
pb-comp-2024,normalized-PB16/OPT-LIN/lion9-single-obj/normalized-single-obj-f27-DC2Loss.seq-A-2-1-irabcde,false,,,false,20000,20000,opb,pseudo-boolean,0,461,true,
pb-comp-2024,normalized-PB16/OPT-LIN/lion9-single-obj/normalized-single-obj-f27-DC2Loss.seq-B-2-combined-irabcde,false,,,false,20000,20000,opb,pseudo-boolean,0,477,true,
pb-comp-2024,normalized-PB16/OPT-LIN/lion9-single-obj/normalized-single-obj-f35-AC_Side2.seq-B-2-combined-EDCBAir,false,,,false,20000,20000,opb,pseudo-boolean,0,3559,true,
pb-comp-2024,normalized-PB16/OPT-LIN/lion9-single-obj/normalized-single-obj-f37-AC_TotalLoss.seq-B-3-1-irEDCBA,false,,,false,20000,20000,opb,pseudo-boolean,0,16835,true,
pb-comp-2024,normalized-PB16/OPT-LIN/lion9-single-obj/normalized-single-obj-f54-DCTotalLoss.seq-B-3-combined-EDCBAir,false,,,false,20000,20000,opb,pseudo-boolean,0,2924,true,
pb-comp-2024,normalized-PB16/OPT-LIN/lion9-single-obj/normalized-single-obj-f58-fob_fxl_loss.seq-B-3-2-irEDCBA,false,,,false,20000,20000,opb,pseudo-boolean,0,291295,true,
pb-comp-2024,normalized-PB16/OPT-LIN/lion9-single-obj/normalized-single-obj-f6-ACTotalLoss.seq-A-2-2-irEDCBA,false,,,false,20000,20000,opb,pseudo-boolean,0,10850,true,
pb-comp-2024,normalized-PB24/DEC-LIN/devriendt/bitvector_multiplication_selection/equalities/array_comm/normalized-17arraycomm_teq_tvars_greater,false,,,false,20000,20000,opb,pseudo-boolean,0,936,true,
pb-comp-2024,normalized-PB24/DEC-LIN/devriendt/bitvector_multiplication_selection/equalities/array_comm/normalized-21arraycomm_teq_tvars_greater,false,,,false,20000,20000,opb,pseudo-boolean,0,1408,true,
pb-comp-2024,normalized-PB24/DEC-LIN/devriendt/bitvector_multiplication_selection/equalities/array_comm/normalized-23arraycomm_teq_tvars_greater,false,,,false,20000,20000,opb,pseudo-boolean,0,1680,true,
pb-comp-2024,normalized-PB24/DEC-LIN/devriendt/bitvector_multiplication_selection/equalities/array_comm/normalized-23arraycomm_teq_tvars_less,false,,,false,20000,20000,opb,pseudo-boolean,0,1680,true,
pb-comp-2024,normalized-PB24/DEC-LIN/devriendt/bitvector_multiplication_selection/equalities/array_diag/normalized-15array_diag_greater,false,,,false,20000,20000,opb,pseudo-boolean,0,1186,true,
pb-comp-2024,normalized-PB24/DEC-LIN/devriendt/bitvector_multiplication_selection/equalities/diag_spec/normalized-11diag_spec_greater,false,,,false,20000,20000,opb,pseudo-boolean,0,508,true,
pb-comp-2024,normalized-PB24/DEC-LIN/devriendt/bitvector_multiplication_selection/equalities/diag_spec/normalized-11diag_spec_less,false,,,false,20000,20000,opb,pseudo-boolean,0,508,true,
pb-comp-2024,normalized-PB24/DEC-LIN/devriendt/bitvector_multiplication_selection/equalities/diag_spec/normalized-15diag_spec_greater,false,,,false,20000,20000,opb,pseudo-boolean,0,932,true,
pb-comp-2024,normalized-PB24/DEC-LIN/devriendt/bitvector_multiplication_selection/inequalities/ineq10/normalized-12array_alg_ineq10,false,,,false,20000,20000,opb,pseudo-boolean,0,1053,true,
pb-comp-2024,normalized-PB24/DEC-LIN/devriendt/bitvector_multiplication_selection/inequalities/ineq10/normalized-15array_ineq10,false,,,false,20000,20000,opb,pseudo-boolean,0,2125,true,
pb-comp-2024,normalized-PB24/DEC-LIN/devriendt/bitvector_multiplication_selection/inequalities/ineq10/normalized-16array_alg_ineq10,false,,,false,20000,20000,opb,pseudo-boolean,0,1785,true,
pb-comp-2024,normalized-PB24/DEC-LIN/devriendt/bitvector_multiplication_selection/inequalities/ineq5/normalized-11array_ineq5,false,,,false,20000,20000,opb,pseudo-boolean,0,1090,true,
pb-comp-2024,normalized-PB24/DEC-LIN/devriendt/bitvector_multiplication_selection/inequalities/ineq5/normalized-20array_alg_ineq5,false,,,false,20000,20000,opb,pseudo-boolean,0,2543,true,
pb-comp-2024,normalized-PB24/DEC-LIN/devriendt/bitvector_multiplication_selection/inequalities/ineq8/normalized-28array_alg_ineq8,false,,,false,20000,20000,opb,pseudo-boolean,0,4903,true,
pb-comp-2024,normalized-PB24/DEC-LIN/nordstrom/CombinatorialBenchmarksPBsolvers/subsetcard/fixedbw_opb_shuffle/normalized-subsetcard-eq-fixedbandwidth-70.shuf-2,false,,,false,20000,20000,opb,pseudo-boolean,0,280,true,
pb-comp-2024,normalized-PB24/DEC-LIN/nordstrom/CombinatorialBenchmarksPBsolvers/subsetcard/larger/fixedbw_opb_shuffle/normalized-subsetcard-eq-fixedbandwidth-2750.shuf-1,false,,,false,20000,20000,opb,pseudo-boolean,0,11000,true,
pb-comp-2024,normalized-PB24/DEC-LIN/nordstrom/CombinatorialBenchmarksPBsolvers/subsetcard/larger/fixedbw_opb_shuffle/normalized-subsetcard-eq-fixedbandwidth-2750.shuf-2,false,,,false,20000,20000,opb,pseudo-boolean,0,11000,true,
pb-comp-2024,normalized-PB24/DEC-LIN/nordstrom/CombinatorialBenchmarksPBsolvers/subsetcard/larger/fixedbw_opb_shuffle/normalized-subsetcard-geq-fixedbandwidth-4000.shuf-3,false,,,false,20000,20000,opb,pseudo-boolean,0,8000,true,
pb-comp-2024,normalized-PB24/DEC-LIN/nordstrom/CombinatorialBenchmarksPBsolvers/subsetcard/larger/random4reg_opb/normalized-subsetcard-geq-random4reg-3500,false,,,false,20000,20000,opb,pseudo-boolean,0,7000,true,
pb-comp-2024,normalized-PB24/DEC-LIN/nordstrom/CombinatorialBenchmarksPBsolvers/subsetcard/larger/random4reg_opb_shuffle/normalized-subsetcard-eq-random4reg-1250.shuf-2,false,,,false,20000,20000,opb,pseudo-boolean,0,5000,true,
pb-comp-2024,normalized-PB24/DEC-LIN/nordstrom/CombinatorialBenchmarksPBsolvers/subsetcard/larger/random4reg_opb_shuffle/normalized-subsetcard-eq-random4reg-3250.shuf-1,false,,,false,20000,20000,opb,pseudo-boolean,0,13000,true,
pb-comp-2024,normalized-PB24/DEC-LIN/nordstrom/CombinatorialBenchmarksPBsolvers/subsetcard/larger/random4reg_opb_shuffle/normalized-subsetcard-geq-random4reg-1500.shuf-2,false,,,false,20000,20000,opb,pseudo-boolean,0,3000,true,
pb-comp-2024,normalized-PB24/DEC-LIN/nordstrom/CombinatorialBenchmarksPBsolvers/subsetcard/random4reg_opb_shuffle/normalized-subsetcard-eq-random4reg-10.shuf-3,false,,,false,20000,20000,opb,pseudo-boolean,0,40,true,
pb-comp-2024,normalized-PB24/DEC-LIN/nordstrom/CombinatorialBenchmarksPBsolvers/subsetcard/random4reg_opb_shuffle/normalized-subsetcard-eq-random4reg-35.shuf-1,false,,,false,20000,20000,opb,pseudo-boolean,0,140,true,
pb-comp-2024,normalized-PB24/DEC-LIN/nordstrom/CombinatorialBenchmarksPBsolvers/subsetcard/random4reg_opb_shuffle/normalized-subsetcard-eq-random4reg-40.shuf-2,false,,,false,20000,20000,opb,pseudo-boolean,0,160,true,
pb-comp-2024,normalized-PB24/DEC-LIN/nordstrom/CombinatorialBenchmarksPBsolvers/subsetcard/random4reg_opb_shuffle/normalized-subsetcard-geq-random4reg-30.shuf-2,false,,,false,20000,20000,opb,pseudo-boolean,0,60,true,
pb-comp-2024,normalized-PB24/DEC-LIN/nordstrom/CombinatorialBenchmarksPBsolvers/subsetcard/random4reg_opb_shuffle/normalized-subsetcard-geq-random4reg-50.shuf-1,false,,,false,20000,20000,opb,pseudo-boolean,0,100,true,
pb-comp-2024,normalized-PB24/DEC-LIN/nordstrom/CombinatorialBenchmarksPBsolvers/subsetcard/random4reg_opb_shuffle/normalized-subsetcard-geq-random4reg-75.shuf-3,false,,,false,20000,20000,opb,pseudo-boolean,0,150,true,
pb-comp-2024,normalized-PB24/DEC-LIN/nordstrom/CombinatorialBenchmarksPBsolvers/sumineq/sumineq_pyr_4_shuffle/normalized-sumineqArity4pyramidP075.shuf-1,false,,,false,20000,20000,opb,pseudo-boolean,0,2927,true,
pb-comp-2024,normalized-PB24/DEC-LIN/nordstrom/CombinatorialBenchmarksPBsolvers/sumineq/sumineq_pyr_4_shuffle/normalized-sumineqArity4pyramidP105.shuf-3,false,,,false,20000,20000,opb,pseudo-boolean,0,5672,true,
pb-comp-2024,normalized-PB24/DEC-LIN/nordstrom/CombinatorialBenchmarksPBsolvers/sumineq/sumineq_pyr_5/normalized-sumineqArity5pyramidP045,false,,,false,20000,20000,opb,pseudo-boolean,0,1082,true,
pb-comp-2024,normalized-PB24/DEC-LIN/nordstrom/CombinatorialBenchmarksPBsolvers/sumineq/sumineq_pyr_5/normalized-sumineqArity5pyramidP085,false,,,false,20000,20000,opb,pseudo-boolean,0,3742,true,
pb-comp-2024,normalized-PB24/DEC-LIN/nordstrom/CombinatorialBenchmarksPBsolvers/sumineq/sumineq_pyr_5_shuffle/normalized-sumineqArity5pyramidP005.shuf-2,false,,,false,20000,20000,opb,pseudo-boolean,0,22,true,
pb-comp-2024,normalized-PB24/DEC-LIN/nordstrom/CombinatorialBenchmarksPBsolvers/sumineq/sumineq_pyr_5_shuffle/normalized-sumineqArity5pyramidP055.shuf-3,false,,,false,20000,20000,opb,pseudo-boolean,0,1597,true,
pb-comp-2024,normalized-PB24/DEC-LIN/nordstrom/CombinatorialBenchmarksPBsolvers/sumineq/sumineq_pyr_5_shuffle/normalized-sumineqArity5pyramidP065.shuf-3,false,,,false,20000,20000,opb,pseudo-boolean,0,2212,true,
pb-comp-2024,normalized-PB24/DEC-LIN/nordstrom/CombinatorialBenchmarksPBsolvers/sumineq/sumineq_pyr_5_shuffle/normalized-sumineqArity5pyramidP115.shuf-1,false,,,false,20000,20000,opb,pseudo-boolean,0,6787,true,
pb-comp-2024,normalized-PB24/DEC-LIN/nordstrom/CombinatorialBenchmarksPBsolvers/sumineq/sumineq_pyr_5_shuffle/normalized-sumineqArity5pyramidP135.shuf-3,false,,,false,20000,20000,opb,pseudo-boolean,0,9317,true,
pb-comp-2024,normalized-PB24/DEC-LIN/nordstrom/CombinatorialBenchmarksPBsolvers/sumineq/sumineq_pyr_5_shuffle/normalized-sumineqArity5pyramidP145.shuf-2,false,,,false,20000,20000,opb,pseudo-boolean,0,10732,true,
pb-comp-2024,normalized-PB24/DEC-LIN/nordstrom/CombinatorialBenchmarksPBsolvers/vertex-cover/larger/vc-lines-v2_shuffle/normalized-grid6_121.shuf-3,false,,,false,20000,20000,opb,pseudo-boolean,0,727,true,
pb-comp-2024,normalized-PB24/DEC-LIN/nordstrom/CombinatorialBenchmarksPBsolvers/vertex-cover/vc-grids-v1_shuffle/normalized-grid10_59.shuf-2,false,,,false,20000,20000,opb,pseudo-boolean,0,1181,true,
pb-comp-2024,normalized-PB24/DEC-LIN/nordstrom/CombinatorialBenchmarksPBsolvers/vertex-cover/vc-grids-v1_shuffle/normalized-grid4_97.shuf-1,false,,,false,20000,20000,opb,pseudo-boolean,0,777,true,
pb-comp-2024,normalized-PB24/DEC-LIN/nordstrom/CombinatorialBenchmarksPBsolvers/vertex-cover/vc-grids-v1_shuffle/normalized-grid6_13.shuf-2,false,,,false,20000,20000,opb,pseudo-boolean,0,157,true,
pb-comp-2024,normalized-PB24/DEC-LIN/nordstrom/CombinatorialBenchmarksPBsolvers/vertex-cover/vc-grids-v1_shuffle/normalized-grid6_67.shuf-3,false,,,false,20000,20000,opb,pseudo-boolean,0,805,true,
pb-comp-2024,normalized-PB24/DEC-LIN/nordstrom/CombinatorialBenchmarksPBsolvers/vertex-cover/vc-grids-v2_shuffle/normalized-grid8_55.shuf-1,false,,,false,20000,20000,opb,pseudo-boolean,0,881,true,
pb-comp-2024,normalized-PB24/DEC-LIN/nordstrom/CombinatorialBenchmarksPBsolvers/vertex-cover/vc-grids-v2_shuffle/normalized-grid8_89.shuf-3,false,,,false,20000,20000,opb,pseudo-boolean,0,1425,true,
pb-comp-2024,normalized-PB24/DEC-LIN/nordstrom/CombinatorialBenchmarksPBsolvers/vertex-cover/vc-grids-v3_shuffle/normalized-grid6_07.shuf-3,false,,,false,20000,20000,opb,pseudo-boolean,0,85,true,
pb-comp-2024,normalized-PB24/DEC-LIN/nordstrom/CombinatorialBenchmarksPBsolvers/vertex-cover/vc-grids-v3_shuffle/normalized-grid6_19.shuf-1,false,,,false,20000,20000,opb,pseudo-boolean,0,229,true,
pb-comp-2024,normalized-PB24/DEC-LIN/nordstrom/CombinatorialBenchmarksPBsolvers/vertex-cover/vc-large-v1/normalized-grid4_81,false,,,false,20000,20000,opb,pseudo-boolean,0,649,true,
pb-comp-2024,normalized-PB24/DEC-LIN/nordstrom/CombinatorialBenchmarksPBsolvers/vertex-cover/vc-lines-v2_shuffle/normalized-grid8_59.shuf-3,false,,,false,20000,20000,opb,pseudo-boolean,0,473,true,
pb-comp-2024,normalized-PB24/DEC-LIN/nordstrom/CombinatorialBenchmarksPBsolvers/vertex-cover/vc-lines-v3_shuffle/normalized-grid4_85.shuf-1,false,,,false,20000,20000,opb,pseudo-boolean,0,341,true,
pb-comp-2024,normalized-PB24/DEC-LIN/nordstrom/CombinatorialBenchmarksPBsolvers/vertex-cover/vc-lines-v3_shuffle/normalized-grid6_61.shuf-3,false,,,false,20000,20000,opb,pseudo-boolean,0,367,true,
pb-comp-2024,normalized-PB24/DEC-LIN/nordstrom/CombinatorialBenchmarksPBsolvers/vertex-cover/vc-lines-v3_shuffle/normalized-grid8_45.shuf-3,false,,,false,20000,20000,opb,pseudo-boolean,0,361,true,
pb-comp-2024,normalized-PB24/DEC-LIN/nordstrom/MIPLIB01/dec/miplib2/normalized-air01.0.s,false,,,false,20000,20000,opb,pseudo-boolean,0,24,true,
pb-comp-2024,normalized-PB24/DEC-LIN/nordstrom/MIPLIB01/dec/miplib2003/normalized-stp3d.0.s,false,,,false,20000,20000,opb,pseudo-boolean,0,159489,true,
pb-comp-2024,normalized-PB24/DEC-LIN/nordstrom/MIPLIB01/dec/miplib2010/normalized-ash608gpia-3col.0.d,false,,,false,20000,20000,opb,pseudo-boolean,0,24748,true,
pb-comp-2024,normalized-PB24/DEC-LIN/nordstrom/MIPLIB01/dec/miplib2010/normalized-iis-100-0-cov.0.u,false,,,false,20000,20000,opb,pseudo-boolean,0,3832,true,
pb-comp-2024,normalized-PB24/DEC-LIN/nordstrom/MIPLIB01/dec/miplib2010/normalized-mine-90-10.0.u,false,,,false,20000,20000,opb,pseudo-boolean,0,6271,true,
pb-comp-2024,normalized-PB24/DEC-LIN/nordstrom/MIPLIB01/dec/miplib2010/normalized-neos-506428.0.u,false,,,false,20000,20000,opb,pseudo-boolean,0,129926,true,
pb-comp-2024,normalized-PB24/DEC-LIN/nordstrom/MIPLIB01/dec/miplib2010/normalized-neos-777800.0.u,false,,,false,20000,20000,opb,pseudo-boolean,0,476,true,
pb-comp-2024,normalized-PB24/DEC-LIN/nordstrom/MIPLIB01/dec/miplib2010/normalized-neos-952987.0.d,false,,,false,20000,20000,opb,pseudo-boolean,0,354,true,
pb-comp-2024,normalized-PB24/DEC-LIN/nordstrom/MIPLIB01/dec/miplib2010/normalized-ns903616.0.u,false,,,false,20000,20000,opb,pseudo-boolean,0,17547,true,
pb-comp-2024,normalized-PB24/DEC-LIN/nordstrom/MIPLIB01/dec/miplib2010/normalized-rmine21.0.d,false,,,false,20000,20000,opb,pseudo-boolean,0,1441651,true,
pb-comp-2024,normalized-PB24/DEC-LIN/nordstrom/MIPLIB01/dec/miplib2017/normalized-ab69-40-100.0.s,false,,,false,20000,20000,opb,pseudo-boolean,0,11909,true,
pb-comp-2024,normalized-PB24/DEC-LIN/nordstrom/MIPLIB01/dec/miplib2017/normalized-app2-2.0.u,false,,,false,20000,20000,opb,pseudo-boolean,0,336,true,
pb-comp-2024,normalized-PB24/DEC-LIN/nordstrom/MIPLIB01/dec/miplib2017/normalized-neos-948346.0.s,false,,,false,20000,20000,opb,pseudo-boolean,0,1571,true,
pb-comp-2024,normalized-PB24/DEC-LIN/nordstrom/MIPLIB01/dec/miplib2017/normalized-rmine11.0.u,false,,,false,20000,20000,opb,pseudo-boolean,0,97390,true,
pb-comp-2024,normalized-PB24/DEC-LIN/nordstrom/MIPLIB01/dec/miplib2017/normalized-tanglegram6.0.u,false,,,false,20000,20000,opb,pseudo-boolean,0,17713,true,
pb-comp-2024,normalized-PB24/OPT-LIN/ihalainen/PBO-clique-coloring/normalized-clique-coloring-max-clique-n=11-t=5,false,,,false,20000,20000,opb,pseudo-boolean,0,6359,true,
pb-comp-2024,normalized-PB24/OPT-LIN/ihalainen/PBO-clique-coloring/normalized-clique-coloring-max-clique-n=13-t=11,false,,,false,20000,20000,opb,pseudo-boolean,0,13066,true,
pb-comp-2024,normalized-PB24/OPT-LIN/ihalainen/PBO-clique-coloring/normalized-clique-coloring-max-clique-n=14-t=9,false,,,false,20000,20000,opb,pseudo-boolean,0,17424,true,
pb-comp-2024,normalized-PB24/OPT-LIN/ihalainen/PBO-clique-coloring/normalized-clique-coloring-max-clique-n=19-t=2,false,,,false,20000,20000,opb,pseudo-boolean,0,58882,true,
pb-comp-2024,normalized-PB24/OPT-LIN/ihalainen/PBO-clique-coloring/normalized-clique-coloring-max-clique-n=20-t=2,false,,,false,20000,20000,opb,pseudo-boolean,0,72641,true,
pb-comp-2024,normalized-PB24/OPT-LIN/ihalainen/PBO-clique-coloring/normalized-clique-coloring-max-clique-n=24-t=2,false,,,false,20000,20000,opb,pseudo-boolean,0,152977,true,
pb-comp-2024,normalized-PB24/OPT-LIN/ihalainen/PBO-clique-coloring/normalized-clique-coloring-max-clique-n=5-t=3,false,,,false,20000,20000,opb,pseudo-boolean,0,246,true,
pb-comp-2024,normalized-PB24/OPT-LIN/ihalainen/PBO-clique-coloring/normalized-clique-coloring-max-clique-n=6-t=4,false,,,false,20000,20000,opb,pseudo-boolean,0,529,true,
pb-comp-2024,normalized-PB24/OPT-LIN/ihalainen/PBO-clique-coloring/normalized-clique-coloring-max-clique-n=8-t=6,false,,,false,20000,20000,opb,pseudo-boolean,0,1761,true,
pb-comp-2024,normalized-PB24/OPT-LIN/ihalainen/PBO-clique-coloring/normalized-clique-coloring-max-clique-n=9-t=5,false,,,false,20000,20000,opb,pseudo-boolean,0,2800,true,
pb-comp-2024,normalized-PB24/OPT-LIN/nordstrom/CoreGuidedPB/comppebphp_pyrheight_equals_nholes/normalized-comppebphp_opt_pyrheightequalsnholes_34,false,,,false,20000,20000,opb,pseudo-boolean,0,47041,true,
pb-comp-2024,normalized-PB24/OPT-LIN/nordstrom/CoreGuidedPB/comppebphp_pyrheight_equals_nholes/normalized-comppebphp_opt_pyrheightequalsnholes_50,false,,,false,20000,20000,opb,pseudo-boolean,0,141577,true,
pb-comp-2024,normalized-PB24/OPT-LIN/nordstrom/CoreGuidedPB/comppebphp_pyrheight_equals_nholes/normalized-comppebphp_opt_pyrheightequalsnholes_54,false,,,false,20000,20000,opb,pseudo-boolean,0,176771,true,
pb-comp-2024,normalized-PB24/OPT-LIN/nordstrom/CoreGuidedPB/dominating_set/hexgrid_nrowsdiv30add5/normalized-domset_opt_hexgrid_nrowsdiv30add5_ncols_080,false,,,false,20000,20000,opb,pseudo-boolean,0,561,true,
pb-comp-2024,normalized-PB24/OPT-LIN/nordstrom/CoreGuidedPB/dominating_set/hexgrid_nrowsdiv30add5/normalized-domset_opt_hexgrid_nrowsdiv30add5_ncols_340,false,,,false,20000,20000,opb,pseudo-boolean,0,5441,true,
pb-comp-2024,normalized-PB24/OPT-LIN/nordstrom/CoreGuidedPB/dominating_set/hexgrid_nrowsdiv30add5/normalized-domset_opt_hexgrid_nrowsdiv30add5_ncols_460,false,,,false,20000,20000,opb,pseudo-boolean,0,9201,true,
pb-comp-2024,normalized-PB24/OPT-LIN/nordstrom/CoreGuidedPB/evencolouring/linear/normalized-evencolouring_opt_linear_random6regular_nvert_051,false,,,false,20000,20000,opb,pseudo-boolean,0,52,true,
pb-comp-2024,normalized-PB24/OPT-LIN/nordstrom/CoreGuidedPB/evencolouring/linear/normalized-evencolouring_opt_linear_random6regular_nvert_401,false,,,false,20000,20000,opb,pseudo-boolean,0,402,true,
pb-comp-2024,normalized-PB24/OPT-LIN/nordstrom/CoreGuidedPB/evencolouring/unit/normalized-evencolouring_opt_unit_random6regular_nvert_751,false,,,false,20000,20000,opb,pseudo-boolean,0,752,true,
pb-comp-2024,normalized-PB24/OPT-LIN/nordstrom/CoreGuidedPB/evencolouring/unit/normalized-evencolouring_opt_unit_random6regular_nvert_851,false,,,false,20000,20000,opb,pseudo-boolean,0,852,true,
pb-comp-2024,normalized-PB24/OPT-LIN/nordstrom/CoreGuidedPB/injcomp/injcomp_opt_3layers_maxall_lastlayerdecr1/normalized-injcomp_opt_3layers_maxall_lastlayerdecr1_size_50,false,,,false,20000,20000,opb,pseudo-boolean,0,2650,true,
pb-comp-2024,normalized-PB24/OPT-LIN/nordstrom/CoreGuidedPB/injcomp/injcomp_opt_3layers_maxfirst_lastlayerdiv2/normalized-injcomp_opt_3layers_maxfirst_lastlayerdiv2_size_31,false,,,false,20000,20000,opb,pseudo-boolean,0,574,true,
pb-comp-2024,normalized-PB24/OPT-LIN/nordstrom/CoreGuidedPB/injcomp/injcomp_opt_4layers_maxall_lastlayerdiv2/normalized-injcomp_opt_4layers_maxall_lastlayerdiv2_size_16,false,,,false,20000,20000,opb,pseudo-boolean,0,489,true,
pb-comp-2024,normalized-PB24/OPT-LIN/nordstrom/CoreGuidedPB/linpeb/linearized_pebbling_opt_layeredfan_up/normalized-linearized_pebbling_opt_layeredfan_up_r11_c22_a6,false,,,false,20000,20000,opb,pseudo-boolean,0,474,true,
pb-comp-2024,normalized-PB24/OPT-LIN/nordstrom/CoreGuidedPB/linpeb/linearized_pebbling_opt_layeredfan_up/normalized-linearized_pebbling_opt_layeredfan_up_r24_c47_a5,false,,,false,20000,20000,opb,pseudo-boolean,0,2210,true,
pb-comp-2024,normalized-PB24/OPT-LIN/nordstrom/CoreGuidedPB/linpeb/linearized_pebbling_opt_layeredfan_up/normalized-linearized_pebbling_opt_layeredfan_up_r33_c65_a6,false,,,false,20000,20000,opb,pseudo-boolean,0,4226,true,
pb-comp-2024,normalized-PB24/OPT-LIN/nordstrom/CoreGuidedPB/maxcut/maxcut_opt_complete_5-partite_block/normalized-maxcut_opt_complete_5-partite_block_nvert_55,false,,,false,20000,20000,opb,pseudo-boolean,0,104941,true,
pb-comp-2024,normalized-PB24/OPT-LIN/nordstrom/CoreGuidedPB/maxcut/maxcut_opt_complete_5-partite_inlv/normalized-maxcut_opt_complete_5-partite_inlv_nvert_27,false,,,false,20000,20000,opb,pseudo-boolean,0,11701,true,
pb-comp-2024,normalized-PB24/OPT-LIN/nordstrom/CoreGuidedPB/maxcut/maxcut_opt_complete_6-partite_block/normalized-maxcut_opt_complete_6-partite_block_nvert_72,false,,,false,20000,20000,opb,pseudo-boolean,0,238561,true,
pb-comp-2024,normalized-PB24/OPT-LIN/nordstrom/CoreGuidedPB/maxcut/maxcut_opt_complete_6-partite_inlv/normalized-maxcut_opt_complete_6-partite_inlv_nvert_66,false,,,false,20000,20000,opb,pseudo-boolean,0,183041,true,
pb-comp-2024,normalized-PB24/OPT-LIN/nordstrom/CoreGuidedPB/multverif/diagcomm_greater/normalized-mult_diagcomm_opt_greater_teq_nbits_08,false,,,false,20000,20000,opb,pseudo-boolean,0,609,true,
pb-comp-2024,normalized-PB24/OPT-LIN/nordstrom/CoreGuidedPB/multverif/diagcomm_greater/normalized-mult_diagcomm_opt_greater_teq_nbits_10,false,,,false,20000,20000,opb,pseudo-boolean,0,941,true,
pb-comp-2024,normalized-PB24/OPT-LIN/nordstrom/CoreGuidedPB/multverif/diagcomm_greater/normalized-mult_diagcomm_opt_greater_teq_nbits_18,false,,,false,20000,20000,opb,pseudo-boolean,0,2989,true,
pb-comp-2024,normalized-PB24/OPT-LIN/nordstrom/CoreGuidedPB/multverif/diagcomm_greater/normalized-mult_diagcomm_opt_greater_teq_nbits_21,false,,,false,20000,20000,opb,pseudo-boolean,0,4054,true,
pb-comp-2024,normalized-PB24/OPT-LIN/nordstrom/CoreGuidedPB/multverif/diagcomm_greater/normalized-mult_diagcomm_opt_greater_teq_nbits_22,false,,,false,20000,20000,opb,pseudo-boolean,0,4445,true,
pb-comp-2024,normalized-PB24/OPT-LIN/nordstrom/CoreGuidedPB/multverif/diagcomm_less/normalized-mult_diagcomm_opt_less_teq_nbits_15,false,,,false,20000,20000,opb,pseudo-boolean,0,2086,true,
pb-comp-2024,normalized-PB24/OPT-LIN/nordstrom/CoreGuidedPB/multverif/diagcomm_less/normalized-mult_diagcomm_opt_less_teq_nbits_24,false,,,false,20000,20000,opb,pseudo-boolean,0,5281,true,
pb-comp-2024,normalized-PB24/OPT-LIN/nordstrom/CoreGuidedPB/multverif/diagcomm_less/normalized-mult_diagcomm_opt_less_teq_nbits_27,false,,,false,20000,20000,opb,pseudo-boolean,0,6670,true,
pb-comp-2024,normalized-PB24/OPT-LIN/nordstrom/CoreGuidedPB/vertex_cover/vertexcover_opt_grid_evenrowoddcolsquare/normalized-vertexcover_opt_grid_evenrowoddcolsquare_dim_100,false,,,false,20000,20000,opb,pseudo-boolean,0,20201,true,
pb-comp-2024,normalized-PB24/OPT-LIN/nordstrom/CoreGuidedPB/vertex_cover/vertexcover_opt_grid_evenrowoddcolsquare/normalized-vertexcover_opt_grid_evenrowoddcolsquare_dim_160,false,,,false,20000,20000,opb,pseudo-boolean,0,51521,true,
pb-comp-2024,normalized-PB24/OPT-LIN/nordstrom/CoreGuidedPB/vertex_cover/vertexcover_opt_grid_oddrowevencolsquare/normalized-vertexcover_opt_grid_oddrowevencolsquare_dim_072,false,,,false,20000,20000,opb,pseudo-boolean,0,10513,true,
pb-comp-2024,normalized-PB24/OPT-LIN/nordstrom/CoreGuidedPB/vertex_cover/vertexcover_opt_grid_oddrowevencolsquare/normalized-vertexcover_opt_grid_oddrowevencolsquare_dim_076,false,,,false,20000,20000,opb,pseudo-boolean,0,11705,true,
pb-comp-2024,normalized-PB24/OPT-LIN/nordstrom/KNAP/almost_strongly_correlated/normalized-knapPI_5_2000_10000_5_-952740,false,,,false,20000,20000,opb,pseudo-boolean,0,2,true,
pb-comp-2024,normalized-PB24/OPT-LIN/nordstrom/KNAP/inverse_strongly_correlated/normalized-knapPI_4_50_1000_1_-994,false,,,false,20000,20000,opb,pseudo-boolean,0,2,true,
pb-comp-2024,normalized-PB24/OPT-LIN/nordstrom/KNAP/multiple_strongly_correlated/normalized-knapPI_14_50_1000_5_-3237,false,,,false,20000,20000,opb,pseudo-boolean,0,2,true,
pb-comp-2024,normalized-PB24/OPT-LIN/nordstrom/KNAP/profit_ceiling/normalized-knapPI_15_20_1000_2_-948,false,,,false,20000,20000,opb,pseudo-boolean,0,2,true,
pb-comp-2024,normalized-PB24/OPT-LIN/nordstrom/KNAP/profit_ceiling/normalized-knapPI_15_50_1000_5_-1047,false,,,false,20000,20000,opb,pseudo-boolean,0,2,true,
pb-comp-2024,normalized-PB24/OPT-LIN/nordstrom/KNAP/subset_sum/normalized-knapPI_6_2000_1000_4_-39215,false,,,false,20000,20000,opb,pseudo-boolean,0,2,true,
pb-comp-2024,normalized-PB24/OPT-LIN/nordstrom/KNAP/subset_sum/normalized-knapPI_6_200_10000_5_-48992,false,,,false,20000,20000,opb,pseudo-boolean,0,2,true,
pb-comp-2024,normalized-PB24/OPT-LIN/nordstrom/KNAP/subset_sum/normalized-knapPI_6_5000_10000_1_-246112,false,,,false,20000,20000,opb,pseudo-boolean,0,2,true,
pb-comp-2024,normalized-PB24/OPT-LIN/nordstrom/KNAP/uncorrelated/normalized-knapPI_1_2000_1000_1_-110625,false,,,false,20000,20000,opb,pseudo-boolean,0,2,true,
pb-comp-2024,normalized-PB24/OPT-LIN/nordstrom/KNAP/uncorrelated/normalized-knapPI_1_50_1000_4_-4888,false,,,false,20000,20000,opb,pseudo-boolean,0,2,true,
pb-comp-2024,normalized-PB24/OPT-LIN/nordstrom/MIPLIB01/opt/miplib2/normalized-lp4l,false,,,false,20000,20000,opb,pseudo-boolean,0,86,true,
pb-comp-2024,normalized-PB24/OPT-LIN/nordstrom/MIPLIB01/opt/miplib2010/normalized-acc-tight5,false,,,false,20000,20000,opb,pseudo-boolean,0,3053,true,
pb-comp-2024,normalized-PB24/OPT-LIN/nordstrom/MIPLIB01/opt/miplib2010/normalized-neos-1109824,false,,,false,20000,20000,opb,pseudo-boolean,0,28980,true,
pb-comp-2024,normalized-PB24/OPT-LIN/nordstrom/MIPLIB01/opt/miplib2010/normalized-neos-859770,false,,,false,20000,20000,opb,pseudo-boolean,0,2066,true,
pb-comp-2024,normalized-PB24/OPT-LIN/nordstrom/MIPLIB01/opt/miplib2010/normalized-ns1745726,false,,,false,20000,20000,opb,pseudo-boolean,0,4688,true,
pb-comp-2024,normalized-PB24/OPT-LIN/nordstrom/MIPLIB01/opt/miplib2010/normalized-ns903616,false,,,false,20000,20000,opb,pseudo-boolean,0,17547,true,
pb-comp-2024,normalized-PB24/OPT-LIN/nordstrom/MIPLIB01/opt/miplib2017/normalized-graph20-20-1rand,false,,,false,20000,20000,opb,pseudo-boolean,0,5588,true,
pb-comp-2024,normalized-PB24/OPT-LIN/nordstrom/MIPLIB01/opt/miplib2017/normalized-iis-glass-cov,false,,,false,20000,20000,opb,pseudo-boolean,0,5376,true,
pb-comp-2024,normalized-PB24/OPT-LIN/nordstrom/MIPLIB01/opt/miplib2017/normalized-neos-3437289-erdre,false,,,false,20000,20000,opb,pseudo-boolean,0,7359,true,
pb-comp-2024,normalized-PB24/OPT-LIN/nordstrom/MIPLIB01/opt/miplib2017/normalized-rmine15,false,,,false,20000,20000,opb,pseudo-boolean,0,358396,true,
pb-comp-2024,normalized-PB24/OPT-LIN/pettersson/StableMatchings/KidneyTransplantBenchmarks/normalized-Generated_notes_20140709_1000_0.05-000,false,,,false,20000,20000,opb,pseudo-boolean,0,1676,true,
pb-comp-2024,normalized-PB24/OPT-LIN/pettersson/StableMatchings/KidneyTransplantBenchmarks/normalized-Generated_notes_20140709_1000_0.10-021,false,,,false,20000,20000,opb,pseudo-boolean,0,1887,true,
pb-comp-2024,normalized-PB24/OPT-LIN/pettersson/StableMatchings/KidneyTransplantBenchmarks/normalized-KE_140_005,false,,,false,20000,20000,opb,pseudo-boolean,0,84,true,
pb-comp-2024,normalized-PB24/OPT-LIN/pettersson/StableMatchings/KidneyTransplantBenchmarks/normalized-KE_250_005,false,,,false,20000,20000,opb,pseudo-boolean,0,169,true,
pb-comp-2024,normalized-PB24/OPT-LIN/pettersson/StableMatchings/KidneyTransplantBenchmarks/normalized-KE_300_003,false,,,false,20000,20000,opb,pseudo-boolean,0,179,true,
pb-comp-2024,normalized-PB24/OPT-LIN/pettersson/StableMatchings/KidneyTransplantBenchmarks/normalized-KE_340_006,false,,,false,20000,20000,opb,pseudo-boolean,0,258,true,
pb-comp-2024,normalized-PB24/OPT-LIN/pettersson/StableMatchings/KidneyTransplantBenchmarks/normalized-KE_400_008,false,,,false,20000,20000,opb,pseudo-boolean,0,314,true,
pb-comp-2024,normalized-PB24/OPT-LIN/pettersson/StableMatchings/KidneyTransplantBenchmarks/normalized-KE_410_004,false,,,false,20000,20000,opb,pseudo-boolean,0,308,true,
pb-comp-2024,normalized-PB24/OPT-LIN/pettersson/StableMatchings/KidneyTransplantBenchmarks/normalized-KE_630_002,false,,,false,20000,20000,opb,pseudo-boolean,0,563,true,
pb-comp-2024,normalized-PB24/OPT-LIN/pettersson/StableMatchings/KidneyTransplantBenchmarks/normalized-KE_690_001,false,,,false,20000,20000,opb,pseudo-boolean,0,646,true,
pb-comp-2024,normalized-PB24/OPT-LIN/pettersson/StableMatchings/SMTI/SMTI_PBO/SMTI_10000_5_0.85_3,false,,,false,20000,20000,opb,pseudo-boolean,0,70002,true,
pb-comp-2024,normalized-PB24/OPT-LIN/pettersson/StableMatchings/SMTI/SMTI_PBO/SMTI_25000_5_0.95_7,false,,,false,20000,20000,opb,pseudo-boolean,0,175002,true,
pb-comp-2024,normalized-PB24/OPT-LIN/pettersson/StableMatchings/SMTI/SMTI_PBO/SMTI_50000_3_0.95_1,false,,,false,20000,20000,opb,pseudo-boolean,0,250002,true,
pb-comp-2024,normalized-PB24/OPT-LIN/pettersson/StableMatchings/SMTI/x1/Init-x1-i3_pp_87_merged,false,,,false,20000,20000,opb,pseudo-boolean,0,99546,true,
pb-comp-2024,normalized-PB24/OPT-LIN/pettersson/StableMatchings/SMTI/x1/Init-x1-i4_pp_80_merged,false,,,false,20000,20000,opb,pseudo-boolean,0,113618,true,
pb-comp-2024,normalized-PB24/OPT-LIN/pettersson/StableMatchings/SMTI/x1/Init-x1-i4_pp_92_merged,false,,,false,20000,20000,opb,pseudo-boolean,0,35623,true,
pb-comp-2024,normalized-PB24/OPT-LIN/pettersson/StableMatchings/SMTI/x2/Init-x2-i10_pp_100,false,,,false,20000,20000,opb,pseudo-boolean,0,7896,true,
pb-comp-2024,normalized-PB24/OPT-LIN/pettersson/StableMatchings/SMTI/x2/Init-x2-i5_pp_93,false,,,false,20000,20000,opb,pseudo-boolean,0,194377,true,
pb-comp-2024,normalized-PB24/OPT-LIN/pettersson/StableMatchings/SMTI/x2/Init-x2-i8_pp_100,false,,,false,20000,20000,opb,pseudo-boolean,0,7956,true,
pb-comp-2024,normalized-PB24/OPT-LIN/pettersson/StableMatchings/SMTI/x2/Init-x2-i9_pp_96,false,,,false,20000,20000,opb,pseudo-boolean,0,41202,true,
pb-comp-2024,normalized-extraPB12/OPT-LIN/sroussel/benchsMusee/opb_Equals1_cod2/normalized-BA_RDC4.dot_unif_10null0mast_rapportOE2.0_TMAX60_K67_cod2_pbEq1_newVersion,false,,,false,20000,20000,opb,pseudo-boolean,0,40883,true,
pb-comp-2024,normalized-extraPB12/OPT-LIN/sroussel/benchsMusee/opb_Equals1_cod2_binary/normalized-BA_RDC4.dot_fibo_50null0mast_rapportOE1.0_TMAX300_K67_cod2_pbEq1_newVersion_binary,false,,,false,20000,20000,opb,pseudo-boolean,0,297597,true,
pb-comp-2024,normalized-extraPB12/OPT-LIN/sroussel/benchsMusee/opb_Equals1_cod2_ladder/normalized-BA_RDC4.dot_unif_20null10mast_rapportOE1.0_TMAX15_K67_cod2_pbEq1_newVersion_ladder,false,,,false,20000,20000,opb,pseudo-boolean,0,201869,true,
pb-comp-2024,normalized-extraPB12/OPT-LIN/sroussel/benchsMusee/opb_Equals1_cod2_product/normalized-BA_RDC4.dot_luby_20null20mast_rapportOE2.0_TMAX15_K67_cod2_pbEq1_newVersion_product,false,,,false,20000,20000,opb,pseudo-boolean,0,149402,true,
pb-comp-2024,normalized-extraPB12/OPT-LIN/sroussel/benchsMusee/opb_Equals1_cod2_product/normalized-BA_RDC4.dot_unif_20null10mast_rapportOE2.0_TMAX180_K67_cod2_pbEq1_newVersion_product,false,,,false,20000,20000,opb,pseudo-boolean,0,149402,true,
pb-comp-2025,normalized-PB25/DEC-LIN/koops/normalized-mat10_8_triangular,false,,,false,20000,20000,opb,pseudo-boolean,0,25189,true,
pb-comp-2025,normalized-PB25/DEC-LIN/koops/normalized-mat10_9identity_complement,false,,,false,20000,20000,opb,pseudo-boolean,0,19855,true,
pb-comp-2025,normalized-PB25/DEC-LIN/koops/normalized-mat11_10_triangular,false,,,false,20000,20000,opb,pseudo-boolean,0,45465,true,
pb-comp-2025,normalized-PB25/DEC-LIN/koops/normalized-mat11_11_identity_complement,false,,,false,20000,20000,opb,pseudo-boolean,0,35706,true,
pb-comp-2025,normalized-PB25/DEC-LIN/koops/normalized-mat11_9_triangular,false,,,false,20000,20000,opb,pseudo-boolean,0,40924,true,
pb-comp-2025,normalized-PB25/DEC-LIN/koops/normalized-mat12_10_triangular,false,,,false,20000,20000,opb,pseudo-boolean,0,63606,true,
pb-comp-2025,normalized-PB25/DEC-LIN/koops/normalized-mat12_11_identity_complement,false,,,false,20000,20000,opb,pseudo-boolean,0,50832,true,
pb-comp-2025,normalized-PB25/DEC-LIN/koops/normalized-mat12_11_triangular,false,,,false,20000,20000,opb,pseudo-boolean,0,69960,true,
pb-comp-2025,normalized-PB25/DEC-LIN/koops/normalized-mat15_14_triangular,false,,,false,20000,20000,opb,pseudo-boolean,0,210847,true,
pb-comp-2025,normalized-PB25/DEC-LIN/koops/normalized-mat15_15_identity_complement,false,,,false,20000,20000,opb,pseudo-boolean,0,171690,true,
pb-comp-2025,normalized-PB25/DEC-LIN/koops/normalized-mat16_15_identity_complement,false,,,false,20000,20000,opb,pseudo-boolean,0,408375,true,
pb-comp-2025,normalized-PB25/DEC-LIN/koops/normalized-mat20_19_identity_complement,false,,,false,20000,20000,opb,pseudo-boolean,0,700360,true,
pb-comp-2025,normalized-PB25/DEC-LIN/koops/normalized-mat20_19_triangular,false,,,false,20000,20000,opb,pseudo-boolean,0,873012,true,
pb-comp-2025,normalized-PB25/DEC-LIN/koops/normalized-mat98_identity_complement,false,,,false,20000,20000,opb,pseudo-boolean,0,11529,true,
pb-comp-2025,normalized-PB25/DEC-LIN/koops/normalized-mat99_identity_complement,false,,,false,20000,20000,opb,pseudo-boolean,0,12969,true,
pb-comp-2025,normalized-PB25/DEC-LIN/wallon/normalized-AverageAvoiding-20_c24,false,,,false,20000,20000,opb,pseudo-boolean,0,12724,true,
pb-comp-2025,normalized-PB25/DEC-LIN/wallon/normalized-AverageAvoiding-mini-40_c24,false,,,false,20000,20000,opb,pseudo-boolean,0,89518,true,
pb-comp-2025,normalized-PB25/DEC-LIN/wallon/normalized-FRB-45-21-3-mgd_c18,false,,,false,20000,20000,opb,pseudo-boolean,0,47919,true,
pb-comp-2025,normalized-PB25/DEC-LIN/wallon/normalized-FRB-53-24-1-mgd_c18,false,,,false,20000,20000,opb,pseudo-boolean,0,78421,true,
pb-comp-2025,normalized-PB25/DEC-LIN/wallon/normalized-Hamming-20-10-03-08_c24,false,,,false,20000,20000,opb,pseudo-boolean,0,13501,true,
pb-comp-2025,normalized-PB25/DEC-LIN/wallon/normalized-MisteryShopper-mini-5-08-2-6-0_c24,false,,,false,20000,20000,opb,pseudo-boolean,0,25309,true,
pb-comp-2025,normalized-PB25/DEC-LIN/wallon/normalized-MisteryShopper-mini-5-10-2-6-0_c24,false,,,false,20000,20000,opb,pseudo-boolean,0,39169,true,
pb-comp-2025,normalized-PB25/DEC-LIN/wallon/normalized-PoolBallTriangle-07_c24,false,,,false,20000,20000,opb,pseudo-boolean,0,746,true,
pb-comp-2025,normalized-PB25/DEC-LIN/wallon/normalized-Soccer-22-18-20-1_c24,false,,,false,20000,20000,opb,pseudo-boolean,0,7394,true,
pb-comp-2025,normalized-PB25/DEC-LIN/wallon/normalized-SocialGolfers-08-04-08_c24,false,,,false,20000,20000,opb,pseudo-boolean,0,213661,true,
pb-comp-2025,normalized-PB25/DEC-LIN/wallon/normalized-SocialGolfers-cnt-06-06-07_c24,false,,,false,20000,20000,opb,pseudo-boolean,0,32542,true,
pb-comp-2025,normalized-PB25/DEC-LIN/wallon/normalized-SolitairePattern-dec2-3-3-1,false,,,false,20000,20000,opb,pseudo-boolean,0,145826,true,
pb-comp-2025,normalized-PB25/DEC-LIN/wallon/normalized-SolitairePattern-dec2-3-3-5,false,,,false,20000,20000,opb,pseudo-boolean,0,116082,true,
pb-comp-2025,normalized-PB25/DEC-LIN/wallon/normalized-SolitairePattern-table-3-3-9,false,,,false,20000,20000,opb,pseudo-boolean,0,628780,true,
pb-comp-2025,normalized-PB25/OPT-LIN/sakai/PB25-bnn-verification-20250419/instances/normalized-bnn_mnist_7_label9_adversarial_norm_inf,false,,,false,20000,20000,opb,pseudo-boolean,0,2027,true,
pb-comp-2025,normalized-PB25/OPT-LIN/sakai/PB25-bnn-verification-20250419/instances/normalized-bnn_mnist_back_image_32_label3_adversarial_norm_1,false,,,false,20000,20000,opb,pseudo-boolean,0,1092,true,
pb-comp-2025,normalized-PB25/OPT-LIN/sakai/PB25-bnn-verification-20250419/instances/normalized-bnn_mnist_back_image_32_label3_adversarial_norm_inf,false,,,false,20000,20000,opb,pseudo-boolean,0,2022,true,
pb-comp-2025,normalized-PB25/OPT-LIN/sakai/PB25-bnn-verification-20250419/instances/normalized-bnn_mnist_back_image_73_label5_adversarial_norm_1,false,,,false,20000,20000,opb,pseudo-boolean,0,1092,true,
pb-comp-2025,normalized-PB25/OPT-LIN/sakai/PB25-bnn-verification-20250419/instances/normalized-bnn_mnist_back_image_73_label5_adversarial_norm_inf,false,,,false,20000,20000,opb,pseudo-boolean,0,2031,true,
pb-comp-2025,normalized-PB25/OPT-LIN/sakai/PB25-bnn-verification-20250419/instances/normalized-bnn_mnist_rot_16_label5_adversarial_norm_0,false,,,false,20000,20000,opb,pseudo-boolean,0,1095,true,
pb-comp-2025,normalized-PB25/OPT-LIN/sakai/PB25-bnn-verification-20250419/instances/normalized-bnn_mnist_rot_16_label5_adversarial_norm_1,false,,,false,20000,20000,opb,pseudo-boolean,0,1095,true,
pb-comp-2025,normalized-PB25/OPT-LIN/sakai/PB25-bnn-verification-20250419/instances/normalized-bnn_mnist_rot_16_label5_adversarial_norm_inf,false,,,false,20000,20000,opb,pseudo-boolean,0,2033,true,
pb-comp-2025,normalized-PB25/OPT-LIN/sakai/PB25-bnn-verification-20250419/instances/normalized-bnn_mnist_rot_8_label1_adversarial_norm_0,false,,,false,20000,20000,opb,pseudo-boolean,0,1095,true,
pb-comp-2025,normalized-PB25/OPT-LIN/sakai/PB25-bnn-verification-20250419/instances/normalized-bnn_mnist_rot_8_label1_adversarial_norm_2,false,,,false,20000,20000,opb,pseudo-boolean,0,1095,true,
pb-comp-2025,normalized-PB25/OPT-LIN/sakai/dobutsu-shogi-master-PB25-20250424/normalized-dobutsu-shogi-master,false,,,false,20000,20000,opb,pseudo-boolean,0,326013,true,
pb-comp-2025,normalized-PB25/OPT-LIN/sakai/dobutsu-shogi-master-PB25-20250424/normalized-dobutsu-shogi-master-noopt,false,,,false,20000,20000,opb,pseudo-boolean,0,918927,true,
pb-comp-2025,normalized-PB25/OPT-LIN/wallon/normalized-AztecDiamondSym-mini-07_c24,false,,,false,20000,20000,opb,pseudo-boolean,0,28730,true,
pb-comp-2025,normalized-PB25/OPT-LIN/wallon/normalized-Cargo-24_c24,false,,,false,20000,20000,opb,pseudo-boolean,0,5076484,true,
pb-comp-2025,normalized-PB25/OPT-LIN/wallon/normalized-Charlotte-06-2_c24,false,,,false,20000,20000,opb,pseudo-boolean,0,4949,true,
pb-comp-2025,normalized-PB25/OPT-LIN/wallon/normalized-Charlotte-mini-24-2_c24,false,,,false,20000,20000,opb,pseudo-boolean,0,12272,true,
pb-comp-2025,normalized-PB25/OPT-LIN/wallon/normalized-Clique-c0125-9_c24,false,,,false,20000,20000,opb,pseudo-boolean,0,789,true,
pb-comp-2025,normalized-PB25/OPT-LIN/wallon/normalized-FoolSolitaire-table-2-0_c24,false,,,false,20000,20000,opb,pseudo-boolean,0,892925,true,
pb-comp-2025,normalized-PB25/OPT-LIN/wallon/normalized-GolombRuler-a3v18-15_c18,false,,,false,20000,20000,opb,pseudo-boolean,0,1502,true,
pb-comp-2025,normalized-PB25/OPT-LIN/wallon/normalized-SameQueensKnights-b-35_c24,false,,,false,20000,20000,opb,pseudo-boolean,0,55131,true,
pb-comp-2025,normalized-PB25/OPT-LIN/wallon/normalized-TestScheduling-t030m10r05-1_c24,false,,,false,20000,20000,opb,pseudo-boolean,0,1964068,true,
pb-comp-2025,normalized-PB25/OPT-LIN/wallon/normalized-WordGolf-4-ogd2008-50-0_c24,false,,,false,20000,20000,opb,pseudo-boolean,0,1254812,true,
pb-comp-2025,normalized-PB25/OPT-NLC/sakai/QPLIB-PB-PB25-20250422/instances/normalized-QPLIB_2017,false,,,false,20000,20000,opb,pseudo-boolean,0,253,true,
pb-comp-2025,normalized-PB25/OPT-NLC/sakai/QPLIB-PB-PB25-20250422/instances/normalized-QPLIB_3877,false,,,false,20000,20000,opb,pseudo-boolean,0,1,true,
pb-comp-2025,normalized-PB25/OPT-NLC/sakai/QPLIB-PB-PB25-20250422/instances/normalized-QPLIB_5881,false,,,false,20000,20000,opb,pseudo-boolean,0,1,true,
pb07-other,OPT-BIGINT-LIN/submittedPB07/aksoy/trarea_ac/normalized-fir03_trarea_ac,false,26587.0,true,false,20153,20000,opb,pseudo-boolean,0,2406,true,
pb07-other,OPT-BIGINT-LIN/submittedPB07/aksoy/trarea_ac/normalized-fir04_trarea_ac,false,43905.0,true,false,20164,20000,opb,pseudo-boolean,0,3356,true,
pb07-other,OPT-BIGINT-LIN/submittedPB07/aksoy/trarea_ac/normalized-fir05_trarea_ac,false,49790.0,true,false,20137,20000,opb,pseudo-boolean,0,1775,true,
pb07-other,OPT-BIGINT-LIN/submittedPB07/aksoy/trarea_ac/normalized-fir06_trarea_ac,false,33894.0,true,false,20153,20000,opb,pseudo-boolean,0,8611,true,
pb07-other,OPT-BIGINT-LIN/submittedPB07/aksoy/trarea_ac/normalized-fir07_trarea_ac,false,58165.0,true,false,20144,20000,opb,pseudo-boolean,0,4880,true,
pb07-other,OPT-BIGINT-LIN/submittedPB07/aksoy/trarea_ac/normalized-fir08_trarea_ac,false,81928.0,true,false,20153,20000,opb,pseudo-boolean,0,51199,true,
pb07-other,OPT-BIGINT-LIN/submittedPB07/aksoy/trarea_ac/normalized-fir09_trarea_ac,false,63184.0,true,false,20147,20000,opb,pseudo-boolean,0,8605,true,
pb07-other,OPT-BIGINT-LIN/submittedPB07/aksoy/trarea_ac/normalized-fir10_trarea_ac,false,80458.0,true,false,20159,20000,opb,pseudo-boolean,0,55587,true,
pb07-other,OPT-SMALLINT-LIN/reduced/submittedPB07/aksoy/trarea_ac/normalized-reduced-fir03_trarea_ac,false,13163.0,true,false,20129,20000,opb,pseudo-boolean,0,2406,true,
pb07-other,OPT-SMALLINT-LIN/reduced/submittedPB07/aksoy/trarea_ac/normalized-reduced-fir04_trarea_ac,false,13730.0,true,false,20134,20000,opb,pseudo-boolean,0,3356,true,
pb07-other,OPT-SMALLINT-LIN/reduced/submittedPB07/aksoy/trarea_ac/normalized-reduced-fir05_trarea_ac,false,24893.0,true,false,20135,20000,opb,pseudo-boolean,0,1775,true,
pb07-other,OPT-SMALLINT-LIN/reduced/submittedPB07/aksoy/trarea_ac/normalized-reduced-fir06_trarea_ac,false,4875.0,true,false,20140,20000,opb,pseudo-boolean,0,8611,true,
pb07-other,OPT-SMALLINT-LIN/reduced/submittedPB07/aksoy/trarea_ac/normalized-reduced-fir07_trarea_ac,false,17621.0,true,false,20147,20000,opb,pseudo-boolean,0,4880,true,
pb07-other,OPT-SMALLINT-LIN/reduced/submittedPB07/aksoy/trarea_ac/normalized-reduced-fir08_trarea_ac,false,2064.0,true,false,20143,20000,opb,pseudo-boolean,0,51199,true,
pb07-other,OPT-SMALLINT-LIN/reduced/submittedPB07/aksoy/trarea_ac/normalized-reduced-fir09_trarea_ac,false,10931.0,true,false,20139,20000,opb,pseudo-boolean,0,8605,true,
pb07-other,OPT-SMALLINT-LIN/reduced/submittedPB07/aksoy/trarea_ac/normalized-reduced-fir10_trarea_ac,false,1799.0,true,false,20130,20000,opb,pseudo-boolean,0,55587,true,
pb07-other,OPT-SMALLINT-LIN/submittedPB07/aksoy/area_delay/normalized-fir01_area_delay,false,5.0,true,true,134,20000,opb,pseudo-boolean,0,225,true,
pb07-other,OPT-SMALLINT-LIN/submittedPB07/aksoy/area_delay/normalized-fir02_area_delay,false,8.0,true,true,460,20000,opb,pseudo-boolean,0,1924,true,
pb07-other,OPT-SMALLINT-LIN/submittedPB07/aksoy/area_delay/normalized-fir03_area_delay,false,11.0,true,false,20133,20000,opb,pseudo-boolean,0,9891,true,
pb07-other,OPT-SMALLINT-LIN/submittedPB07/aksoy/area_delay/normalized-fir04_area_delay,false,14.0,true,false,20136,20000,opb,pseudo-boolean,0,2073,true,
pb07-other,OPT-SMALLINT-LIN/submittedPB07/aksoy/area_delay/normalized-fir05_area_delay,false,15.0,true,false,20143,20000,opb,pseudo-boolean,0,9386,true,
pb07-other,OPT-SMALLINT-LIN/submittedPB07/aksoy/area_delay/normalized-fir06_area_delay,false,16.0,true,false,20140,20000,opb,pseudo-boolean,0,15856,true,
pb07-other,OPT-SMALLINT-LIN/submittedPB07/aksoy/area_delay/normalized-fir07_area_delay,false,21.0,true,false,20113,20000,opb,pseudo-boolean,0,51714,true,
pb07-other,OPT-SMALLINT-LIN/submittedPB07/aksoy/area_delay/normalized-fir08_area_delay,false,33.0,true,false,20139,20000,opb,pseudo-boolean,0,521621,true,
pb07-other,OPT-SMALLINT-LIN/submittedPB07/aksoy/area_delay/normalized-fir09_area_delay,false,22.0,true,false,20151,20000,opb,pseudo-boolean,0,57801,true,
pb07-other,OPT-SMALLINT-LIN/submittedPB07/aksoy/area_delay/normalized-fir10_area_delay,false,38.0,true,false,20148,20000,opb,pseudo-boolean,0,199673,true,
pb07-other,OPT-SMALLINT-LIN/submittedPB07/aksoy/area_opers/normalized-fir01_area_opers,false,10.0,true,true,155,20000,opb,pseudo-boolean,0,293,true,
pb07-other,OPT-SMALLINT-LIN/submittedPB07/aksoy/area_opers/normalized-fir02_area_opers,false,18.0,true,false,20156,20000,opb,pseudo-boolean,0,2690,true,
pb07-other,OPT-SMALLINT-LIN/submittedPB07/aksoy/area_opers/normalized-fir03_area_opers,false,18.0,true,false,20148,20000,opb,pseudo-boolean,0,14169,true,
pb07-other,OPT-SMALLINT-LIN/submittedPB07/aksoy/area_opers/normalized-fir04_area_opers,false,29.0,true,false,20148,20000,opb,pseudo-boolean,0,2784,true,
pb07-other,OPT-SMALLINT-LIN/submittedPB07/aksoy/area_opers/normalized-fir05_area_opers,false,35.0,true,false,20138,20000,opb,pseudo-boolean,0,11967,true,
pb07-other,OPT-SMALLINT-LIN/submittedPB07/aksoy/area_opers/normalized-fir06_area_opers,false,26.0,true,false,20142,20000,opb,pseudo-boolean,0,23299,true,
pb07-other,OPT-SMALLINT-LIN/submittedPB07/aksoy/area_opers/normalized-fir07_area_opers,false,34.0,true,false,20147,20000,opb,pseudo-boolean,0,51661,true,
pb07-other,OPT-SMALLINT-LIN/submittedPB07/aksoy/area_opers/normalized-fir08_area_opers,false,53.0,true,false,20158,20000,opb,pseudo-boolean,0,469078,true,
pb07-other,OPT-SMALLINT-LIN/submittedPB07/aksoy/area_opers/normalized-fir09_area_opers,false,43.0,true,false,20149,20000,opb,pseudo-boolean,0,59373,true,
pb07-other,OPT-SMALLINT-LIN/submittedPB07/aksoy/area_opers/normalized-fir10_area_opers,false,56.0,true,false,20135,20000,opb,pseudo-boolean,0,176989,true,
pb07-other,OPT-SMALLINT-LIN/submittedPB07/aksoy/area_partials/normalized-fir02_area_partials,false,19.0,true,true,138,20000,opb,pseudo-boolean,0,192,true,
pb07-other,OPT-SMALLINT-LIN/submittedPB07/aksoy/area_partials/normalized-fir03_area_partials,false,18.0,true,true,145,20000,opb,pseudo-boolean,0,4576,true,
pb07-other,OPT-SMALLINT-LIN/submittedPB07/aksoy/area_partials/normalized-fir04_area_partials,false,30.0,true,true,142,20000,opb,pseudo-boolean,0,70,true,
pb07-other,OPT-SMALLINT-LIN/submittedPB07/aksoy/area_partials/normalized-fir05_area_partials,false,36.0,true,true,143,20000,opb,pseudo-boolean,0,1562,true,
pb07-other,OPT-SMALLINT-LIN/submittedPB07/aksoy/area_partials/normalized-fir06_area_partials,false,24.0,true,true,144,20000,opb,pseudo-boolean,0,1851,true,
pb07-other,OPT-SMALLINT-LIN/submittedPB07/aksoy/area_partials/normalized-fir07_area_partials,false,33.0,true,true,143,20000,opb,pseudo-boolean,0,420,true,
pb07-other,OPT-SMALLINT-LIN/submittedPB07/aksoy/area_partials/normalized-fir08_area_partials,false,53.0,true,false,20150,20000,opb,pseudo-boolean,0,174551,true,
pb07-other,OPT-SMALLINT-LIN/submittedPB07/aksoy/area_partials/normalized-fir09_area_partials,false,35.0,true,true,560,20000,opb,pseudo-boolean,0,20189,true,
pb07-other,OPT-SMALLINT-LIN/submittedPB07/aksoy/area_partials/normalized-fir10_area_partials,false,52.0,true,false,20149,20000,opb,pseudo-boolean,0,7289,true,
pb07-other,OPT-SMALLINT-LIN/submittedPB07/aksoy/decomp/normalized-matrix_5x3_1,false,30.0,true,false,20145,20000,opb,pseudo-boolean,0,79747,true,
pb07-other,OPT-SMALLINT-LIN/submittedPB07/aksoy/decomp/normalized-matrix_5x3_10,false,31.0,true,false,20143,20000,opb,pseudo-boolean,0,154320,true,
pb07-other,OPT-SMALLINT-LIN/submittedPB07/aksoy/decomp/normalized-matrix_5x3_2,false,25.0,true,false,20132,20000,opb,pseudo-boolean,0,32299,true,
pb07-other,OPT-SMALLINT-LIN/submittedPB07/aksoy/decomp/normalized-matrix_5x3_3,false,30.0,true,false,20138,20000,opb,pseudo-boolean,0,21402,true,
pb07-other,OPT-SMALLINT-LIN/submittedPB07/aksoy/decomp/normalized-matrix_5x3_4,false,33.0,true,false,20146,20000,opb,pseudo-boolean,0,388957,true,
pb07-other,OPT-SMALLINT-LIN/submittedPB07/aksoy/decomp/normalized-matrix_5x3_5,false,28.0,true,false,20140,20000,opb,pseudo-boolean,0,19320,true,
pb07-other,OPT-SMALLINT-LIN/submittedPB07/aksoy/decomp/normalized-matrix_5x3_6,false,27.0,true,false,20136,20000,opb,pseudo-boolean,0,21279,true,
pb07-other,OPT-SMALLINT-LIN/submittedPB07/aksoy/decomp/normalized-matrix_5x3_7,false,28.0,true,false,20146,20000,opb,pseudo-boolean,0,47890,true,
pb07-other,OPT-SMALLINT-LIN/submittedPB07/aksoy/decomp/normalized-matrix_5x3_8,false,26.0,true,false,20145,20000,opb,pseudo-boolean,0,15121,true,
pb07-other,OPT-SMALLINT-LIN/submittedPB07/aksoy/decomp/normalized-matrix_5x3_9,false,,,false,20000,20000,opb,pseudo-boolean,0,53248,true,
pb07-other,OPT-SMALLINT-LIN/submittedPB07/aksoy/trarea_ac/normalized-fir01_trarea_ac,false,13949.0,true,true,198,20000,opb,pseudo-boolean,0,352,true,
pb07-other,OPT-SMALLINT-LIN/submittedPB07/aksoy/trarea_ac/normalized-fir02_trarea_ac,false,25446.0,true,false,20144,20000,opb,pseudo-boolean,0,1035,true,
pb07-other,OPT-SMALLINT-LIN/submittedPB07/manquinho/areaDelay/normalized-f20c10b_001_area_delay,false,41.0,true,false,20168,20000,opb,pseudo-boolean,0,36631,true,
pb07-other,OPT-SMALLINT-LIN/submittedPB07/manquinho/areaDelay/normalized-f20c10b_002_area_delay,false,39.0,true,false,20142,20000,opb,pseudo-boolean,0,18114,true,
pb07-other,OPT-SMALLINT-LIN/submittedPB07/manquinho/areaDelay/normalized-f20c10b_003_area_delay,false,37.0,true,false,20148,20000,opb,pseudo-boolean,0,22904,true,
pb07-other,OPT-SMALLINT-LIN/submittedPB07/manquinho/areaDelay/normalized-f20c10b_004_area_delay,false,47.0,true,false,20146,20000,opb,pseudo-boolean,0,17412,true,
pb07-other,OPT-SMALLINT-LIN/submittedPB07/manquinho/areaDelay/normalized-f20c10b_005_area_delay,false,33.0,true,false,20138,20000,opb,pseudo-boolean,0,123452,true,
pb07-other,OPT-SMALLINT-LIN/submittedPB07/manquinho/areaDelay/normalized-f20c10b_006_area_delay,false,23.0,true,false,20140,20000,opb,pseudo-boolean,0,7697,true,
pb07-other,OPT-SMALLINT-LIN/submittedPB07/manquinho/areaDelay/normalized-f20c10b_007_area_delay,false,46.0,true,false,20141,20000,opb,pseudo-boolean,0,36510,true,
pb07-other,OPT-SMALLINT-LIN/submittedPB07/manquinho/areaDelay/normalized-f20c10b_008_area_delay,false,32.0,true,false,20134,20000,opb,pseudo-boolean,0,11098,true,
pb07-other,OPT-SMALLINT-LIN/submittedPB07/manquinho/areaDelay/normalized-f20c10b_009_area_delay,false,27.0,true,false,20149,20000,opb,pseudo-boolean,0,19001,true,
pb07-other,OPT-SMALLINT-LIN/submittedPB07/manquinho/areaDelay/normalized-f20c10b_010_area_delay,false,49.0,true,false,20134,20000,opb,pseudo-boolean,0,36748,true,
pb07-other,OPT-SMALLINT-LIN/submittedPB07/manquinho/areaDelay/normalized-f20c10b_011_area_delay,false,40.0,true,false,20165,20000,opb,pseudo-boolean,0,43327,true,
pb07-other,OPT-SMALLINT-LIN/submittedPB07/manquinho/areaDelay/normalized-f20c10b_012_area_delay,false,36.0,true,false,20150,20000,opb,pseudo-boolean,0,49840,true,
pb07-other,OPT-SMALLINT-LIN/submittedPB07/manquinho/areaDelay/normalized-f20c10b_013_area_delay,false,25.0,true,false,20131,20000,opb,pseudo-boolean,0,145575,true,
pb07-other,OPT-SMALLINT-LIN/submittedPB07/manquinho/areaDelay/normalized-f20c10b_014_area_delay,false,43.0,true,false,20159,20000,opb,pseudo-boolean,0,15615,true,
pb07-other,OPT-SMALLINT-LIN/submittedPB07/manquinho/areaDelay/normalized-f20c10b_015_area_delay,false,44.0,true,false,20130,20000,opb,pseudo-boolean,0,24319,true,
pb07-other,OPT-SMALLINT-LIN/submittedPB07/manquinho/areaDelay/normalized-f20c10b_016_area_delay,false,29.0,true,false,20156,20000,opb,pseudo-boolean,0,31057,true,
pb07-other,OPT-SMALLINT-LIN/submittedPB07/manquinho/areaDelay/normalized-f20c10b_017_area_delay,false,45.0,true,false,20166,20000,opb,pseudo-boolean,0,29892,true,
pb07-other,OPT-SMALLINT-LIN/submittedPB07/manquinho/areaDelay/normalized-f20c10b_018_area_delay,false,29.0,true,false,20150,20000,opb,pseudo-boolean,0,8923,true,
pb07-other,OPT-SMALLINT-LIN/submittedPB07/manquinho/areaDelay/normalized-f20c10b_019_area_delay,false,38.0,true,false,20145,20000,opb,pseudo-boolean,0,23271,true,
pb07-other,OPT-SMALLINT-LIN/submittedPB07/manquinho/areaDelay/normalized-f20c10b_020_area_delay,false,28.0,true,false,20140,20000,opb,pseudo-boolean,0,12662,true,
pb07-other,OPT-SMALLINT-LIN/submittedPB07/manquinho/areaDelay/normalized-f20c10b_021_area_delay,false,33.0,true,false,20146,20000,opb,pseudo-boolean,0,28774,true,
pb07-other,OPT-SMALLINT-LIN/submittedPB07/manquinho/areaDelay/normalized-f20c10b_022_area_delay,false,33.0,true,false,20149,20000,opb,pseudo-boolean,0,23836,true,
pb07-other,OPT-SMALLINT-LIN/submittedPB07/manquinho/areaDelay/normalized-f20c10b_023_area_delay,false,29.0,true,false,20149,20000,opb,pseudo-boolean,0,134120,true,
pb07-other,OPT-SMALLINT-LIN/submittedPB07/manquinho/areaDelay/normalized-f20c10b_024_area_delay,false,34.0,true,false,20160,20000,opb,pseudo-boolean,0,9002,true,
pb07-other,OPT-SMALLINT-LIN/submittedPB07/manquinho/areaDelay/normalized-f20c10b_025_area_delay,false,32.0,true,false,20160,20000,opb,pseudo-boolean,0,117025,true,
pb07-other,OPT-SMALLINT-LIN/submittedPB07/manquinho/areaDelay/normalized-f20c10b_026_area_delay,false,35.0,true,false,20145,20000,opb,pseudo-boolean,0,41687,true,
pb07-other,OPT-SMALLINT-LIN/submittedPB07/manquinho/areaDelay/normalized-f20c10b_027_area_delay,false,32.0,true,false,20134,20000,opb,pseudo-boolean,0,27497,true,
pb07-other,OPT-SMALLINT-LIN/submittedPB07/manquinho/areaDelay/normalized-f20c10b_028_area_delay,false,65.0,true,false,20138,20000,opb,pseudo-boolean,0,118986,true,
pb07-other,OPT-SMALLINT-LIN/submittedPB07/manquinho/areaDelay/normalized-f20c10b_029_area_delay,false,28.0,true,false,20139,20000,opb,pseudo-boolean,0,123774,true,
pb07-other,OPT-SMALLINT-LIN/submittedPB07/manquinho/areaDelay/normalized-f20c10b_030_area_delay,false,33.0,true,false,20136,20000,opb,pseudo-boolean,0,12694,true,
pb07-other,OPT-SMALLINT-LIN/submittedPB07/poldner/PB/testset/normalized-10_20,false,8034.0,true,true,1446,20000,opb,pseudo-boolean,0,221,true,
pb07-other,OPT-SMALLINT-LIN/submittedPB07/poldner/PB/testset/normalized-11_22,false,9688.0,true,false,20133,20000,opb,pseudo-boolean,0,265,true,
pb07-other,OPT-SMALLINT-LIN/submittedPB07/poldner/PB/testset/normalized-5_10,false,3951.0,true,true,140,20000,opb,pseudo-boolean,0,61,true,
pb07-other,OPT-SMALLINT-LIN/submittedPB07/poldner/PB/testset/normalized-6_12,false,5867.0,true,true,146,20000,opb,pseudo-boolean,0,85,true,
pb07-other,OPT-SMALLINT-LIN/submittedPB07/poldner/PB/testset/normalized-7_14,false,5148.0,true,true,251,20000,opb,pseudo-boolean,0,113,true,
pb07-other,OPT-SMALLINT-LIN/submittedPB07/poldner/PB/testset/normalized-8_16,false,5956.0,true,false,20151,20000,opb,pseudo-boolean,0,145,true,
pb07-other,OPT-SMALLINT-NLC/submittedPB07/manquinho/bsg/normalized-bsg_1000_25_1,false,-29.0,true,false,20131,20000,opb,pseudo-boolean,0,3002,true,
pb07-other,OPT-SMALLINT-NLC/submittedPB07/manquinho/bsg/normalized-bsg_1000_25_2,false,-26.0,true,false,20133,20000,opb,pseudo-boolean,0,3002,true,
pb07-other,OPT-SMALLINT-NLC/submittedPB07/manquinho/bsg/normalized-bsg_1000_25_3,false,-35.0,true,false,20152,20000,opb,pseudo-boolean,0,3002,true,
pb07-other,OPT-SMALLINT-NLC/submittedPB07/manquinho/bsg/normalized-bsg_1000_25_4,false,-34.0,true,false,20163,20000,opb,pseudo-boolean,0,3002,true,
pb07-other,OPT-SMALLINT-NLC/submittedPB07/manquinho/bsg/normalized-bsg_1000_25_5,false,-33.0,true,false,20163,20000,opb,pseudo-boolean,0,3002,true,
pb07-other,OPT-SMALLINT-NLC/submittedPB07/manquinho/bsg/normalized-bsg_1000_60_1,false,-24.0,true,false,20166,20000,opb,pseudo-boolean,0,3002,true,
pb07-other,OPT-SMALLINT-NLC/submittedPB07/manquinho/bsg/normalized-bsg_1000_60_2,false,-17.0,true,false,20138,20000,opb,pseudo-boolean,0,3002,true,
pb07-other,OPT-SMALLINT-NLC/submittedPB07/manquinho/bsg/normalized-bsg_1000_60_3,false,-20.0,true,false,20169,20000,opb,pseudo-boolean,0,3002,true,
pb07-other,OPT-SMALLINT-NLC/submittedPB07/manquinho/bsg/normalized-bsg_1000_60_4,false,-17.0,true,false,20144,20000,opb,pseudo-boolean,0,3002,true,
pb07-other,OPT-SMALLINT-NLC/submittedPB07/manquinho/bsg/normalized-bsg_1000_60_5,false,-23.0,true,false,20148,20000,opb,pseudo-boolean,0,3002,true,
pb07-other,OPT-SMALLINT-NLC/submittedPB07/manquinho/bsg/normalized-bsg_100_10_1,false,-24.0,true,false,20149,20000,opb,pseudo-boolean,0,302,true,
pb07-other,OPT-SMALLINT-NLC/submittedPB07/manquinho/bsg/normalized-bsg_100_10_2,false,-22.0,true,false,20140,20000,opb,pseudo-boolean,0,302,true,
pb07-other,OPT-SMALLINT-NLC/submittedPB07/manquinho/bsg/normalized-bsg_100_10_3,false,-23.0,true,false,20142,20000,opb,pseudo-boolean,0,302,true,
pb07-other,OPT-SMALLINT-NLC/submittedPB07/manquinho/bsg/normalized-bsg_100_10_4,false,-23.0,true,false,20121,20000,opb,pseudo-boolean,0,302,true,
pb07-other,OPT-SMALLINT-NLC/submittedPB07/manquinho/bsg/normalized-bsg_100_10_5,false,-23.0,true,false,20138,20000,opb,pseudo-boolean,0,302,true,
pb07-other,OPT-SMALLINT-NLC/submittedPB07/manquinho/bsg/normalized-bsg_100_25_1,false,-13.0,true,false,20158,20000,opb,pseudo-boolean,0,302,true,
pb07-other,OPT-SMALLINT-NLC/submittedPB07/manquinho/bsg/normalized-bsg_100_25_2,false,-13.0,true,false,20166,20000,opb,pseudo-boolean,0,302,true,
pb07-other,OPT-SMALLINT-NLC/submittedPB07/manquinho/bsg/normalized-bsg_100_25_3,false,-13.0,true,false,20164,20000,opb,pseudo-boolean,0,302,true,
pb07-other,OPT-SMALLINT-NLC/submittedPB07/manquinho/bsg/normalized-bsg_100_25_4,false,-13.0,true,false,20136,20000,opb,pseudo-boolean,0,302,true,
pb07-other,OPT-SMALLINT-NLC/submittedPB07/manquinho/bsg/normalized-bsg_100_25_5,false,-13.0,true,false,20163,20000,opb,pseudo-boolean,0,302,true,
pb07-other,OPT-SMALLINT-NLC/submittedPB07/manquinho/bsg/normalized-bsg_10_4_1,false,-3.0,true,true,138,20000,opb,pseudo-boolean,0,32,true,
pb07-other,OPT-SMALLINT-NLC/submittedPB07/manquinho/bsg/normalized-bsg_10_4_2,false,-3.0,true,true,133,20000,opb,pseudo-boolean,0,32,true,
pb07-other,OPT-SMALLINT-NLC/submittedPB07/manquinho/bsg/normalized-bsg_10_4_3,false,-3.0,true,true,137,20000,opb,pseudo-boolean,0,32,true,
pb07-other,OPT-SMALLINT-NLC/submittedPB07/manquinho/bsg/normalized-bsg_10_4_4,false,-4.0,true,true,144,20000,opb,pseudo-boolean,0,32,true,
pb07-other,OPT-SMALLINT-NLC/submittedPB07/manquinho/bsg/normalized-bsg_10_4_5,false,-4.0,true,true,137,20000,opb,pseudo-boolean,0,32,true,
pb07-other,OPT-SMALLINT-NLC/submittedPB07/manquinho/bsg/normalized-bsg_200_10_1,false,-40.0,true,false,20138,20000,opb,pseudo-boolean,0,602,true,
pb07-other,OPT-SMALLINT-NLC/submittedPB07/manquinho/bsg/normalized-bsg_200_10_2,false,-41.0,true,false,20151,20000,opb,pseudo-boolean,0,602,true,
pb07-other,OPT-SMALLINT-NLC/submittedPB07/manquinho/bsg/normalized-bsg_200_10_3,false,-41.0,true,false,20151,20000,opb,pseudo-boolean,0,602,true,
pb07-other,OPT-SMALLINT-NLC/submittedPB07/manquinho/bsg/normalized-bsg_200_10_4,false,-38.0,true,false,20134,20000,opb,pseudo-boolean,0,602,true,
pb07-other,OPT-SMALLINT-NLC/submittedPB07/manquinho/bsg/normalized-bsg_200_10_5,false,-40.0,true,false,20145,20000,opb,pseudo-boolean,0,602,true,
pb07-other,OPT-SMALLINT-NLC/submittedPB07/manquinho/bsg/normalized-bsg_200_25_1,false,-24.0,true,false,20131,20000,opb,pseudo-boolean,0,602,true,
pb07-other,OPT-SMALLINT-NLC/submittedPB07/manquinho/bsg/normalized-bsg_200_25_2,false,-23.0,true,false,20143,20000,opb,pseudo-boolean,0,602,true,
pb07-other,OPT-SMALLINT-NLC/submittedPB07/manquinho/bsg/normalized-bsg_200_25_3,false,-22.0,true,false,20165,20000,opb,pseudo-boolean,0,602,true,
pb07-other,OPT-SMALLINT-NLC/submittedPB07/manquinho/bsg/normalized-bsg_200_25_4,false,-23.0,true,false,20141,20000,opb,pseudo-boolean,0,602,true,
pb07-other,OPT-SMALLINT-NLC/submittedPB07/manquinho/bsg/normalized-bsg_200_25_5,false,-23.0,true,false,20151,20000,opb,pseudo-boolean,0,602,true,
pb07-other,OPT-SMALLINT-NLC/submittedPB07/manquinho/bsg/normalized-bsg_500_10_1,false,-60.0,true,false,20147,20000,opb,pseudo-boolean,0,1502,true,
pb07-other,OPT-SMALLINT-NLC/submittedPB07/manquinho/bsg/normalized-bsg_500_10_2,false,-52.0,true,false,20148,20000,opb,pseudo-boolean,0,1502,true,
pb07-other,OPT-SMALLINT-NLC/submittedPB07/manquinho/bsg/normalized-bsg_500_10_3,false,-56.0,true,false,20132,20000,opb,pseudo-boolean,0,1502,true,
pb07-other,OPT-SMALLINT-NLC/submittedPB07/manquinho/bsg/normalized-bsg_500_10_4,false,-55.0,true,false,20136,20000,opb,pseudo-boolean,0,1502,true,
pb07-other,OPT-SMALLINT-NLC/submittedPB07/manquinho/bsg/normalized-bsg_500_10_5,false,-64.0,true,false,20140,20000,opb,pseudo-boolean,0,1502,true,
pb07-other,OPT-SMALLINT-NLC/submittedPB07/manquinho/bsg/normalized-bsg_500_25_1,false,-40.0,true,false,20158,20000,opb,pseudo-boolean,0,1502,true,
pb07-other,OPT-SMALLINT-NLC/submittedPB07/manquinho/bsg/normalized-bsg_500_25_2,false,-38.0,true,false,20149,20000,opb,pseudo-boolean,0,1502,true,
pb07-other,OPT-SMALLINT-NLC/submittedPB07/manquinho/bsg/normalized-bsg_500_25_3,false,-42.0,true,false,20147,20000,opb,pseudo-boolean,0,1502,true,
pb07-other,OPT-SMALLINT-NLC/submittedPB07/manquinho/bsg/normalized-bsg_500_25_4,false,-39.0,true,false,20139,20000,opb,pseudo-boolean,0,1502,true,
pb07-other,OPT-SMALLINT-NLC/submittedPB07/manquinho/bsg/normalized-bsg_500_25_5,false,-35.0,true,false,20152,20000,opb,pseudo-boolean,0,1502,true,
pb07-other,OPT-SMALLINT-NLC/submittedPB07/manquinho/bsg/normalized-bsg_500_60_1,false,-26.0,true,false,20155,20000,opb,pseudo-boolean,0,1502,true,
pb07-other,OPT-SMALLINT-NLC/submittedPB07/manquinho/bsg/normalized-bsg_500_60_2,false,-25.0,true,false,20142,20000,opb,pseudo-boolean,0,1502,true,
pb07-other,OPT-SMALLINT-NLC/submittedPB07/manquinho/bsg/normalized-bsg_500_60_3,false,-25.0,true,false,20140,20000,opb,pseudo-boolean,0,1502,true,
pb07-other,OPT-SMALLINT-NLC/submittedPB07/manquinho/bsg/normalized-bsg_500_60_4,false,-29.0,true,false,20146,20000,opb,pseudo-boolean,0,1502,true,
pb07-other,OPT-SMALLINT-NLC/submittedPB07/manquinho/bsg/normalized-bsg_500_60_5,false,-24.0,true,false,20167,20000,opb,pseudo-boolean,0,1502,true,
pb07-other,OPT-SMALLINT-NLC/submittedPB07/manquinho/bsg/normalized-bsg_50_10_1,false,-14.0,true,false,20145,20000,opb,pseudo-boolean,0,152,true,
pb07-other,OPT-SMALLINT-NLC/submittedPB07/manquinho/bsg/normalized-bsg_50_10_2,false,-13.0,true,false,20131,20000,opb,pseudo-boolean,0,152,true,
pb07-other,OPT-SMALLINT-NLC/submittedPB07/manquinho/bsg/normalized-bsg_50_10_3,false,-13.0,true,false,20144,20000,opb,pseudo-boolean,0,152,true,
pb07-other,OPT-SMALLINT-NLC/submittedPB07/manquinho/bsg/normalized-bsg_50_10_4,false,-13.0,true,false,20135,20000,opb,pseudo-boolean,0,152,true,
pb07-other,OPT-SMALLINT-NLC/submittedPB07/manquinho/bsg/normalized-bsg_50_10_5,false,-13.0,true,false,20138,20000,opb,pseudo-boolean,0,152,true,
pb07-other,OPT-SMALLINT-NLC/submittedPB07/manquinho/bsg/normalized-bsg_50_25_1,false,-6.0,true,true,12809,20000,opb,pseudo-boolean,0,152,true,
pb07-other,OPT-SMALLINT-NLC/submittedPB07/manquinho/bsg/normalized-bsg_50_25_2,false,-7.0,true,true,12183,20000,opb,pseudo-boolean,0,152,true,
pb07-other,OPT-SMALLINT-NLC/submittedPB07/manquinho/bsg/normalized-bsg_50_25_3,false,-7.0,true,true,11693,20000,opb,pseudo-boolean,0,152,true,
pb07-other,OPT-SMALLINT-NLC/submittedPB07/manquinho/bsg/normalized-bsg_50_25_4,false,-7.0,true,true,13245,20000,opb,pseudo-boolean,0,152,true,
pb07-other,OPT-SMALLINT-NLC/submittedPB07/manquinho/bsg/normalized-bsg_50_25_5,false,-6.0,true,true,17476,20000,opb,pseudo-boolean,0,152,true,
pb07-other,OPT-SMALLINT-NLC/submittedPB07/manquinho/mds/normalized-mds_1000_25_1,false,89.0,true,false,20156,20000,opb,pseudo-boolean,0,1001,true,
pb07-other,OPT-SMALLINT-NLC/submittedPB07/manquinho/mds/normalized-mds_1000_25_2,false,94.0,true,false,20136,20000,opb,pseudo-boolean,0,1001,true,
pb07-other,OPT-SMALLINT-NLC/submittedPB07/manquinho/mds/normalized-mds_1000_25_3,false,89.0,true,false,20142,20000,opb,pseudo-boolean,0,1001,true,
pb07-other,OPT-SMALLINT-NLC/submittedPB07/manquinho/mds/normalized-mds_1000_25_4,false,88.0,true,false,20134,20000,opb,pseudo-boolean,0,1001,true,
pb07-other,OPT-SMALLINT-NLC/submittedPB07/manquinho/mds/normalized-mds_1000_25_5,false,87.0,true,false,20147,20000,opb,pseudo-boolean,0,1001,true,
pb07-other,OPT-SMALLINT-NLC/submittedPB07/manquinho/mds/normalized-mds_1000_60_1,false,47.0,true,false,20156,20000,opb,pseudo-boolean,0,1001,true,
pb07-other,OPT-SMALLINT-NLC/submittedPB07/manquinho/mds/normalized-mds_1000_60_2,false,43.0,true,false,20172,20000,opb,pseudo-boolean,0,1001,true,
pb07-other,OPT-SMALLINT-NLC/submittedPB07/manquinho/mds/normalized-mds_1000_60_3,false,46.0,true,false,20150,20000,opb,pseudo-boolean,0,1001,true,
pb07-other,OPT-SMALLINT-NLC/submittedPB07/manquinho/mds/normalized-mds_1000_60_4,false,44.0,true,false,20134,20000,opb,pseudo-boolean,0,1001,true,
pb07-other,OPT-SMALLINT-NLC/submittedPB07/manquinho/mds/normalized-mds_1000_60_5,false,46.0,true,false,20144,20000,opb,pseudo-boolean,0,1001,true,
pb07-other,OPT-SMALLINT-NLC/submittedPB07/manquinho/mds/normalized-mds_100_10_1,false,12.0,true,false,20151,20000,opb,pseudo-boolean,0,101,true,
pb07-other,OPT-SMALLINT-NLC/submittedPB07/manquinho/mds/normalized-mds_100_10_2,false,12.0,true,false,20133,20000,opb,pseudo-boolean,0,101,true,
pb07-other,OPT-SMALLINT-NLC/submittedPB07/manquinho/mds/normalized-mds_100_10_3,false,12.0,true,false,20153,20000,opb,pseudo-boolean,0,101,true,
pb07-other,OPT-SMALLINT-NLC/submittedPB07/manquinho/mds/normalized-mds_100_10_4,false,13.0,true,false,20146,20000,opb,pseudo-boolean,0,101,true,
pb07-other,OPT-SMALLINT-NLC/submittedPB07/manquinho/mds/normalized-mds_100_10_5,false,12.0,true,false,20141,20000,opb,pseudo-boolean,0,101,true,
pb07-other,OPT-SMALLINT-NLC/submittedPB07/manquinho/mds/normalized-mds_100_25_1,false,5.0,true,true,10353,20000,opb,pseudo-boolean,0,101,true,
pb07-other,OPT-SMALLINT-NLC/submittedPB07/manquinho/mds/normalized-mds_100_25_2,false,5.0,true,true,9653,20000,opb,pseudo-boolean,0,101,true,
pb07-other,OPT-SMALLINT-NLC/submittedPB07/manquinho/mds/normalized-mds_100_25_3,false,5.0,true,true,3920,20000,opb,pseudo-boolean,0,101,true,
pb07-other,OPT-SMALLINT-NLC/submittedPB07/manquinho/mds/normalized-mds_100_25_4,false,5.0,true,true,4426,20000,opb,pseudo-boolean,0,101,true,
pb07-other,OPT-SMALLINT-NLC/submittedPB07/manquinho/mds/normalized-mds_100_25_5,false,5.0,true,true,10281,20000,opb,pseudo-boolean,0,101,true,
pb07-other,OPT-SMALLINT-NLC/submittedPB07/manquinho/mds/normalized-mds_10_4_1,false,2.0,true,true,153,20000,opb,pseudo-boolean,0,11,true,
pb07-other,OPT-SMALLINT-NLC/submittedPB07/manquinho/mds/normalized-mds_10_4_2,false,2.0,true,true,148,20000,opb,pseudo-boolean,0,11,true,
pb07-other,OPT-SMALLINT-NLC/submittedPB07/manquinho/mds/normalized-mds_10_4_3,false,2.0,true,true,154,20000,opb,pseudo-boolean,0,11,true,
pb07-other,OPT-SMALLINT-NLC/submittedPB07/manquinho/mds/normalized-mds_10_4_4,false,2.0,true,true,150,20000,opb,pseudo-boolean,0,11,true,
pb07-other,OPT-SMALLINT-NLC/submittedPB07/manquinho/mds/normalized-mds_10_4_5,false,2.0,true,true,153,20000,opb,pseudo-boolean,0,11,true,
pb07-other,OPT-SMALLINT-NLC/submittedPB07/manquinho/mds/normalized-mds_200_10_1,false,30.0,true,false,20147,20000,opb,pseudo-boolean,0,201,true,
pb07-other,OPT-SMALLINT-NLC/submittedPB07/manquinho/mds/normalized-mds_200_10_2,false,27.0,true,false,20143,20000,opb,pseudo-boolean,0,201,true,
pb07-other,OPT-SMALLINT-NLC/submittedPB07/manquinho/mds/normalized-mds_200_10_3,false,29.0,true,false,20138,20000,opb,pseudo-boolean,0,201,true,
pb07-other,OPT-SMALLINT-NLC/submittedPB07/manquinho/mds/normalized-mds_200_10_4,false,32.0,true,false,20129,20000,opb,pseudo-boolean,0,201,true,
pb07-other,OPT-SMALLINT-NLC/submittedPB07/manquinho/mds/normalized-mds_200_10_5,false,30.0,true,false,20138,20000,opb,pseudo-boolean,0,201,true,
pb07-other,OPT-SMALLINT-NLC/submittedPB07/manquinho/mds/normalized-mds_200_25_1,false,15.0,true,false,20159,20000,opb,pseudo-boolean,0,201,true,
pb07-other,OPT-SMALLINT-NLC/submittedPB07/manquinho/mds/normalized-mds_200_25_2,false,14.0,true,false,20137,20000,opb,pseudo-boolean,0,201,true,
pb07-other,OPT-SMALLINT-NLC/submittedPB07/manquinho/mds/normalized-mds_200_25_3,false,14.0,true,false,20149,20000,opb,pseudo-boolean,0,201,true,
pb07-other,OPT-SMALLINT-NLC/submittedPB07/manquinho/mds/normalized-mds_200_25_4,false,15.0,true,false,20142,20000,opb,pseudo-boolean,0,201,true,
pb07-other,OPT-SMALLINT-NLC/submittedPB07/manquinho/mds/normalized-mds_200_25_5,false,14.0,true,false,20146,20000,opb,pseudo-boolean,0,201,true,
pb07-other,OPT-SMALLINT-NLC/submittedPB07/manquinho/mds/normalized-mds_500_10_1,false,80.0,true,false,20139,20000,opb,pseudo-boolean,0,501,true,
pb07-other,OPT-SMALLINT-NLC/submittedPB07/manquinho/mds/normalized-mds_500_10_2,false,82.0,true,false,20141,20000,opb,pseudo-boolean,0,501,true,
pb07-other,OPT-SMALLINT-NLC/submittedPB07/manquinho/mds/normalized-mds_500_10_3,false,78.0,true,false,20144,20000,opb,pseudo-boolean,0,501,true,
pb07-other,OPT-SMALLINT-NLC/submittedPB07/manquinho/mds/normalized-mds_500_10_4,false,80.0,true,false,20138,20000,opb,pseudo-boolean,0,501,true,
pb07-other,OPT-SMALLINT-NLC/submittedPB07/manquinho/mds/normalized-mds_500_10_5,false,78.0,true,false,20145,20000,opb,pseudo-boolean,0,501,true,
pb07-other,OPT-SMALLINT-NLC/submittedPB07/manquinho/mds/normalized-mds_500_25_1,false,40.0,true,false,20137,20000,opb,pseudo-boolean,0,501,true,
pb07-other,OPT-SMALLINT-NLC/submittedPB07/manquinho/mds/normalized-mds_500_25_2,false,40.0,true,false,20143,20000,opb,pseudo-boolean,0,501,true,
pb07-other,OPT-SMALLINT-NLC/submittedPB07/manquinho/mds/normalized-mds_500_25_3,false,41.0,true,false,20140,20000,opb,pseudo-boolean,0,501,true,
pb07-other,OPT-SMALLINT-NLC/submittedPB07/manquinho/mds/normalized-mds_500_25_4,false,41.0,true,false,20140,20000,opb,pseudo-boolean,0,501,true,
pb07-other,OPT-SMALLINT-NLC/submittedPB07/manquinho/mds/normalized-mds_500_25_5,false,42.0,true,false,20138,20000,opb,pseudo-boolean,0,501,true,
pb07-other,OPT-SMALLINT-NLC/submittedPB07/manquinho/mds/normalized-mds_500_60_1,false,21.0,true,false,20143,20000,opb,pseudo-boolean,0,501,true,
pb07-other,OPT-SMALLINT-NLC/submittedPB07/manquinho/mds/normalized-mds_500_60_2,false,22.0,true,false,20151,20000,opb,pseudo-boolean,0,501,true,
pb07-other,OPT-SMALLINT-NLC/submittedPB07/manquinho/mds/normalized-mds_500_60_3,false,20.0,true,false,20145,20000,opb,pseudo-boolean,0,501,true,
pb07-other,OPT-SMALLINT-NLC/submittedPB07/manquinho/mds/normalized-mds_500_60_4,false,20.0,true,false,20151,20000,opb,pseudo-boolean,0,501,true,
pb07-other,OPT-SMALLINT-NLC/submittedPB07/manquinho/mds/normalized-mds_500_60_5,false,20.0,true,false,20149,20000,opb,pseudo-boolean,0,501,true,
pb07-other,OPT-SMALLINT-NLC/submittedPB07/manquinho/mds/normalized-mds_50_10_1,false,5.0,true,true,243,20000,opb,pseudo-boolean,0,51,true,
pb07-other,OPT-SMALLINT-NLC/submittedPB07/manquinho/mds/normalized-mds_50_10_2,false,5.0,true,true,224,20000,opb,pseudo-boolean,0,51,true,
pb07-other,OPT-SMALLINT-NLC/submittedPB07/manquinho/mds/normalized-mds_50_10_3,false,6.0,true,true,590,20000,opb,pseudo-boolean,0,51,true,
pb07-other,OPT-SMALLINT-NLC/submittedPB07/manquinho/mds/normalized-mds_50_10_4,false,6.0,true,true,575,20000,opb,pseudo-boolean,0,51,true,
pb07-other,OPT-SMALLINT-NLC/submittedPB07/manquinho/mds/normalized-mds_50_10_5,false,6.0,true,true,556,20000,opb,pseudo-boolean,0,51,true,
pb07-other,OPT-SMALLINT-NLC/submittedPB07/manquinho/mds/normalized-mds_50_25_1,false,3.0,true,true,145,20000,opb,pseudo-boolean,0,51,true,
pb07-other,OPT-SMALLINT-NLC/submittedPB07/manquinho/mds/normalized-mds_50_25_2,false,2.0,true,true,127,20000,opb,pseudo-boolean,0,51,true,
pb07-other,OPT-SMALLINT-NLC/submittedPB07/manquinho/mds/normalized-mds_50_25_3,false,2.0,true,true,136,20000,opb,pseudo-boolean,0,51,true,
pb07-other,OPT-SMALLINT-NLC/submittedPB07/manquinho/mds/normalized-mds_50_25_4,false,2.0,true,true,137,20000,opb,pseudo-boolean,0,51,true,
pb07-other,OPT-SMALLINT-NLC/submittedPB07/manquinho/mds/normalized-mds_50_25_5,false,3.0,true,true,150,20000,opb,pseudo-boolean,0,51,true,
pb07-other,OPT-SMALLINT-NLC/submittedPB07/manquinho/mis/normalized-mis_1000_25_1,false,-83.0,true,false,20149,20000,opb,pseudo-boolean,0,1001,true,
pb07-other,OPT-SMALLINT-NLC/submittedPB07/manquinho/mis/normalized-mis_1000_25_2,false,-85.0,true,false,20152,20000,opb,pseudo-boolean,0,1001,true,
pb07-other,OPT-SMALLINT-NLC/submittedPB07/manquinho/mis/normalized-mis_1000_25_3,false,-75.0,true,false,20145,20000,opb,pseudo-boolean,0,1001,true,
pb07-other,OPT-SMALLINT-NLC/submittedPB07/manquinho/mis/normalized-mis_1000_25_4,false,-83.0,true,false,20129,20000,opb,pseudo-boolean,0,1001,true,
pb07-other,OPT-SMALLINT-NLC/submittedPB07/manquinho/mis/normalized-mis_1000_25_5,false,-89.0,true,false,20133,20000,opb,pseudo-boolean,0,1001,true,
pb07-other,OPT-SMALLINT-NLC/submittedPB07/manquinho/mis/normalized-mis_1000_60_1,false,-40.0,true,false,20149,20000,opb,pseudo-boolean,0,1001,true,
pb07-other,OPT-SMALLINT-NLC/submittedPB07/manquinho/mis/normalized-mis_1000_60_2,false,-42.0,true,false,20147,20000,opb,pseudo-boolean,0,1001,true,
pb07-other,OPT-SMALLINT-NLC/submittedPB07/manquinho/mis/normalized-mis_1000_60_3,false,-43.0,true,false,20144,20000,opb,pseudo-boolean,0,1001,true,
pb07-other,OPT-SMALLINT-NLC/submittedPB07/manquinho/mis/normalized-mis_1000_60_4,false,-42.0,true,false,20150,20000,opb,pseudo-boolean,0,1001,true,
pb07-other,OPT-SMALLINT-NLC/submittedPB07/manquinho/mis/normalized-mis_1000_60_5,false,-42.0,true,false,20172,20000,opb,pseudo-boolean,0,1001,true,
pb07-other,OPT-SMALLINT-NLC/submittedPB07/manquinho/mis/normalized-mis_100_10_1,false,-26.0,true,false,20143,20000,opb,pseudo-boolean,0,101,true,
pb07-other,OPT-SMALLINT-NLC/submittedPB07/manquinho/mis/normalized-mis_100_10_2,false,-25.0,true,false,20163,20000,opb,pseudo-boolean,0,101,true,
pb07-other,OPT-SMALLINT-NLC/submittedPB07/manquinho/mis/normalized-mis_100_10_3,false,-25.0,true,false,20142,20000,opb,pseudo-boolean,0,101,true,
pb07-other,OPT-SMALLINT-NLC/submittedPB07/manquinho/mis/normalized-mis_100_10_4,false,-25.0,true,false,20141,20000,opb,pseudo-boolean,0,101,true,
pb07-other,OPT-SMALLINT-NLC/submittedPB07/manquinho/mis/normalized-mis_100_10_5,false,-25.0,true,false,20138,20000,opb,pseudo-boolean,0,101,true,
pb07-other,OPT-SMALLINT-NLC/submittedPB07/manquinho/mis/normalized-mis_100_25_1,false,-15.0,true,true,594,20000,opb,pseudo-boolean,0,101,true,
pb07-other,OPT-SMALLINT-NLC/submittedPB07/manquinho/mis/normalized-mis_100_25_2,false,-15.0,true,true,595,20000,opb,pseudo-boolean,0,101,true,
pb07-other,OPT-SMALLINT-NLC/submittedPB07/manquinho/mis/normalized-mis_100_25_3,false,-14.0,true,true,725,20000,opb,pseudo-boolean,0,101,true,
pb07-other,OPT-SMALLINT-NLC/submittedPB07/manquinho/mis/normalized-mis_100_25_4,false,-15.0,true,true,621,20000,opb,pseudo-boolean,0,101,true,
pb07-other,OPT-SMALLINT-NLC/submittedPB07/manquinho/mis/normalized-mis_100_25_5,false,-13.0,true,true,880,20000,opb,pseudo-boolean,0,101,true,
pb07-other,OPT-SMALLINT-NLC/submittedPB07/manquinho/mis/normalized-mis_10_4_1,false,-3.0,true,true,141,20000,opb,pseudo-boolean,0,11,true,
pb07-other,OPT-SMALLINT-NLC/submittedPB07/manquinho/mis/normalized-mis_10_4_2,false,-3.0,true,true,153,20000,opb,pseudo-boolean,0,11,true,
pb07-other,OPT-SMALLINT-NLC/submittedPB07/manquinho/mis/normalized-mis_10_4_3,false,-3.0,true,true,131,20000,opb,pseudo-boolean,0,11,true,
pb07-other,OPT-SMALLINT-NLC/submittedPB07/manquinho/mis/normalized-mis_10_4_4,false,-3.0,true,true,159,20000,opb,pseudo-boolean,0,11,true,
pb07-other,OPT-SMALLINT-NLC/submittedPB07/manquinho/mis/normalized-mis_10_4_5,false,-4.0,true,true,133,20000,opb,pseudo-boolean,0,11,true,
pb07-other,OPT-SMALLINT-NLC/submittedPB07/manquinho/mis/normalized-mis_200_10_1,false,-44.0,true,false,20148,20000,opb,pseudo-boolean,0,201,true,
pb07-other,OPT-SMALLINT-NLC/submittedPB07/manquinho/mis/normalized-mis_200_10_2,false,-42.0,true,false,20134,20000,opb,pseudo-boolean,0,201,true,
pb07-other,OPT-SMALLINT-NLC/submittedPB07/manquinho/mis/normalized-mis_200_10_3,false,-42.0,true,false,20148,20000,opb,pseudo-boolean,0,201,true,
pb07-other,OPT-SMALLINT-NLC/submittedPB07/manquinho/mis/normalized-mis_200_10_4,false,-44.0,true,false,20140,20000,opb,pseudo-boolean,0,201,true,
pb07-other,OPT-SMALLINT-NLC/submittedPB07/manquinho/mis/normalized-mis_200_10_5,false,-42.0,true,false,20141,20000,opb,pseudo-boolean,0,201,true,
pb07-other,OPT-SMALLINT-NLC/submittedPB07/manquinho/mis/normalized-mis_200_25_1,false,-26.0,true,false,20147,20000,opb,pseudo-boolean,0,201,true,
pb07-other,OPT-SMALLINT-NLC/submittedPB07/manquinho/mis/normalized-mis_200_25_2,false,-27.0,true,false,20148,20000,opb,pseudo-boolean,0,201,true,
pb07-other,OPT-SMALLINT-NLC/submittedPB07/manquinho/mis/normalized-mis_200_25_3,false,-27.0,true,false,20129,20000,opb,pseudo-boolean,0,201,true,
pb07-other,OPT-SMALLINT-NLC/submittedPB07/manquinho/mis/normalized-mis_200_25_4,false,-27.0,true,false,20131,20000,opb,pseudo-boolean,0,201,true,
pb07-other,OPT-SMALLINT-NLC/submittedPB07/manquinho/mis/normalized-mis_200_25_5,false,-26.0,true,false,20153,20000,opb,pseudo-boolean,0,201,true,
pb07-other,OPT-SMALLINT-NLC/submittedPB07/manquinho/mis/normalized-mis_500_10_1,false,-90.0,true,false,20141,20000,opb,pseudo-boolean,0,501,true,
pb07-other,OPT-SMALLINT-NLC/submittedPB07/manquinho/mis/normalized-mis_500_10_2,false,-88.0,true,false,20140,20000,opb,pseudo-boolean,0,501,true,
pb07-other,OPT-SMALLINT-NLC/submittedPB07/manquinho/mis/normalized-mis_500_10_3,false,-90.0,true,false,20133,20000,opb,pseudo-boolean,0,501,true,
pb07-other,OPT-SMALLINT-NLC/submittedPB07/manquinho/mis/normalized-mis_500_10_4,false,-85.0,true,false,20133,20000,opb,pseudo-boolean,0,501,true,
pb07-other,OPT-SMALLINT-NLC/submittedPB07/manquinho/mis/normalized-mis_500_10_5,false,-86.0,true,false,20143,20000,opb,pseudo-boolean,0,501,true,
pb07-other,OPT-SMALLINT-NLC/submittedPB07/manquinho/mis/normalized-mis_500_25_1,false,-47.0,true,false,20149,20000,opb,pseudo-boolean,0,501,true,
pb07-other,OPT-SMALLINT-NLC/submittedPB07/manquinho/mis/normalized-mis_500_25_2,false,-46.0,true,false,20139,20000,opb,pseudo-boolean,0,501,true,
pb07-other,OPT-SMALLINT-NLC/submittedPB07/manquinho/mis/normalized-mis_500_25_3,false,-49.0,true,false,20142,20000,opb,pseudo-boolean,0,501,true,
pb07-other,OPT-SMALLINT-NLC/submittedPB07/manquinho/mis/normalized-mis_500_25_4,false,-50.0,true,false,20158,20000,opb,pseudo-boolean,0,501,true,
pb07-other,OPT-SMALLINT-NLC/submittedPB07/manquinho/mis/normalized-mis_500_25_5,false,-47.0,true,false,20139,20000,opb,pseudo-boolean,0,501,true,
pb07-other,OPT-SMALLINT-NLC/submittedPB07/manquinho/mis/normalized-mis_500_60_1,false,-27.0,true,false,20153,20000,opb,pseudo-boolean,0,501,true,
pb07-other,OPT-SMALLINT-NLC/submittedPB07/manquinho/mis/normalized-mis_500_60_2,false,-26.0,true,false,20151,20000,opb,pseudo-boolean,0,501,true,
pb07-other,OPT-SMALLINT-NLC/submittedPB07/manquinho/mis/normalized-mis_500_60_3,false,-30.0,true,false,20155,20000,opb,pseudo-boolean,0,501,true,
pb07-other,OPT-SMALLINT-NLC/submittedPB07/manquinho/mis/normalized-mis_500_60_4,false,-26.0,true,false,20142,20000,opb,pseudo-boolean,0,501,true,
pb07-other,OPT-SMALLINT-NLC/submittedPB07/manquinho/mis/normalized-mis_500_60_5,false,-25.0,true,false,20150,20000,opb,pseudo-boolean,0,501,true,
pb07-other,OPT-SMALLINT-NLC/submittedPB07/manquinho/mis/normalized-mis_50_10_1,false,-12.0,true,true,141,20000,opb,pseudo-boolean,0,51,true,
pb07-other,OPT-SMALLINT-NLC/submittedPB07/manquinho/mis/normalized-mis_50_10_2,false,-12.0,true,true,152,20000,opb,pseudo-boolean,0,51,true,
pb07-other,OPT-SMALLINT-NLC/submittedPB07/manquinho/mis/normalized-mis_50_10_3,false,-13.0,true,true,154,20000,opb,pseudo-boolean,0,51,true,
pb07-other,OPT-SMALLINT-NLC/submittedPB07/manquinho/mis/normalized-mis_50_10_4,false,-12.0,true,true,147,20000,opb,pseudo-boolean,0,51,true,
pb07-other,OPT-SMALLINT-NLC/submittedPB07/manquinho/mis/normalized-mis_50_10_5,false,-13.0,true,true,142,20000,opb,pseudo-boolean,0,51,true,
pb07-other,OPT-SMALLINT-NLC/submittedPB07/manquinho/mis/normalized-mis_50_25_1,false,-6.0,true,true,159,20000,opb,pseudo-boolean,0,51,true,
pb07-other,OPT-SMALLINT-NLC/submittedPB07/manquinho/mis/normalized-mis_50_25_2,false,-6.0,true,true,147,20000,opb,pseudo-boolean,0,51,true,
pb07-other,OPT-SMALLINT-NLC/submittedPB07/manquinho/mis/normalized-mis_50_25_3,false,-6.0,true,true,132,20000,opb,pseudo-boolean,0,51,true,
pb07-other,OPT-SMALLINT-NLC/submittedPB07/manquinho/mis/normalized-mis_50_25_4,false,-6.0,true,true,144,20000,opb,pseudo-boolean,0,51,true,
pb07-other,OPT-SMALLINT-NLC/submittedPB07/manquinho/mis/normalized-mis_50_25_5,false,-6.0,true,true,143,20000,opb,pseudo-boolean,0,51,true,
pb07-other,OPT-SMALLINT-NLC/submittedPB07/roussel/factor-mod-B/factor-mod-size=5-P0=11-P1=2-P2=23-B,false,2.0,true,true,130,20000,opb,pseudo-boolean,0,6,true,
pb07-other,OPT-SMALLINT-NLC/submittedPB07/roussel/factor-mod-B/factor-mod-size=5-P0=11-P1=31-P2=17-B,false,3.0,true,true,136,20000,opb,pseudo-boolean,0,6,true,
pb07-other,OPT-SMALLINT-NLC/submittedPB07/roussel/factor-mod-B/factor-mod-size=5-P0=13-P1=13-B,false,3.0,true,true,137,20000,opb,pseudo-boolean,0,4,true,
pb07-other,OPT-SMALLINT-NLC/submittedPB07/roussel/factor-mod-B/factor-mod-size=5-P0=17-P1=13-P2=11-P3=19-P4=11-P5=23-B,false,3.0,true,true,159,20000,opb,pseudo-boolean,0,12,true,
pb07-other,OPT-SMALLINT-NLC/submittedPB07/roussel/factor-mod-B/factor-mod-size=5-P0=17-P1=13-P2=29-P3=11-B,false,3.0,true,true,149,20000,opb,pseudo-boolean,0,8,true,
pb07-other,OPT-SMALLINT-NLC/submittedPB07/roussel/factor-mod-B/factor-mod-size=5-P0=17-P1=13-P2=29-P3=37-P4=23-B,false,3.0,true,true,154,20000,opb,pseudo-boolean,0,10,true,
pb07-other,OPT-SMALLINT-NLC/submittedPB07/roussel/factor-mod-B/factor-mod-size=5-P0=17-P1=17-P2=13-P3=17-P4=29-B,false,3.0,true,true,137,20000,opb,pseudo-boolean,0,10,true,
pb07-other,OPT-SMALLINT-NLC/submittedPB07/roussel/factor-mod-B/factor-mod-size=5-P0=17-P1=5-B,false,3.0,true,true,142,20000,opb,pseudo-boolean,0,4,true,
pb07-other,OPT-SMALLINT-NLC/submittedPB07/roussel/factor-mod-B/factor-mod-size=5-P0=17-P1=7-P2=11-P3=17-P4=11-B,false,3.0,true,true,154,20000,opb,pseudo-boolean,0,10,true,
pb07-other,OPT-SMALLINT-NLC/submittedPB07/roussel/factor-mod-B/factor-mod-size=5-P0=19-P1=23-P2=23-P3=23-B,false,3.0,true,true,174,20000,opb,pseudo-boolean,0,8,true,
pb07-other,OPT-SMALLINT-NLC/submittedPB07/roussel/factor-mod-B/factor-mod-size=5-P0=19-P1=5-P2=7-P3=19-P4=29-P5=29-B,false,3.0,true,true,146,20000,opb,pseudo-boolean,0,12,true,
pb07-other,OPT-SMALLINT-NLC/submittedPB07/roussel/factor-mod-B/factor-mod-size=5-P0=2-P1=13-P2=23-P3=29-P4=29-P5=11-B,false,2.0,true,true,154,20000,opb,pseudo-boolean,0,12,true,
pb07-other,OPT-SMALLINT-NLC/submittedPB07/roussel/factor-mod-B/factor-mod-size=5-P0=2-P1=23-P2=17-B,false,2.0,true,true,129,20000,opb,pseudo-boolean,0,6,true,
pb07-other,OPT-SMALLINT-NLC/submittedPB07/roussel/factor-mod-B/factor-mod-size=5-P0=2-P1=23-P2=29-P3=19-B,false,2.0,true,true,172,20000,opb,pseudo-boolean,0,8,true,
pb07-other,OPT-SMALLINT-NLC/submittedPB07/roussel/factor-mod-B/factor-mod-size=5-P0=23-P1=11-B,false,3.0,true,true,137,20000,opb,pseudo-boolean,0,4,true,
pb07-other,OPT-SMALLINT-NLC/submittedPB07/roussel/factor-mod-B/factor-mod-size=5-P0=23-P1=11-P2=19-B,false,3.0,true,true,143,20000,opb,pseudo-boolean,0,6,true,
pb07-other,OPT-SMALLINT-NLC/submittedPB07/roussel/factor-mod-B/factor-mod-size=5-P0=23-P1=29-P2=23-P3=19-P4=2-P5=23-B,false,2.0,true,true,154,20000,opb,pseudo-boolean,0,12,true,
pb07-other,OPT-SMALLINT-NLC/submittedPB07/roussel/factor-mod-B/factor-mod-size=5-P0=23-P1=29-P2=31-P3=29-B,false,3.0,true,true,140,20000,opb,pseudo-boolean,0,8,true,
pb07-other,OPT-SMALLINT-NLC/submittedPB07/roussel/factor-mod-B/factor-mod-size=5-P0=29-P1=11-P2=11-P3=17-P4=29-P5=23-B,false,3.0,true,true,155,20000,opb,pseudo-boolean,0,12,true,
pb07-other,OPT-SMALLINT-NLC/submittedPB07/roussel/factor-mod-B/factor-mod-size=5-P0=29-P1=13-P2=19-B,false,3.0,true,true,147,20000,opb,pseudo-boolean,0,6,true,
pb07-other,OPT-SMALLINT-NLC/submittedPB07/roussel/factor-mod-B/factor-mod-size=5-P0=29-P1=17-P2=2-P3=19-P4=13-B,false,2.0,true,true,155,20000,opb,pseudo-boolean,0,10,true,
pb07-other,OPT-SMALLINT-NLC/submittedPB07/roussel/factor-mod-B/factor-mod-size=5-P0=29-P1=23-B,false,3.0,true,true,148,20000,opb,pseudo-boolean,0,4,true,
pb07-other,OPT-SMALLINT-NLC/submittedPB07/roussel/factor-mod-B/factor-mod-size=5-P0=3-P1=37-B,false,3.0,true,true,142,20000,opb,pseudo-boolean,0,4,true,
pb07-other,OPT-SMALLINT-NLC/submittedPB07/roussel/factor-mod-B/factor-mod-size=5-P0=3-P1=7-P2=31-P3=29-B,false,3.0,true,true,144,20000,opb,pseudo-boolean,0,8,true,
pb07-other,OPT-SMALLINT-NLC/submittedPB07/roussel/factor-mod-B/factor-mod-size=5-P0=31-P1=23-P2=2-P3=17-P4=17-B,false,2.0,true,true,157,20000,opb,pseudo-boolean,0,10,true,
pb07-other,OPT-SMALLINT-NLC/submittedPB07/roussel/factor-mod-B/factor-mod-size=6-P0=11-P1=37-P2=37-P3=29-B,false,3.0,true,true,185,20000,opb,pseudo-boolean,0,8,true,
pb07-other,OPT-SMALLINT-NLC/submittedPB07/roussel/factor-mod-B/factor-mod-size=6-P0=13-P1=23-P2=59-P3=41-P4=53-B,false,3.0,true,true,205,20000,opb,pseudo-boolean,0,10,true,
pb07-other,OPT-SMALLINT-NLC/submittedPB07/roussel/factor-mod-B/factor-mod-size=6-P0=19-P1=53-P2=37-B,false,3.0,true,true,141,20000,opb,pseudo-boolean,0,6,true,
pb07-other,OPT-SMALLINT-NLC/submittedPB07/roussel/factor-mod-B/factor-mod-size=6-P0=2-P1=31-P2=13-P3=31-P4=31-B,false,2.0,true,true,160,20000,opb,pseudo-boolean,0,10,true,
pb07-other,OPT-SMALLINT-NLC/submittedPB07/roussel/factor-mod-B/factor-mod-size=6-P0=31-P1=31-P2=37-P3=37-B,false,3.0,true,true,196,20000,opb,pseudo-boolean,0,8,true,
pb07-other,OPT-SMALLINT-NLC/submittedPB07/roussel/factor-mod-B/factor-mod-size=6-P0=31-P1=53-P2=29-P3=29-P4=31-P5=19-B,false,3.0,true,true,257,20000,opb,pseudo-boolean,0,12,true,
pb07-other,OPT-SMALLINT-NLC/submittedPB07/roussel/factor-mod-B/factor-mod-size=6-P0=37-P1=23-P2=5-B,false,3.0,true,true,168,20000,opb,pseudo-boolean,0,6,true,
pb07-other,OPT-SMALLINT-NLC/submittedPB07/roussel/factor-mod-B/factor-mod-size=6-P0=37-P1=59-P2=17-P3=29-P4=2-P5=29-B,false,2.0,true,true,214,20000,opb,pseudo-boolean,0,12,true,
pb07-other,OPT-SMALLINT-NLC/submittedPB07/roussel/factor-mod-B/factor-mod-size=6-P0=41-P1=19-B,false,3.0,true,true,141,20000,opb,pseudo-boolean,0,4,true,
pb07-other,OPT-SMALLINT-NLC/submittedPB07/roussel/factor-mod-B/factor-mod-size=6-P0=41-P1=53-P2=59-B,false,3.0,true,true,151,20000,opb,pseudo-boolean,0,6,true,
pb07-other,OPT-SMALLINT-NLC/submittedPB07/roussel/factor-mod-B/factor-mod-size=6-P0=47-P1=17-P2=17-P3=31-B,false,3.0,true,true,182,20000,opb,pseudo-boolean,0,8,true,
pb07-other,OPT-SMALLINT-NLC/submittedPB07/roussel/factor-mod-B/factor-mod-size=6-P0=47-P1=17-P2=37-P3=53-P4=13-P5=13-B,false,3.0,true,true,227,20000,opb,pseudo-boolean,0,12,true,
pb07-other,OPT-SMALLINT-NLC/submittedPB07/roussel/factor-mod-B/factor-mod-size=6-P0=47-P1=29-P2=11-P3=29-P4=53-B,false,3.0,true,true,199,20000,opb,pseudo-boolean,0,10,true,
pb07-other,OPT-SMALLINT-NLC/submittedPB07/roussel/factor-mod-B/factor-mod-size=6-P0=47-P1=37-B,false,3.0,true,true,141,20000,opb,pseudo-boolean,0,4,true,
pb07-other,OPT-SMALLINT-NLC/submittedPB07/roussel/factor-mod-B/factor-mod-size=6-P0=47-P1=67-P2=7-P3=59-P4=59-B,false,3.0,true,true,170,20000,opb,pseudo-boolean,0,10,true,
pb07-other,OPT-SMALLINT-NLC/submittedPB07/roussel/factor-mod-B/factor-mod-size=6-P0=5-P1=7-P2=11-B,false,3.0,true,true,147,20000,opb,pseudo-boolean,0,6,true,
pb07-other,OPT-SMALLINT-NLC/submittedPB07/roussel/factor-mod-B/factor-mod-size=6-P0=53-P1=13-P2=23-P3=47-P4=2-B,false,2.0,true,true,175,20000,opb,pseudo-boolean,0,10,true,
pb07-other,OPT-SMALLINT-NLC/submittedPB07/roussel/factor-mod-B/factor-mod-size=6-P0=53-P1=17-P2=17-P3=13-P4=17-P5=61-B,false,3.0,true,true,293,20000,opb,pseudo-boolean,0,12,true,
pb07-other,OPT-SMALLINT-NLC/submittedPB07/roussel/factor-mod-B/factor-mod-size=6-P0=53-P1=41-P2=53-B,false,3.0,true,true,184,20000,opb,pseudo-boolean,0,6,true,
pb07-other,OPT-SMALLINT-NLC/submittedPB07/roussel/factor-mod-B/factor-mod-size=6-P0=53-P1=43-P2=37-P3=59-P4=29-P5=29-B,false,3.0,true,true,332,20000,opb,pseudo-boolean,0,12,true,
pb07-other,OPT-SMALLINT-NLC/submittedPB07/roussel/factor-mod-B/factor-mod-size=6-P0=59-P1=23-P2=29-P3=41-B,false,3.0,true,true,199,20000,opb,pseudo-boolean,0,8,true,
pb07-other,OPT-SMALLINT-NLC/submittedPB07/roussel/factor-mod-B/factor-mod-size=6-P0=59-P1=29-B,false,3.0,true,true,146,20000,opb,pseudo-boolean,0,4,true,
pb07-other,OPT-SMALLINT-NLC/submittedPB07/roussel/factor-mod-B/factor-mod-size=6-P0=59-P1=37-B,false,3.0,true,true,150,20000,opb,pseudo-boolean,0,4,true,
pb07-other,OPT-SMALLINT-NLC/submittedPB07/roussel/factor-mod-B/factor-mod-size=6-P0=59-P1=53-P2=11-P3=59-B,false,3.0,true,true,192,20000,opb,pseudo-boolean,0,8,true,
pb07-other,OPT-SMALLINT-NLC/submittedPB07/roussel/factor-mod-B/factor-mod-size=6-P0=61-P1=67-B,false,3.0,true,true,138,20000,opb,pseudo-boolean,0,4,true,
pb07-other,OPT-SMALLINT-NLC/submittedPB07/roussel/factor-mod-B/factor-mod-size=7-P0=107-P1=7-P2=73-P3=61-B,false,3.0,true,true,221,20000,opb,pseudo-boolean,0,8,true,
pb07-other,OPT-SMALLINT-NLC/submittedPB07/roussel/factor-mod-B/factor-mod-size=7-P0=107-P1=73-P2=127-B,false,3.0,true,true,220,20000,opb,pseudo-boolean,0,6,true,
pb07-other,OPT-SMALLINT-NLC/submittedPB07/roussel/factor-mod-B/factor-mod-size=7-P0=107-P1=79-P2=47-P3=23-P4=59-P5=43-B,false,3.0,true,true,505,20000,opb,pseudo-boolean,0,12,true,
pb07-other,OPT-SMALLINT-NLC/submittedPB07/roussel/factor-mod-B/factor-mod-size=7-P0=11-P1=71-P2=127-P3=19-P4=89-P5=17-B,false,3.0,true,true,562,20000,opb,pseudo-boolean,0,12,true,
pb07-other,OPT-SMALLINT-NLC/submittedPB07/roussel/factor-mod-B/factor-mod-size=7-P0=127-P1=13-P2=109-B,false,3.0,true,true,223,20000,opb,pseudo-boolean,0,6,true,
pb07-other,OPT-SMALLINT-NLC/submittedPB07/roussel/factor-mod-B/factor-mod-size=7-P0=131-P1=89-P2=127-P3=37-B,false,3.0,true,true,234,20000,opb,pseudo-boolean,0,8,true,
pb07-other,OPT-SMALLINT-NLC/submittedPB07/roussel/factor-mod-B/factor-mod-size=7-P0=17-P1=53-P2=109-B,false,3.0,true,true,181,20000,opb,pseudo-boolean,0,6,true,
pb07-other,OPT-SMALLINT-NLC/submittedPB07/roussel/factor-mod-B/factor-mod-size=7-P0=17-P1=89-P2=113-P3=89-P4=67-B,false,3.0,true,true,564,20000,opb,pseudo-boolean,0,10,true,
pb07-other,OPT-SMALLINT-NLC/submittedPB07/roussel/factor-mod-B/factor-mod-size=7-P0=23-P1=29-P2=43-B,false,3.0,true,true,222,20000,opb,pseudo-boolean,0,6,true,
pb07-other,OPT-SMALLINT-NLC/submittedPB07/roussel/factor-mod-B/factor-mod-size=7-P0=37-P1=43-B,false,3.0,true,true,154,20000,opb,pseudo-boolean,0,4,true,
pb07-other,OPT-SMALLINT-NLC/submittedPB07/roussel/factor-mod-B/factor-mod-size=7-P0=47-P1=43-P2=113-P3=61-B,false,3.0,true,true,221,20000,opb,pseudo-boolean,0,8,true,
pb07-other,OPT-SMALLINT-NLC/submittedPB07/roussel/factor-mod-B/factor-mod-size=7-P0=5-P1=11-P2=79-P3=109-B,false,3.0,true,true,266,20000,opb,pseudo-boolean,0,8,true,
pb07-other,OPT-SMALLINT-NLC/submittedPB07/roussel/factor-mod-B/factor-mod-size=7-P0=53-P1=37-P2=29-P3=83-P4=23-P5=67-B,false,3.0,true,true,543,20000,opb,pseudo-boolean,0,12,true,
pb07-other,OPT-SMALLINT-NLC/submittedPB07/roussel/factor-mod-B/factor-mod-size=7-P0=59-P1=67-P2=97-P3=53-P4=41-P5=89-B,false,3.0,true,true,514,20000,opb,pseudo-boolean,0,12,true,
pb07-other,OPT-SMALLINT-NLC/submittedPB07/roussel/factor-mod-B/factor-mod-size=7-P0=59-P1=97-B,false,3.0,true,true,144,20000,opb,pseudo-boolean,0,4,true,
pb07-other,OPT-SMALLINT-NLC/submittedPB07/roussel/factor-mod-B/factor-mod-size=7-P0=61-P1=127-P2=131-P3=107-P4=47-B,false,3.0,true,true,587,20000,opb,pseudo-boolean,0,10,true,
pb07-other,OPT-SMALLINT-NLC/submittedPB07/roussel/factor-mod-B/factor-mod-size=7-P0=61-P1=53-B,false,3.0,true,true,163,20000,opb,pseudo-boolean,0,4,true,
pb07-other,OPT-SMALLINT-NLC/submittedPB07/roussel/factor-mod-B/factor-mod-size=7-P0=67-P1=11-P2=79-P3=19-B,false,3.0,true,true,220,20000,opb,pseudo-boolean,0,8,true,
pb07-other,OPT-SMALLINT-NLC/submittedPB07/roussel/factor-mod-B/factor-mod-size=7-P0=73-P1=113-P2=59-P3=53-P4=29-B,false,3.0,true,true,489,20000,opb,pseudo-boolean,0,10,true,
pb07-other,OPT-SMALLINT-NLC/submittedPB07/roussel/factor-mod-B/factor-mod-size=7-P0=73-P1=127-P2=41-P3=29-P4=59-B,false,3.0,true,true,419,20000,opb,pseudo-boolean,0,10,true,
pb07-other,OPT-SMALLINT-NLC/submittedPB07/roussel/factor-mod-B/factor-mod-size=7-P0=79-P1=41-B,false,3.0,true,true,166,20000,opb,pseudo-boolean,0,4,true,
pb07-other,OPT-SMALLINT-NLC/submittedPB07/roussel/factor-mod-B/factor-mod-size=7-P0=83-P1=11-B,false,3.0,true,true,150,20000,opb,pseudo-boolean,0,4,true,
pb07-other,OPT-SMALLINT-NLC/submittedPB07/roussel/factor-mod-B/factor-mod-size=7-P0=89-P1=17-P2=37-B,false,3.0,true,true,195,20000,opb,pseudo-boolean,0,6,true,
pb07-other,OPT-SMALLINT-NLC/submittedPB07/roussel/factor-mod-B/factor-mod-size=7-P0=97-P1=37-P2=107-P3=53-P4=53-B,false,3.0,true,true,641,20000,opb,pseudo-boolean,0,10,true,
pb07-other,OPT-SMALLINT-NLC/submittedPB07/roussel/factor-mod-B/factor-mod-size=8-P0=127-P1=71-P2=13-B,false,3.0,true,true,287,20000,opb,pseudo-boolean,0,6,true,
pb07-other,OPT-SMALLINT-NLC/submittedPB07/roussel/factor-mod-B/factor-mod-size=8-P0=149-P1=13-P2=53-P3=149-P4=137-B,false,3.0,true,true,2164,20000,opb,pseudo-boolean,0,10,true,
pb07-other,OPT-SMALLINT-NLC/submittedPB07/roussel/factor-mod-B/factor-mod-size=8-P0=149-P1=19-P2=137-P3=191-P4=223-B,false,3.0,true,true,2226,20000,opb,pseudo-boolean,0,10,true,
pb07-other,OPT-SMALLINT-NLC/submittedPB07/roussel/factor-mod-B/factor-mod-size=8-P0=149-P1=191-P2=149-P3=191-B,false,3.0,true,true,965,20000,opb,pseudo-boolean,0,8,true,
pb07-other,OPT-SMALLINT-NLC/submittedPB07/roussel/factor-mod-B/factor-mod-size=8-P0=149-P1=79-P2=59-P3=73-P4=211-B,false,3.0,true,true,1576,20000,opb,pseudo-boolean,0,10,true,
pb07-other,OPT-SMALLINT-NLC/submittedPB07/roussel/factor-mod-B/factor-mod-size=8-P0=157-P1=107-B,false,3.0,true,true,176,20000,opb,pseudo-boolean,0,4,true,
pb07-other,OPT-SMALLINT-NLC/submittedPB07/roussel/factor-mod-B/factor-mod-size=8-P0=157-P1=211-P2=97-P3=71-B,false,3.0,true,true,847,20000,opb,pseudo-boolean,0,8,true,
pb07-other,OPT-SMALLINT-NLC/submittedPB07/roussel/factor-mod-B/factor-mod-size=8-P0=157-P1=47-B,false,3.0,true,true,195,20000,opb,pseudo-boolean,0,4,true,
pb07-other,OPT-SMALLINT-NLC/submittedPB07/roussel/factor-mod-B/factor-mod-size=8-P0=167-P1=131-P2=83-P3=109-B,false,3.0,true,true,1031,20000,opb,pseudo-boolean,0,8,true,
pb07-other,OPT-SMALLINT-NLC/submittedPB07/roussel/factor-mod-B/factor-mod-size=8-P0=179-P1=37-B,false,3.0,true,true,199,20000,opb,pseudo-boolean,0,4,true,
pb07-other,OPT-SMALLINT-NLC/submittedPB07/roussel/factor-mod-B/factor-mod-size=8-P0=19-P1=211-P2=79-B,false,3.0,true,true,371,20000,opb,pseudo-boolean,0,6,true,
pb07-other,OPT-SMALLINT-NLC/submittedPB07/roussel/factor-mod-B/factor-mod-size=8-P0=191-P1=151-P2=41-P3=257-P4=191-B,false,3.0,true,true,2374,20000,opb,pseudo-boolean,0,10,true,
pb07-other,OPT-SMALLINT-NLC/submittedPB07/roussel/factor-mod-B/factor-mod-size=8-P0=191-P1=43-P2=41-B,false,3.0,true,true,354,20000,opb,pseudo-boolean,0,6,true,
pb07-other,OPT-SMALLINT-NLC/submittedPB07/roussel/factor-mod-B/factor-mod-size=8-P0=211-P1=223-P2=251-P3=3-P4=107-B,false,3.0,true,true,1619,20000,opb,pseudo-boolean,0,10,true,
pb07-other,OPT-SMALLINT-NLC/submittedPB07/roussel/factor-mod-B/factor-mod-size=8-P0=223-P1=73-B,false,3.0,true,true,168,20000,opb,pseudo-boolean,0,4,true,
pb07-other,OPT-SMALLINT-NLC/submittedPB07/roussel/factor-mod-B/factor-mod-size=8-P0=227-P1=23-P2=89-B,false,3.0,true,true,379,20000,opb,pseudo-boolean,0,6,true,
pb07-other,OPT-SMALLINT-NLC/submittedPB07/roussel/factor-mod-B/factor-mod-size=8-P0=239-P1=257-P2=113-P3=223-B,false,3.0,true,true,1255,20000,opb,pseudo-boolean,0,8,true,
pb07-other,OPT-SMALLINT-NLC/submittedPB07/roussel/factor-mod-B/factor-mod-size=8-P0=257-P1=97-P2=149-B,false,3.0,true,true,350,20000,opb,pseudo-boolean,0,6,true,
pb07-other,OPT-SMALLINT-NLC/submittedPB07/roussel/factor-mod-B/factor-mod-size=8-P0=5-P1=173-B,false,3.0,true,true,196,20000,opb,pseudo-boolean,0,4,true,
pb07-other,OPT-SMALLINT-NLC/submittedPB07/roussel/factor-mod-B/factor-mod-size=8-P0=71-P1=107-P2=197-P3=67-B,false,3.0,true,true,1055,20000,opb,pseudo-boolean,0,8,true,
pb07-other,OPT-SMALLINT-NLC/submittedPB07/roussel/factor-mod-B/factor-mod-size=9-P0=127-P1=293-P2=269-P3=7-P4=157-B,false,3.0,true,true,14409,20000,opb,pseudo-boolean,0,10,true,
pb07-other,OPT-SMALLINT-NLC/submittedPB07/roussel/factor-mod-B/factor-mod-size=9-P0=137-P1=127-P2=347-B,false,3.0,true,true,1071,20000,opb,pseudo-boolean,0,6,true,
pb07-other,OPT-SMALLINT-NLC/submittedPB07/roussel/factor-mod-B/factor-mod-size=9-P0=149-P1=191-P2=199-B,false,3.0,true,true,1103,20000,opb,pseudo-boolean,0,6,true,
pb07-other,OPT-SMALLINT-NLC/submittedPB07/roussel/factor-mod-B/factor-mod-size=9-P0=149-P1=419-P2=307-P3=223-B,false,3.0,true,true,4834,20000,opb,pseudo-boolean,0,8,true,
pb07-other,OPT-SMALLINT-NLC/submittedPB07/roussel/factor-mod-B/factor-mod-size=9-P0=19-P1=337-P2=467-P3=53-B,false,3.0,true,true,6538,20000,opb,pseudo-boolean,0,8,true,
pb07-other,OPT-SMALLINT-NLC/submittedPB07/roussel/factor-mod-B/factor-mod-size=9-P0=251-P1=139-P2=89-P3=173-P4=107-B,false,3.0,true,true,14543,20000,opb,pseudo-boolean,0,10,true,
pb07-other,OPT-SMALLINT-NLC/submittedPB07/roussel/factor-mod-B/factor-mod-size=9-P0=263-P1=269-B,false,3.0,true,true,200,20000,opb,pseudo-boolean,0,4,true,
pb07-other,OPT-SMALLINT-NLC/submittedPB07/roussel/factor-mod-B/factor-mod-size=9-P0=263-P1=409-P2=29-P3=379-B,false,3.0,true,true,4608,20000,opb,pseudo-boolean,0,8,true,
pb07-other,OPT-SMALLINT-NLC/submittedPB07/roussel/factor-mod-B/factor-mod-size=9-P0=271-P1=293-B,false,3.0,true,true,254,20000,opb,pseudo-boolean,0,4,true,
pb07-other,OPT-SMALLINT-NLC/submittedPB07/roussel/factor-mod-B/factor-mod-size=9-P0=347-P1=137-P2=419-P3=449-P4=47-B,false,3.0,true,true,12336,20000,opb,pseudo-boolean,0,10,true,
pb07-other,OPT-SMALLINT-NLC/submittedPB07/roussel/factor-mod-B/factor-mod-size=9-P0=41-P1=331-P2=37-B,false,3.0,true,true,1031,20000,opb,pseudo-boolean,0,6,true,
pb07-other,OPT-SMALLINT-NLC/submittedPB07/roussel/factor-mod-B/factor-mod-size=9-P0=419-P1=479-P2=367-B,false,3.0,true,true,1010,20000,opb,pseudo-boolean,0,6,true,
pb07-other,OPT-SMALLINT-NLC/submittedPB07/roussel/factor-mod-B/factor-mod-size=9-P0=43-P1=101-P2=251-P3=307-P4=499-B,false,3.0,true,true,13900,20000,opb,pseudo-boolean,0,10,true,
pb07-other,OPT-SMALLINT-NLC/submittedPB07/roussel/factor-mod-B/factor-mod-size=9-P0=449-P1=149-P2=137-P3=137-P4=83-B,false,3.0,true,false,20131,20000,opb,pseudo-boolean,0,10,true,
pb07-other,OPT-SMALLINT-NLC/submittedPB07/roussel/factor-mod-B/factor-mod-size=9-P0=457-P1=137-P2=191-B,false,3.0,true,true,1035,20000,opb,pseudo-boolean,0,6,true,
pb07-other,OPT-SMALLINT-NLC/submittedPB07/roussel/factor-mod-B/factor-mod-size=9-P0=487-P1=163-P2=173-P3=211-B,false,3.0,true,true,5670,20000,opb,pseudo-boolean,0,8,true,
pb07-other,OPT-SMALLINT-NLC/submittedPB07/roussel/factor-mod-B/factor-mod-size=9-P0=499-P1=293-P2=223-P3=277-B,false,3.0,true,true,6669,20000,opb,pseudo-boolean,0,8,true,
pb07-other,OPT-SMALLINT-NLC/submittedPB07/roussel/factor-mod-B/factor-mod-size=9-P0=67-P1=71-B,false,3.0,true,true,201,20000,opb,pseudo-boolean,0,4,true,
pb07-other,OPT-SMALLINT-NLC/submittedPB07/roussel/factor-mod-B/factor-mod-size=9-P0=71-P1=439-B,false,3.0,true,true,222,20000,opb,pseudo-boolean,0,4,true,
pb07-other,OPT-SMALLINT-NLC/submittedPB07/roussel/factor-mod-B/factor-mod-size=9-P0=97-P1=127-B,false,3.0,true,true,206,20000,opb,pseudo-boolean,0,4,true,
pb07-other,SATUNSAT-SMALLINT-NLC/submittedPB07/manquinho/dbsg/normalized-dbsg_100_10_1_15,false,,true,true,410,20000,opb,pseudo-boolean,0,302,true,
pb07-other,SATUNSAT-SMALLINT-NLC/submittedPB07/manquinho/dbsg/normalized-dbsg_100_10_1_40,false,,,false,20000,20000,opb,pseudo-boolean,0,302,true,
pb07-other,SATUNSAT-SMALLINT-NLC/submittedPB07/manquinho/dbsg/normalized-dbsg_100_10_2_15,false,,true,true,470,20000,opb,pseudo-boolean,0,302,true,
pb07-other,SATUNSAT-SMALLINT-NLC/submittedPB07/manquinho/dbsg/normalized-dbsg_100_10_2_40,false,,,false,20000,20000,opb,pseudo-boolean,0,302,true,
pb07-other,SATUNSAT-SMALLINT-NLC/submittedPB07/manquinho/dbsg/normalized-dbsg_100_10_3_15,false,,true,true,425,20000,opb,pseudo-boolean,0,302,true,
pb07-other,SATUNSAT-SMALLINT-NLC/submittedPB07/manquinho/dbsg/normalized-dbsg_100_10_3_40,false,,,false,20000,20000,opb,pseudo-boolean,0,302,true,
pb07-other,SATUNSAT-SMALLINT-NLC/submittedPB07/manquinho/dbsg/normalized-dbsg_100_10_4_15,false,,true,true,422,20000,opb,pseudo-boolean,0,302,true,
pb07-other,SATUNSAT-SMALLINT-NLC/submittedPB07/manquinho/dbsg/normalized-dbsg_100_10_4_40,false,,,false,20000,20000,opb,pseudo-boolean,0,302,true,
pb07-other,SATUNSAT-SMALLINT-NLC/submittedPB07/manquinho/dbsg/normalized-dbsg_100_10_5_15,false,,true,true,411,20000,opb,pseudo-boolean,0,302,true,
pb07-other,SATUNSAT-SMALLINT-NLC/submittedPB07/manquinho/dbsg/normalized-dbsg_100_10_5_40,false,,,false,20000,20000,opb,pseudo-boolean,0,302,true,
pb07-other,SATUNSAT-SMALLINT-NLC/submittedPB07/manquinho/dbsg/normalized-dbsg_100_25_1_15,false,,,false,20000,20000,opb,pseudo-boolean,0,302,true,
pb07-other,SATUNSAT-SMALLINT-NLC/submittedPB07/manquinho/dbsg/normalized-dbsg_100_25_1_40,false,,,false,20000,20000,opb,pseudo-boolean,0,302,true,
pb07-other,SATUNSAT-SMALLINT-NLC/submittedPB07/manquinho/dbsg/normalized-dbsg_100_25_2_15,false,,,false,20000,20000,opb,pseudo-boolean,0,302,true,
pb07-other,SATUNSAT-SMALLINT-NLC/submittedPB07/manquinho/dbsg/normalized-dbsg_100_25_2_40,false,,,false,20000,20000,opb,pseudo-boolean,0,302,true,
pb07-other,SATUNSAT-SMALLINT-NLC/submittedPB07/manquinho/dbsg/normalized-dbsg_100_25_3_15,false,,,false,20000,20000,opb,pseudo-boolean,0,302,true,
pb07-other,SATUNSAT-SMALLINT-NLC/submittedPB07/manquinho/dbsg/normalized-dbsg_100_25_3_40,false,,,false,20000,20000,opb,pseudo-boolean,0,302,true,
pb07-other,SATUNSAT-SMALLINT-NLC/submittedPB07/manquinho/dbsg/normalized-dbsg_100_25_4_15,false,,,false,20000,20000,opb,pseudo-boolean,0,302,true,
pb07-other,SATUNSAT-SMALLINT-NLC/submittedPB07/manquinho/dbsg/normalized-dbsg_100_25_4_40,false,,,false,20000,20000,opb,pseudo-boolean,0,302,true,
pb07-other,SATUNSAT-SMALLINT-NLC/submittedPB07/manquinho/dbsg/normalized-dbsg_100_25_5_15,false,,,false,20000,20000,opb,pseudo-boolean,0,302,true,
pb07-other,SATUNSAT-SMALLINT-NLC/submittedPB07/manquinho/dbsg/normalized-dbsg_100_25_5_40,false,,,false,20000,20000,opb,pseudo-boolean,0,302,true,
pb07-other,SATUNSAT-SMALLINT-NLC/submittedPB07/manquinho/dbsg/normalized-dbsg_10_4_1_5,false,,false,true,143,20000,opb,pseudo-boolean,0,32,true,
pb07-other,SATUNSAT-SMALLINT-NLC/submittedPB07/manquinho/dbsg/normalized-dbsg_10_4_1_8,false,,false,true,144,20000,opb,pseudo-boolean,0,32,true,
pb07-other,SATUNSAT-SMALLINT-NLC/submittedPB07/manquinho/dbsg/normalized-dbsg_10_4_2_5,false,,false,true,138,20000,opb,pseudo-boolean,0,32,true,
pb07-other,SATUNSAT-SMALLINT-NLC/submittedPB07/manquinho/dbsg/normalized-dbsg_10_4_2_8,false,,false,true,130,20000,opb,pseudo-boolean,0,32,true,
pb07-other,SATUNSAT-SMALLINT-NLC/submittedPB07/manquinho/dbsg/normalized-dbsg_10_4_3_5,false,,false,true,145,20000,opb,pseudo-boolean,0,32,true,
pb07-other,SATUNSAT-SMALLINT-NLC/submittedPB07/manquinho/dbsg/normalized-dbsg_10_4_3_8,false,,false,true,141,20000,opb,pseudo-boolean,0,32,true,
pb07-other,SATUNSAT-SMALLINT-NLC/submittedPB07/manquinho/dbsg/normalized-dbsg_10_4_4_5,false,,false,true,142,20000,opb,pseudo-boolean,0,32,true,
pb07-other,SATUNSAT-SMALLINT-NLC/submittedPB07/manquinho/dbsg/normalized-dbsg_10_4_4_8,false,,false,true,152,20000,opb,pseudo-boolean,0,32,true,
pb07-other,SATUNSAT-SMALLINT-NLC/submittedPB07/manquinho/dbsg/normalized-dbsg_10_4_5_5,false,,false,true,148,20000,opb,pseudo-boolean,0,32,true,
pb07-other,SATUNSAT-SMALLINT-NLC/submittedPB07/manquinho/dbsg/normalized-dbsg_10_4_5_8,false,,false,true,146,20000,opb,pseudo-boolean,0,32,true,
pb07-other,SATUNSAT-SMALLINT-NLC/submittedPB07/manquinho/dbsg/normalized-dbsg_200_10_1_15,false,,true,true,164,20000,opb,pseudo-boolean,0,602,true,
pb07-other,SATUNSAT-SMALLINT-NLC/submittedPB07/manquinho/dbsg/normalized-dbsg_200_10_1_40,false,,true,true,3341,20000,opb,pseudo-boolean,0,602,true,
pb07-other,SATUNSAT-SMALLINT-NLC/submittedPB07/manquinho/dbsg/normalized-dbsg_200_10_2_15,false,,true,true,195,20000,opb,pseudo-boolean,0,602,true,
pb07-other,SATUNSAT-SMALLINT-NLC/submittedPB07/manquinho/dbsg/normalized-dbsg_200_10_2_40,false,,,false,20000,20000,opb,pseudo-boolean,0,602,true,
pb07-other,SATUNSAT-SMALLINT-NLC/submittedPB07/manquinho/dbsg/normalized-dbsg_200_10_3_15,false,,true,true,231,20000,opb,pseudo-boolean,0,602,true,
pb07-other,SATUNSAT-SMALLINT-NLC/submittedPB07/manquinho/dbsg/normalized-dbsg_200_10_3_40,false,,true,true,7122,20000,opb,pseudo-boolean,0,602,true,
pb07-other,SATUNSAT-SMALLINT-NLC/submittedPB07/manquinho/dbsg/normalized-dbsg_200_10_4_15,false,,true,true,170,20000,opb,pseudo-boolean,0,602,true,
pb07-other,SATUNSAT-SMALLINT-NLC/submittedPB07/manquinho/dbsg/normalized-dbsg_200_10_4_40,false,,true,true,14422,20000,opb,pseudo-boolean,0,602,true,
pb07-other,SATUNSAT-SMALLINT-NLC/submittedPB07/manquinho/dbsg/normalized-dbsg_200_10_5_15,false,,true,true,177,20000,opb,pseudo-boolean,0,602,true,
pb07-other,SATUNSAT-SMALLINT-NLC/submittedPB07/manquinho/dbsg/normalized-dbsg_200_10_5_40,false,,,false,20000,20000,opb,pseudo-boolean,0,602,true,
pb07-other,SATUNSAT-SMALLINT-NLC/submittedPB07/manquinho/dbsg/normalized-dbsg_200_25_1_15,false,,true,true,999,20000,opb,pseudo-boolean,0,602,true,
pb07-other,SATUNSAT-SMALLINT-NLC/submittedPB07/manquinho/dbsg/normalized-dbsg_200_25_1_40,false,,,false,20000,20000,opb,pseudo-boolean,0,602,true,
pb07-other,SATUNSAT-SMALLINT-NLC/submittedPB07/manquinho/dbsg/normalized-dbsg_200_25_2_15,false,,true,true,1433,20000,opb,pseudo-boolean,0,602,true,
pb07-other,SATUNSAT-SMALLINT-NLC/submittedPB07/manquinho/dbsg/normalized-dbsg_200_25_2_40,false,,,false,20000,20000,opb,pseudo-boolean,0,602,true,
pb07-other,SATUNSAT-SMALLINT-NLC/submittedPB07/manquinho/dbsg/normalized-dbsg_200_25_3_15,false,,true,true,791,20000,opb,pseudo-boolean,0,602,true,
pb07-other,SATUNSAT-SMALLINT-NLC/submittedPB07/manquinho/dbsg/normalized-dbsg_200_25_3_40,false,,,false,20000,20000,opb,pseudo-boolean,0,602,true,
pb07-other,SATUNSAT-SMALLINT-NLC/submittedPB07/manquinho/dbsg/normalized-dbsg_200_25_4_15,false,,true,true,800,20000,opb,pseudo-boolean,0,602,true,
pb07-other,SATUNSAT-SMALLINT-NLC/submittedPB07/manquinho/dbsg/normalized-dbsg_200_25_4_40,false,,,false,20000,20000,opb,pseudo-boolean,0,602,true,
pb07-other,SATUNSAT-SMALLINT-NLC/submittedPB07/manquinho/dbsg/normalized-dbsg_200_25_5_15,false,,true,true,900,20000,opb,pseudo-boolean,0,602,true,
pb07-other,SATUNSAT-SMALLINT-NLC/submittedPB07/manquinho/dbsg/normalized-dbsg_200_25_5_40,false,,,false,20000,20000,opb,pseudo-boolean,0,602,true,
pb07-other,SATUNSAT-SMALLINT-NLC/submittedPB07/manquinho/dbsg/normalized-dbsg_500_10_1_15,false,,true,true,129,20000,opb,pseudo-boolean,0,1502,true,
pb07-other,SATUNSAT-SMALLINT-NLC/submittedPB07/manquinho/dbsg/normalized-dbsg_500_10_1_80,false,,,false,20000,20000,opb,pseudo-boolean,0,1502,true,
pb07-other,SATUNSAT-SMALLINT-NLC/submittedPB07/manquinho/dbsg/normalized-dbsg_500_10_2_15,false,,true,true,152,20000,opb,pseudo-boolean,0,1502,true,
pb07-other,SATUNSAT-SMALLINT-NLC/submittedPB07/manquinho/dbsg/normalized-dbsg_500_10_2_80,false,,,false,20000,20000,opb,pseudo-boolean,0,1502,true,
pb07-other,SATUNSAT-SMALLINT-NLC/submittedPB07/manquinho/dbsg/normalized-dbsg_500_10_3_15,false,,true,true,152,20000,opb,pseudo-boolean,0,1502,true,
pb07-other,SATUNSAT-SMALLINT-NLC/submittedPB07/manquinho/dbsg/normalized-dbsg_500_10_3_80,false,,,false,20000,20000,opb,pseudo-boolean,0,1502,true,
pb07-other,SATUNSAT-SMALLINT-NLC/submittedPB07/manquinho/dbsg/normalized-dbsg_500_10_4_15,false,,true,true,149,20000,opb,pseudo-boolean,0,1502,true,
pb07-other,SATUNSAT-SMALLINT-NLC/submittedPB07/manquinho/dbsg/normalized-dbsg_500_10_4_80,false,,,false,20000,20000,opb,pseudo-boolean,0,1502,true,
pb07-other,SATUNSAT-SMALLINT-NLC/submittedPB07/manquinho/dbsg/normalized-dbsg_500_10_5_15,false,,true,true,163,20000,opb,pseudo-boolean,0,1502,true,
pb07-other,SATUNSAT-SMALLINT-NLC/submittedPB07/manquinho/dbsg/normalized-dbsg_500_10_5_80,false,,,false,20000,20000,opb,pseudo-boolean,0,1502,true,
pb07-other,SATUNSAT-SMALLINT-NLC/submittedPB07/manquinho/dbsg/normalized-dbsg_500_25_1_15,false,,true,true,154,20000,opb,pseudo-boolean,0,1502,true,
pb07-other,SATUNSAT-SMALLINT-NLC/submittedPB07/manquinho/dbsg/normalized-dbsg_500_25_1_80,false,,,false,20000,20000,opb,pseudo-boolean,0,1502,true,
pb07-other,SATUNSAT-SMALLINT-NLC/submittedPB07/manquinho/dbsg/normalized-dbsg_500_25_2_15,false,,true,true,840,20000,opb,pseudo-boolean,0,1502,true,
pb07-other,SATUNSAT-SMALLINT-NLC/submittedPB07/manquinho/dbsg/normalized-dbsg_500_25_2_80,false,,,false,20000,20000,opb,pseudo-boolean,0,1502,true,
pb07-other,SATUNSAT-SMALLINT-NLC/submittedPB07/manquinho/dbsg/normalized-dbsg_500_25_3_15,false,,true,true,181,20000,opb,pseudo-boolean,0,1502,true,
pb07-other,SATUNSAT-SMALLINT-NLC/submittedPB07/manquinho/dbsg/normalized-dbsg_500_25_3_80,false,,,false,20000,20000,opb,pseudo-boolean,0,1502,true,
pb07-other,SATUNSAT-SMALLINT-NLC/submittedPB07/manquinho/dbsg/normalized-dbsg_500_25_4_15,false,,true,true,220,20000,opb,pseudo-boolean,0,1502,true,
pb07-other,SATUNSAT-SMALLINT-NLC/submittedPB07/manquinho/dbsg/normalized-dbsg_500_25_4_80,false,,,false,20000,20000,opb,pseudo-boolean,0,1502,true,
pb07-other,SATUNSAT-SMALLINT-NLC/submittedPB07/manquinho/dbsg/normalized-dbsg_500_25_5_15,false,,true,true,170,20000,opb,pseudo-boolean,0,1502,true,
pb07-other,SATUNSAT-SMALLINT-NLC/submittedPB07/manquinho/dbsg/normalized-dbsg_500_25_5_80,false,,,false,20000,20000,opb,pseudo-boolean,0,1502,true,
pb07-other,SATUNSAT-SMALLINT-NLC/submittedPB07/manquinho/dbsg/normalized-dbsg_500_60_1_15,false,,true,true,2515,20000,opb,pseudo-boolean,0,1502,true,
pb07-other,SATUNSAT-SMALLINT-NLC/submittedPB07/manquinho/dbsg/normalized-dbsg_500_60_1_80,false,,,false,20000,20000,opb,pseudo-boolean,0,1502,true,
pb07-other,SATUNSAT-SMALLINT-NLC/submittedPB07/manquinho/dbsg/normalized-dbsg_500_60_2_15,false,,true,true,3869,20000,opb,pseudo-boolean,0,1502,true,
pb07-other,SATUNSAT-SMALLINT-NLC/submittedPB07/manquinho/dbsg/normalized-dbsg_500_60_2_80,false,,,false,20000,20000,opb,pseudo-boolean,0,1502,true,
pb07-other,SATUNSAT-SMALLINT-NLC/submittedPB07/manquinho/dbsg/normalized-dbsg_500_60_3_15,false,,true,true,4214,20000,opb,pseudo-boolean,0,1502,true,
pb07-other,SATUNSAT-SMALLINT-NLC/submittedPB07/manquinho/dbsg/normalized-dbsg_500_60_3_80,false,,,false,20000,20000,opb,pseudo-boolean,0,1502,true,
pb07-other,SATUNSAT-SMALLINT-NLC/submittedPB07/manquinho/dbsg/normalized-dbsg_500_60_4_15,false,,true,true,3954,20000,opb,pseudo-boolean,0,1502,true,
pb07-other,SATUNSAT-SMALLINT-NLC/submittedPB07/manquinho/dbsg/normalized-dbsg_500_60_4_80,false,,,false,20000,20000,opb,pseudo-boolean,0,1502,true,
pb07-other,SATUNSAT-SMALLINT-NLC/submittedPB07/manquinho/dbsg/normalized-dbsg_500_60_5_15,false,,true,true,5369,20000,opb,pseudo-boolean,0,1502,true,
pb07-other,SATUNSAT-SMALLINT-NLC/submittedPB07/manquinho/dbsg/normalized-dbsg_500_60_5_80,false,,,false,20000,20000,opb,pseudo-boolean,0,1502,true,
pb07-other,SATUNSAT-SMALLINT-NLC/submittedPB07/manquinho/dbsg/normalized-dbsg_50_10_1_15,false,,,false,20000,20000,opb,pseudo-boolean,0,152,true,
pb07-other,SATUNSAT-SMALLINT-NLC/submittedPB07/manquinho/dbsg/normalized-dbsg_50_10_1_5,false,,true,true,140,20000,opb,pseudo-boolean,0,152,true,
pb07-other,SATUNSAT-SMALLINT-NLC/submittedPB07/manquinho/dbsg/normalized-dbsg_50_10_2_15,false,,,false,20000,20000,opb,pseudo-boolean,0,152,true,
pb07-other,SATUNSAT-SMALLINT-NLC/submittedPB07/manquinho/dbsg/normalized-dbsg_50_10_2_5,false,,true,true,138,20000,opb,pseudo-boolean,0,152,true,
pb07-other,SATUNSAT-SMALLINT-NLC/submittedPB07/manquinho/dbsg/normalized-dbsg_50_10_3_15,false,,,false,20000,20000,opb,pseudo-boolean,0,152,true,
pb07-other,SATUNSAT-SMALLINT-NLC/submittedPB07/manquinho/dbsg/normalized-dbsg_50_10_3_5,false,,true,true,156,20000,opb,pseudo-boolean,0,152,true,
pb07-other,SATUNSAT-SMALLINT-NLC/submittedPB07/manquinho/dbsg/normalized-dbsg_50_10_4_15,false,,,false,20000,20000,opb,pseudo-boolean,0,152,true,
pb07-other,SATUNSAT-SMALLINT-NLC/submittedPB07/manquinho/dbsg/normalized-dbsg_50_10_4_5,false,,true,true,147,20000,opb,pseudo-boolean,0,152,true,
pb07-other,SATUNSAT-SMALLINT-NLC/submittedPB07/manquinho/dbsg/normalized-dbsg_50_10_5_15,false,,,false,20000,20000,opb,pseudo-boolean,0,152,true,
pb07-other,SATUNSAT-SMALLINT-NLC/submittedPB07/manquinho/dbsg/normalized-dbsg_50_10_5_5,false,,true,true,138,20000,opb,pseudo-boolean,0,152,true,
pb07-other,SATUNSAT-SMALLINT-NLC/submittedPB07/manquinho/dbsg/normalized-dbsg_50_25_1_15,false,,false,true,2908,20000,opb,pseudo-boolean,0,152,true,
pb07-other,SATUNSAT-SMALLINT-NLC/submittedPB07/manquinho/dbsg/normalized-dbsg_50_25_1_5,false,,true,true,144,20000,opb,pseudo-boolean,0,152,true,
pb07-other,SATUNSAT-SMALLINT-NLC/submittedPB07/manquinho/dbsg/normalized-dbsg_50_25_2_15,false,,false,true,3201,20000,opb,pseudo-boolean,0,152,true,
pb07-other,SATUNSAT-SMALLINT-NLC/submittedPB07/manquinho/dbsg/normalized-dbsg_50_25_2_5,false,,true,true,146,20000,opb,pseudo-boolean,0,152,true,
pb07-other,SATUNSAT-SMALLINT-NLC/submittedPB07/manquinho/dbsg/normalized-dbsg_50_25_3_15,false,,false,true,2934,20000,opb,pseudo-boolean,0,152,true,
pb07-other,SATUNSAT-SMALLINT-NLC/submittedPB07/manquinho/dbsg/normalized-dbsg_50_25_3_5,false,,true,true,147,20000,opb,pseudo-boolean,0,152,true,
pb07-other,SATUNSAT-SMALLINT-NLC/submittedPB07/manquinho/dbsg/normalized-dbsg_50_25_4_15,false,,false,true,3147,20000,opb,pseudo-boolean,0,152,true,
pb07-other,SATUNSAT-SMALLINT-NLC/submittedPB07/manquinho/dbsg/normalized-dbsg_50_25_4_5,false,,true,true,144,20000,opb,pseudo-boolean,0,152,true,
pb07-other,SATUNSAT-SMALLINT-NLC/submittedPB07/manquinho/dbsg/normalized-dbsg_50_25_5_15,false,,false,true,3258,20000,opb,pseudo-boolean,0,152,true,
pb07-other,SATUNSAT-SMALLINT-NLC/submittedPB07/manquinho/dbsg/normalized-dbsg_50_25_5_5,false,,true,true,145,20000,opb,pseudo-boolean,0,152,true,
satlib-aim,aim-100-1_6-no-1,false,,false,true,153,20000,dimacs,sat,0,160,true,
satlib-aim,aim-100-1_6-no-2,false,,false,true,126,20000,dimacs,sat,0,160,true,
satlib-aim,aim-100-1_6-no-3,false,,false,true,153,20000,dimacs,sat,0,160,true,
satlib-aim,aim-100-1_6-no-4,false,,false,true,150,20000,dimacs,sat,0,160,true,
satlib-aim,aim-100-1_6-yes1-1,false,,true,true,139,20000,dimacs,sat,0,160,true,
satlib-aim,aim-100-1_6-yes1-2,false,,true,true,142,20000,dimacs,sat,0,160,true,
satlib-aim,aim-100-1_6-yes1-3,false,,true,true,125,20000,dimacs,sat,0,160,true,
satlib-aim,aim-100-1_6-yes1-4,false,,true,true,149,20000,dimacs,sat,0,160,true,
satlib-aim,aim-100-2_0-no-1,false,,false,true,132,20000,dimacs,sat,0,200,true,
satlib-aim,aim-100-2_0-no-2,false,,false,true,136,20000,dimacs,sat,0,200,true,
satlib-aim,aim-100-2_0-no-3,false,,false,true,141,20000,dimacs,sat,0,200,true,
satlib-aim,aim-100-2_0-no-4,false,,false,true,151,20000,dimacs,sat,0,200,true,
satlib-aim,aim-100-2_0-yes1-1,false,,true,true,136,20000,dimacs,sat,0,200,true,
satlib-aim,aim-100-2_0-yes1-2,false,,true,true,141,20000,dimacs,sat,0,200,true,
satlib-aim,aim-100-2_0-yes1-3,false,,true,true,162,20000,dimacs,sat,0,200,true,
satlib-aim,aim-100-2_0-yes1-4,false,,true,true,138,20000,dimacs,sat,0,200,true,
satlib-aim,aim-100-3_4-yes1-1,false,,true,true,129,20000,dimacs,sat,0,340,true,
satlib-aim,aim-100-3_4-yes1-2,false,,true,true,141,20000,dimacs,sat,0,340,true,
satlib-aim,aim-100-3_4-yes1-3,false,,true,true,125,20000,dimacs,sat,0,340,true,
satlib-aim,aim-100-3_4-yes1-4,false,,true,true,131,20000,dimacs,sat,0,340,true,
satlib-aim,aim-100-6_0-yes1-1,false,,true,true,138,20000,dimacs,sat,0,600,true,
satlib-aim,aim-100-6_0-yes1-2,false,,true,true,149,20000,dimacs,sat,0,600,true,
satlib-aim,aim-100-6_0-yes1-3,false,,true,true,135,20000,dimacs,sat,0,600,true,
satlib-aim,aim-100-6_0-yes1-4,false,,true,true,140,20000,dimacs,sat,0,600,true,
satlib-aim,aim-200-1_6-no-1,false,,false,true,147,20000,dimacs,sat,0,320,true,
satlib-aim,aim-200-1_6-no-2,false,,false,true,145,20000,dimacs,sat,0,320,true,
satlib-aim,aim-200-1_6-no-3,false,,false,true,132,20000,dimacs,sat,0,320,true,
satlib-aim,aim-200-1_6-no-4,false,,false,true,125,20000,dimacs,sat,0,320,true,
satlib-aim,aim-200-1_6-yes1-1,false,,true,true,130,20000,dimacs,sat,0,320,true,
satlib-aim,aim-200-1_6-yes1-2,false,,true,true,138,20000,dimacs,sat,0,320,true,
satlib-aim,aim-200-1_6-yes1-3,false,,true,true,140,20000,dimacs,sat,0,320,true,
satlib-aim,aim-200-1_6-yes1-4,false,,true,true,159,20000,dimacs,sat,0,320,true,
satlib-aim,aim-200-2_0-no-1,false,,false,true,135,20000,dimacs,sat,0,400,true,
satlib-aim,aim-200-2_0-no-2,false,,false,true,152,20000,dimacs,sat,0,400,true,
satlib-aim,aim-200-2_0-no-3,false,,false,true,168,20000,dimacs,sat,0,400,true,
satlib-aim,aim-200-2_0-no-4,false,,false,true,145,20000,dimacs,sat,0,400,true,
satlib-aim,aim-200-2_0-yes1-1,false,,true,true,129,20000,dimacs,sat,0,400,true,
satlib-aim,aim-200-2_0-yes1-2,false,,true,true,150,20000,dimacs,sat,0,400,true,
satlib-aim,aim-200-2_0-yes1-3,false,,true,true,151,20000,dimacs,sat,0,400,true,
satlib-aim,aim-200-2_0-yes1-4,false,,true,true,132,20000,dimacs,sat,0,400,true,
satlib-aim,aim-200-3_4-yes1-1,false,,true,true,141,20000,dimacs,sat,0,680,true,
satlib-aim,aim-200-3_4-yes1-2,false,,true,true,148,20000,dimacs,sat,0,680,true,
satlib-aim,aim-200-3_4-yes1-3,false,,true,true,132,20000,dimacs,sat,0,680,true,
satlib-aim,aim-200-3_4-yes1-4,false,,true,true,149,20000,dimacs,sat,0,680,true,
satlib-aim,aim-200-6_0-yes1-1,false,,true,true,148,20000,dimacs,sat,0,1200,true,
satlib-aim,aim-200-6_0-yes1-2,false,,true,true,129,20000,dimacs,sat,0,1200,true,
satlib-aim,aim-200-6_0-yes1-3,false,,true,true,151,20000,dimacs,sat,0,1200,true,
satlib-aim,aim-200-6_0-yes1-4,false,,true,true,148,20000,dimacs,sat,0,1200,true,
satlib-aim,aim-50-1_6-no-1,false,,false,true,140,20000,dimacs,sat,0,80,true,
satlib-aim,aim-50-1_6-no-2,false,,false,true,130,20000,dimacs,sat,0,80,true,
satlib-aim,aim-50-1_6-no-3,false,,false,true,137,20000,dimacs,sat,0,80,true,
satlib-aim,aim-50-1_6-no-4,false,,false,true,138,20000,dimacs,sat,0,80,true,
satlib-aim,aim-50-1_6-yes1-1,false,,true,true,148,20000,dimacs,sat,0,80,true,
satlib-aim,aim-50-1_6-yes1-2,false,,true,true,150,20000,dimacs,sat,0,80,true,
satlib-aim,aim-50-1_6-yes1-3,false,,true,true,128,20000,dimacs,sat,0,80,true,
satlib-aim,aim-50-1_6-yes1-4,false,,true,true,147,20000,dimacs,sat,0,80,true,
satlib-aim,aim-50-2_0-no-1,false,,false,true,138,20000,dimacs,sat,0,100,true,
satlib-aim,aim-50-2_0-no-2,false,,false,true,134,20000,dimacs,sat,0,100,true,
satlib-aim,aim-50-2_0-no-3,false,,false,true,149,20000,dimacs,sat,0,100,true,
satlib-aim,aim-50-2_0-no-4,false,,false,true,128,20000,dimacs,sat,0,100,true,
satlib-aim,aim-50-2_0-yes1-1,false,,true,true,141,20000,dimacs,sat,0,100,true,
satlib-aim,aim-50-2_0-yes1-2,false,,true,true,143,20000,dimacs,sat,0,100,true,
satlib-aim,aim-50-2_0-yes1-3,false,,true,true,140,20000,dimacs,sat,0,100,true,
satlib-aim,aim-50-2_0-yes1-4,false,,true,true,132,20000,dimacs,sat,0,100,true,
satlib-aim,aim-50-3_4-yes1-1,false,,true,true,143,20000,dimacs,sat,0,170,true,
satlib-aim,aim-50-3_4-yes1-2,false,,true,true,177,20000,dimacs,sat,0,170,true,
satlib-aim,aim-50-3_4-yes1-3,false,,true,true,143,20000,dimacs,sat,0,170,true,
satlib-aim,aim-50-3_4-yes1-4,false,,true,true,142,20000,dimacs,sat,0,170,true,
satlib-aim,aim-50-6_0-yes1-1,false,,true,true,128,20000,dimacs,sat,0,300,true,
satlib-aim,aim-50-6_0-yes1-2,false,,true,true,124,20000,dimacs,sat,0,300,true,
satlib-aim,aim-50-6_0-yes1-3,false,,true,true,151,20000,dimacs,sat,0,300,true,
satlib-aim,aim-50-6_0-yes1-4,false,,true,true,155,20000,dimacs,sat,0,300,true,
satlib-ais,ais10,false,,true,true,146,20000,dimacs,sat,0,3151,true,
satlib-ais,ais12,false,,true,true,156,20000,dimacs,sat,0,5666,true,
satlib-ais,ais6,false,,true,true,130,20000,dimacs,sat,0,581,true,
satlib-ais,ais8,false,,true,true,148,20000,dimacs,sat,0,1520,true,
satlib-dubois,dubois100,false,,true,true,144,20000,dimacs,sat,0,598,true,
satlib-dubois,dubois20,false,,false,true,135,20000,dimacs,sat,0,160,true,
satlib-dubois,dubois21,false,,false,true,139,20000,dimacs,sat,0,168,true,
satlib-dubois,dubois22,false,,false,true,149,20000,dimacs,sat,0,176,true,
satlib-dubois,dubois23,false,,false,true,141,20000,dimacs,sat,0,184,true,
satlib-dubois,dubois24,false,,false,true,143,20000,dimacs,sat,0,192,true,
satlib-dubois,dubois25,false,,false,true,128,20000,dimacs,sat,0,200,true,
satlib-dubois,dubois26,false,,false,true,142,20000,dimacs,sat,0,208,true,
satlib-dubois,dubois27,false,,false,true,136,20000,dimacs,sat,0,216,true,
satlib-dubois,dubois28,false,,false,true,137,20000,dimacs,sat,0,224,true,
satlib-dubois,dubois29,false,,false,true,143,20000,dimacs,sat,0,232,true,
satlib-dubois,dubois30,false,,false,true,146,20000,dimacs,sat,0,240,true,
satlib-dubois,dubois50,false,,false,true,150,20000,dimacs,sat,0,400,true,
satlib-ii,ii16a1,false,,true,true,159,20000,dimacs,sat,0,0,true,
satlib-ii,ii16a2,false,,true,true,161,20000,dimacs,sat,0,0,true,
satlib-ii,ii16b1,false,,true,true,155,20000,dimacs,sat,0,0,true,
satlib-ii,ii16b2,false,,true,true,155,20000,dimacs,sat,0,0,true,
satlib-ii,ii16c1,false,,true,true,158,20000,dimacs,sat,0,0,true,
satlib-ii,ii16c2,false,,true,true,158,20000,dimacs,sat,0,0,true,
satlib-ii,ii16d1,false,,true,true,138,20000,dimacs,sat,0,0,true,
satlib-ii,ii16d2,false,,true,true,155,20000,dimacs,sat,0,0,true,
satlib-ii,ii16e1,false,,true,true,157,20000,dimacs,sat,0,0,true,
satlib-ii,ii16e2,false,,true,true,150,20000,dimacs,sat,0,0,true,
satlib-ii,ii32a1,false,,true,true,138,20000,dimacs,sat,0,0,true,
satlib-ii,ii32b1,false,,true,true,145,20000,dimacs,sat,0,0,true,
satlib-ii,ii32b2,false,,true,true,135,20000,dimacs,sat,0,0,true,
satlib-ii,ii32b3,false,,true,true,160,20000,dimacs,sat,0,0,true,
satlib-ii,ii32b4,false,,true,true,142,20000,dimacs,sat,0,0,true,
satlib-ii,ii32c1,false,,true,true,129,20000,dimacs,sat,0,0,true,
satlib-ii,ii32c2,false,,true,true,148,20000,dimacs,sat,0,0,true,
satlib-ii,ii32c3,false,,true,true,146,20000,dimacs,sat,0,0,true,
satlib-ii,ii32c4,false,,true,true,154,20000,dimacs,sat,0,0,true,
satlib-ii,ii32d1,false,,true,true,153,20000,dimacs,sat,0,0,true,
satlib-ii,ii32d2,false,,true,true,156,20000,dimacs,sat,0,0,true,
satlib-ii,ii32d3,false,,true,true,219,20000,dimacs,sat,0,0,true,
satlib-ii,ii32e1,false,,true,true,135,20000,dimacs,sat,0,0,true,
satlib-ii,ii32e2,false,,true,true,139,20000,dimacs,sat,0,0,true,
satlib-ii,ii32e3,false,,true,true,153,20000,dimacs,sat,0,0,true,
satlib-ii,ii32e4,false,,true,true,149,20000,dimacs,sat,0,0,true,
satlib-ii,ii32e5,false,,true,true,153,20000,dimacs,sat,0,0,true,
satlib-ii,ii8a1,false,,true,true,162,20000,dimacs,sat,0,0,true,
satlib-ii,ii8a2,false,,true,true,144,20000,dimacs,sat,0,0,true,
satlib-ii,ii8a3,false,,true,true,142,20000,dimacs,sat,0,0,true,
satlib-ii,ii8a4,false,,true,true,137,20000,dimacs,sat,0,0,true,
satlib-ii,ii8b1,false,,true,true,137,20000,dimacs,sat,0,0,true,
satlib-ii,ii8b2,false,,true,true,134,20000,dimacs,sat,0,0,true,
satlib-ii,ii8b3,false,,true,true,145,20000,dimacs,sat,0,0,true,
satlib-ii,ii8b4,false,,true,true,147,20000,dimacs,sat,0,0,true,
satlib-ii,ii8c1,false,,true,true,142,20000,dimacs,sat,0,0,true,
satlib-ii,ii8c2,false,,true,true,149,20000,dimacs,sat,0,0,true,
satlib-ii,ii8d1,false,,true,true,138,20000,dimacs,sat,0,0,true,
satlib-ii,ii8d2,false,,true,true,152,20000,dimacs,sat,0,0,true,
satlib-ii,ii8e1,false,,true,true,131,20000,dimacs,sat,0,0,true,
satlib-ii,ii8e2,false,,true,true,136,20000,dimacs,sat,0,0,true,
satlib-jnh,jnh1,false,,true,true,151,20000,dimacs,sat,0,850,true,
satlib-jnh,jnh10,false,,false,true,150,20000,dimacs,sat,0,850,true,
satlib-jnh,jnh11,false,,false,true,148,20000,dimacs,sat,0,850,true,
satlib-jnh,jnh12,false,,true,true,146,20000,dimacs,sat,0,850,true,
satlib-jnh,jnh13,false,,false,true,128,20000,dimacs,sat,0,850,true,
satlib-jnh,jnh14,false,,false,true,149,20000,dimacs,sat,0,850,true,
satlib-jnh,jnh15,false,,false,true,141,20000,dimacs,sat,0,850,true,
satlib-jnh,jnh16,false,,false,true,140,20000,dimacs,sat,0,850,true,
satlib-jnh,jnh17,false,,true,true,139,20000,dimacs,sat,0,850,true,
satlib-jnh,jnh18,false,,false,true,137,20000,dimacs,sat,0,850,true,
satlib-jnh,jnh19,false,,false,true,143,20000,dimacs,sat,0,850,true,
satlib-jnh,jnh2,false,,false,true,129,20000,dimacs,sat,0,850,true,
satlib-jnh,jnh20,false,,false,true,155,20000,dimacs,sat,0,850,true,
satlib-jnh,jnh201,false,,true,true,147,20000,dimacs,sat,0,800,true,
satlib-jnh,jnh202,false,,false,true,139,20000,dimacs,sat,0,800,true,
satlib-jnh,jnh203,false,,false,true,130,20000,dimacs,sat,0,800,true,
satlib-jnh,jnh204,false,,true,true,156,20000,dimacs,sat,0,800,true,
satlib-jnh,jnh205,false,,true,true,144,20000,dimacs,sat,0,800,true,
satlib-jnh,jnh206,false,,false,true,123,20000,dimacs,sat,0,800,true,
satlib-jnh,jnh207,false,,true,true,138,20000,dimacs,sat,0,800,true,
satlib-jnh,jnh208,false,,false,true,136,20000,dimacs,sat,0,800,true,
satlib-jnh,jnh209,false,,true,true,139,20000,dimacs,sat,0,800,true,
satlib-jnh,jnh210,false,,true,true,131,20000,dimacs,sat,0,800,true,
satlib-jnh,jnh211,false,,false,true,144,20000,dimacs,sat,0,800,true,
satlib-jnh,jnh212,false,,true,true,146,20000,dimacs,sat,0,800,true,
satlib-jnh,jnh213,false,,true,true,151,20000,dimacs,sat,0,800,true,
satlib-jnh,jnh214,false,,false,true,136,20000,dimacs,sat,0,800,true,
satlib-jnh,jnh215,false,,false,true,135,20000,dimacs,sat,0,800,true,
satlib-jnh,jnh216,false,,false,true,138,20000,dimacs,sat,0,800,true,
satlib-jnh,jnh217,false,,true,true,138,20000,dimacs,sat,0,800,true,
satlib-jnh,jnh218,false,,true,true,136,20000,dimacs,sat,0,800,true,
satlib-jnh,jnh219,false,,false,true,121,20000,dimacs,sat,0,800,true,
satlib-jnh,jnh220,false,,true,true,153,20000,dimacs,sat,0,800,true,
satlib-jnh,jnh3,false,,false,true,143,20000,dimacs,sat,0,850,true,
satlib-jnh,jnh301,false,,true,true,140,20000,dimacs,sat,0,900,true,
satlib-jnh,jnh302,false,,false,true,129,20000,dimacs,sat,0,900,true,
satlib-jnh,jnh303,false,,false,true,152,20000,dimacs,sat,0,900,true,
satlib-jnh,jnh304,false,,false,true,126,20000,dimacs,sat,0,900,true,
satlib-jnh,jnh305,false,,false,true,133,20000,dimacs,sat,0,900,true,
satlib-jnh,jnh306,false,,false,true,138,20000,dimacs,sat,0,900,true,
satlib-jnh,jnh307,false,,false,true,142,20000,dimacs,sat,0,900,true,
satlib-jnh,jnh308,false,,false,true,141,20000,dimacs,sat,0,900,true,
satlib-jnh,jnh309,false,,false,true,154,20000,dimacs,sat,0,900,true,
satlib-jnh,jnh310,false,,false,true,145,20000,dimacs,sat,0,900,true,
satlib-jnh,jnh4,false,,false,true,140,20000,dimacs,sat,0,850,true,
satlib-jnh,jnh5,false,,false,true,137,20000,dimacs,sat,0,850,true,
satlib-jnh,jnh6,false,,false,true,163,20000,dimacs,sat,0,850,true,
satlib-jnh,jnh7,false,,true,true,149,20000,dimacs,sat,0,850,true,
satlib-jnh,jnh8,false,,false,true,140,20000,dimacs,sat,0,850,true,
satlib-jnh,jnh9,false,,false,true,153,20000,dimacs,sat,0,850,true,
satlib-parity,par16-1,false,,true,true,140,20000,dimacs,sat,0,0,true,
satlib-parity,par16-1-c,false,,true,true,168,20000,dimacs,sat,0,0,true,
satlib-parity,par16-2,false,,true,true,159,20000,dimacs,sat,0,0,true,
satlib-parity,par16-2-c,false,,true,true,181,20000,dimacs,sat,0,0,true,
satlib-parity,par16-3,false,,true,true,163,20000,dimacs,sat,0,0,true,
satlib-parity,par16-3-c,false,,true,true,191,20000,dimacs,sat,0,0,true,
satlib-parity,par16-4,false,,true,true,149,20000,dimacs,sat,0,0,true,
satlib-parity,par16-4-c,false,,true,true,141,20000,dimacs,sat,0,0,true,
satlib-parity,par16-5,false,,true,true,174,20000,dimacs,sat,0,0,true,
satlib-parity,par16-5-c,false,,true,true,169,20000,dimacs,sat,0,0,true,
satlib-parity,par32-1,false,,,false,20000,20000,dimacs,sat,0,0,true,
satlib-parity,par32-1-c,false,,,false,20000,20000,dimacs,sat,0,0,true,
satlib-parity,par32-2,false,,,false,20000,20000,dimacs,sat,0,0,true,
satlib-parity,par32-2-c,false,,,false,20000,20000,dimacs,sat,0,0,true,
satlib-parity,par32-3,false,,,false,20000,20000,dimacs,sat,0,0,true,
satlib-parity,par32-3-c,false,,,false,20000,20000,dimacs,sat,0,0,true,
satlib-parity,par32-4,false,,,false,20000,20000,dimacs,sat,0,0,true,
satlib-parity,par32-4-c,false,,,false,20000,20000,dimacs,sat,0,0,true,
satlib-parity,par32-5,false,,,false,20000,20000,dimacs,sat,0,0,true,
satlib-parity,par32-5-c,false,,,false,20000,20000,dimacs,sat,0,0,true,
satlib-parity,par8-1,false,,true,true,147,20000,dimacs,sat,0,0,true,
satlib-parity,par8-1-c,false,,true,true,139,20000,dimacs,sat,0,0,true,
satlib-parity,par8-2,false,,true,true,146,20000,dimacs,sat,0,0,true,
satlib-parity,par8-2-c,false,,true,true,164,20000,dimacs,sat,0,0,true,
satlib-parity,par8-3,false,,true,true,133,20000,dimacs,sat,0,0,true,
satlib-parity,par8-3-c,false,,true,true,138,20000,dimacs,sat,0,0,true,
satlib-parity,par8-4,false,,true,true,140,20000,dimacs,sat,0,0,true,
satlib-parity,par8-4-c,false,,true,true,138,20000,dimacs,sat,0,0,true,
satlib-parity,par8-5,false,,true,true,153,20000,dimacs,sat,0,0,true,
satlib-parity,par8-5-c,false,,true,true,132,20000,dimacs,sat,0,0,true,
satlib-phole,hole10,false,,,false,20000,20000,dimacs,sat,0,561,true,
satlib-phole,hole6,false,,false,true,153,20000,dimacs,sat,0,133,true,
satlib-phole,hole7,false,,false,true,144,20000,dimacs,sat,0,204,true,
satlib-phole,hole8,false,,false,true,211,20000,dimacs,sat,0,297,true,
satlib-phole,hole9,false,,false,true,1372,20000,dimacs,sat,0,414,true,
satlib-uf100-430,uf100-430-1,false,,false,true,20159,20000,dimacs,sat,0,430,true,
satlib-uf100-430,uf100-430-2,false,,false,true,20143,20000,dimacs,sat,0,430,true,
satlib-uf100-430,uf100-430-3,false,,false,true,20136,20000,dimacs,sat,0,430,true,
satlib-uf100-430,uf100-430-4,false,,false,true,20139,20000,dimacs,sat,0,430,true,
satlib-uf100-430,uf100-430-5,false,,false,true,20142,20000,dimacs,sat,0,430,true,
satlib-uf125-538,uf125-538-1,false,,false,true,20169,20000,dimacs,sat,0,538,true,
satlib-uf125-538,uf125-538-2,false,,false,true,20149,20000,dimacs,sat,0,538,true,
satlib-uf125-538,uf125-538-3,false,,false,true,20158,20000,dimacs,sat,0,538,true,
satlib-uf125-538,uf125-538-4,false,,false,true,20133,20000,dimacs,sat,0,538,true,
satlib-uf125-538,uf125-538-5,false,,false,true,20134,20000,dimacs,sat,0,538,true,
satlib-uf150-645,uf150-645-1,false,,false,true,20193,20000,dimacs,sat,0,645,true,
satlib-uf150-645,uf150-645-2,false,,false,true,20153,20000,dimacs,sat,0,645,true,
satlib-uf150-645,uf150-645-3,false,,false,true,20147,20000,dimacs,sat,0,645,true,
satlib-uf150-645,uf150-645-4,false,,false,true,20153,20000,dimacs,sat,0,645,true,
satlib-uf150-645,uf150-645-5,false,,false,true,20146,20000,dimacs,sat,0,645,true,
satlib-uf175-753,uf175-753-1,false,,false,true,20189,20000,dimacs,sat,0,753,true,
satlib-uf175-753,uf175-753-2,false,,false,true,20150,20000,dimacs,sat,0,753,true,
satlib-uf175-753,uf175-753-3,false,,false,true,20134,20000,dimacs,sat,0,753,true,
satlib-uf175-753,uf175-753-4,false,,false,true,20141,20000,dimacs,sat,0,753,true,
satlib-uf175-753,uf175-753-5,false,,false,true,20138,20000,dimacs,sat,0,753,true,
satlib-uf20-91,uf20-1,false,,false,true,20165,20000,dimacs,sat,0,91,true,
satlib-uf20-91,uf20-2,false,,false,true,20142,20000,dimacs,sat,0,91,true,
satlib-uf20-91,uf20-3,false,,false,true,20165,20000,dimacs,sat,0,91,true,
satlib-uf20-91,uf20-4,false,,false,true,20136,20000,dimacs,sat,0,91,true,
satlib-uf20-91,uf20-5,false,,false,true,20153,20000,dimacs,sat,0,91,true,
satlib-uf200-860,uf200-860-1,false,,false,true,20176,20000,dimacs,sat,0,860,true,
satlib-uf200-860,uf200-860-2,false,,false,true,20163,20000,dimacs,sat,0,860,true,
satlib-uf200-860,uf200-860-3,false,,false,true,20146,20000,dimacs,sat,0,860,true,
satlib-uf200-860,uf200-860-4,false,,false,true,20131,20000,dimacs,sat,0,860,true,
satlib-uf200-860,uf200-860-5,false,,false,true,20172,20000,dimacs,sat,0,860,true,
satlib-uf225-960,uf225-960-1,false,,false,true,20177,20000,dimacs,sat,0,960,true,
satlib-uf225-960,uf225-960-2,false,,false,true,20150,20000,dimacs,sat,0,960,true,
satlib-uf225-960,uf225-960-3,false,,false,true,20161,20000,dimacs,sat,0,960,true,
satlib-uf225-960,uf225-960-4,false,,false,true,20138,20000,dimacs,sat,0,960,true,
satlib-uf225-960,uf225-960-5,false,,false,true,20172,20000,dimacs,sat,0,960,true,
satlib-uf250-1065,uf250-1065-1,false,,false,true,20224,20000,dimacs,sat,0,1065,true,
satlib-uf250-1065,uf250-1065-2,false,,false,true,20136,20000,dimacs,sat,0,1065,true,
satlib-uf250-1065,uf250-1065-3,false,,false,true,20159,20000,dimacs,sat,0,1065,true,
satlib-uf250-1065,uf250-1065-4,false,,false,true,20145,20000,dimacs,sat,0,1065,true,
satlib-uf250-1065,uf250-1065-5,false,,false,true,20129,20000,dimacs,sat,0,1065,true,
satlib-uf50-218,uf50-218-1,false,,false,true,20195,20000,dimacs,sat,0,218,true,
satlib-uf50-218,uf50-218-2,false,,false,true,20130,20000,dimacs,sat,0,218,true,
satlib-uf50-218,uf50-218-3,false,,false,true,20130,20000,dimacs,sat,0,218,true,
satlib-uf50-218,uf50-218-4,false,,false,true,20136,20000,dimacs,sat,0,218,true,
satlib-uf50-218,uf50-218-5,false,,false,true,20133,20000,dimacs,sat,0,218,true,
satlib-uf75-325,uf75-325-1,false,,false,true,20184,20000,dimacs,sat,0,325,true,
satlib-uf75-325,uf75-325-2,false,,false,true,20128,20000,dimacs,sat,0,325,true,
satlib-uf75-325,uf75-325-3,false,,false,true,20137,20000,dimacs,sat,0,325,true,
satlib-uf75-325,uf75-325-4,false,,false,true,20143,20000,dimacs,sat,0,325,true,
satlib-uf75-325,uf75-325-5,false,,false,true,20131,20000,dimacs,sat,0,325,true,
satlib-uuf100-430,uuf100-430-1,false,,false,true,20182,20000,dimacs,sat,0,430,true,
satlib-uuf100-430,uuf100-430-2,false,,false,true,20130,20000,dimacs,sat,0,430,true,
satlib-uuf100-430,uuf100-430-3,false,,false,true,20147,20000,dimacs,sat,0,430,true,
satlib-uuf100-430,uuf100-430-4,false,,false,true,20139,20000,dimacs,sat,0,430,true,
satlib-uuf100-430,uuf100-430-5,false,,false,true,20127,20000,dimacs,sat,0,430,true,
satlib-uuf125-538,uuf125-538-1,false,,false,true,20179,20000,dimacs,sat,0,538,true,
satlib-uuf125-538,uuf125-538-2,false,,false,true,20141,20000,dimacs,sat,0,538,true,
satlib-uuf125-538,uuf125-538-3,false,,false,true,20149,20000,dimacs,sat,0,538,true,
satlib-uuf125-538,uuf125-538-4,false,,false,true,20141,20000,dimacs,sat,0,538,true,
satlib-uuf125-538,uuf125-538-5,false,,false,true,20129,20000,dimacs,sat,0,538,true,
satlib-uuf150-645,uuf150-645-1,false,,false,true,20175,20000,dimacs,sat,0,645,true,
satlib-uuf150-645,uuf150-645-2,false,,false,true,20152,20000,dimacs,sat,0,645,true,
satlib-uuf150-645,uuf150-645-3,false,,false,true,20134,20000,dimacs,sat,0,645,true,
satlib-uuf150-645,uuf150-645-4,false,,false,true,20148,20000,dimacs,sat,0,645,true,
satlib-uuf150-645,uuf150-645-5,false,,false,true,20160,20000,dimacs,sat,0,645,true,
satlib-uuf175-753,uuf175-753-1,false,,false,true,20176,20000,dimacs,sat,0,753,true,
satlib-uuf175-753,uuf175-753-2,false,,false,true,20140,20000,dimacs,sat,0,753,true,
satlib-uuf175-753,uuf175-753-3,false,,false,true,20166,20000,dimacs,sat,0,753,true,
satlib-uuf175-753,uuf175-753-4,false,,false,true,20141,20000,dimacs,sat,0,753,true,
satlib-uuf175-753,uuf175-753-5,false,,false,true,20134,20000,dimacs,sat,0,753,true,
satlib-uuf200-860,uuf200-860-1,false,,false,true,20204,20000,dimacs,sat,0,860,true,
satlib-uuf200-860,uuf200-860-2,false,,false,true,20125,20000,dimacs,sat,0,860,true,
satlib-uuf200-860,uuf200-860-3,false,,false,true,20134,20000,dimacs,sat,0,860,true,
satlib-uuf200-860,uuf200-860-4,false,,false,true,20150,20000,dimacs,sat,0,860,true,
satlib-uuf200-860,uuf200-860-5,false,,false,true,20137,20000,dimacs,sat,0,860,true,
satlib-uuf225-960,uuf225-960-1,false,,false,true,20195,20000,dimacs,sat,0,960,true,
satlib-uuf225-960,uuf225-960-2,false,,false,true,20163,20000,dimacs,sat,0,960,true,
satlib-uuf225-960,uuf225-960-3,false,,false,true,20139,20000,dimacs,sat,0,960,true,
satlib-uuf225-960,uuf225-960-4,false,,false,true,20126,20000,dimacs,sat,0,960,true,
satlib-uuf225-960,uuf225-960-5,false,,false,true,20161,20000,dimacs,sat,0,960,true,
satlib-uuf250-1065,uuf250-1065-1,false,,false,true,20191,20000,dimacs,sat,0,1065,true,
satlib-uuf250-1065,uuf250-1065-2,false,,false,true,20157,20000,dimacs,sat,0,1065,true,
satlib-uuf250-1065,uuf250-1065-3,false,,false,true,20151,20000,dimacs,sat,0,1065,true,
satlib-uuf250-1065,uuf250-1065-4,false,,false,true,20130,20000,dimacs,sat,0,1065,true,
satlib-uuf250-1065,uuf250-1065-5,false,,false,true,20160,20000,dimacs,sat,0,1065,true,
satlib-uuf50-218,uuf50-218-1,false,,false,true,20158,20000,dimacs,sat,0,218,true,
satlib-uuf50-218,uuf50-218-2,false,,false,true,20154,20000,dimacs,sat,0,218,true,
satlib-uuf50-218,uuf50-218-3,false,,false,true,20145,20000,dimacs,sat,0,218,true,
satlib-uuf50-218,uuf50-218-4,false,,false,true,20132,20000,dimacs,sat,0,218,true,
satlib-uuf50-218,uuf50-218-5,false,,false,true,20132,20000,dimacs,sat,0,218,true,
satlib-uuf75-325,uuf75-325-1,false,,false,true,20193,20000,dimacs,sat,0,325,true,
satlib-uuf75-325,uuf75-325-2,false,,false,true,20137,20000,dimacs,sat,0,325,true,
satlib-uuf75-325,uuf75-325-3,false,,false,true,20141,20000,dimacs,sat,0,325,true,
satlib-uuf75-325,uuf75-325-4,false,,false,true,20159,20000,dimacs,sat,0,325,true,
satlib-uuf75-325,uuf75-325-5,false,,false,true,20160,20000,dimacs,sat,0,325,true,
