suite,problem,maximize,objective,feasible,proven,elapsedMs,budgetMs,format,structure,numGlobal,numLinear,boolHeavy,logic
hakank,18_hole_golf/18_hole_golf,false,,true,false,95,10000,minizinc,linear,0,2,false,
hakank,18_hole_golf/18_hole_golf2,false,,true,false,86,10000,minizinc,linear,0,2,false,
hakank,1RM/1RM,false,,,false,10000,10000,minizinc,arithmetic,0,0,false,
hakank,1d_rubiks_cube/1d_rubiks_cube,false,8.0,true,true,434,10000,minizinc,global,1,0,false,
hakank,1d_rubiks_cube/1d_rubiks_cube2,false,21.0,true,false,6727,10000,minizinc,global,1,0,false,
hakank,225_divisor/225_divisor,false,1.11111111E10,true,true,74,10000,minizinc,linear,0,1,false,
hakank,30_bottles/30_bottles,false,,true,false,165,10000,minizinc,global,1,7,false,
hakank,3_coins/3_coins,false,,true,false,92,10000,minizinc,global,2,2,false,
hakank,3_jugs/3_jugs,false,7.0,true,true,1,10000,minizinc,linear,0,3,false,
hakank,3_jugs/3_jugs2,false,,true,true,1,10000,minizinc,arithmetic,0,0,false,
hakank,3_jugs/3_jugs2_all,false,,true,false,91,10000,minizinc,arithmetic,0,0,false,
hakank,3_jugs/shortest_path1,false,31.0,true,true,5,10000,minizinc,global,2,4,false,
hakank,3_jugs/shortest_path2,false,,true,true,1,10000,minizinc,arithmetic,0,0,false,
hakank,3_jugs/wolf_goat_cabbage_lp,false,,true,false,152,10000,minizinc,arithmetic,0,0,false,
hakank,3sum/3sum,false,,true,false,86,10000,minizinc,linear,0,2,false,
hakank,50_puzzle/50_puzzle,false,3.0,true,true,0,10000,minizinc,linear,0,2,false,
hakank,5x5_puzzle/5x5_puzzle,false,15.0,true,true,50,10000,minizinc,linear,0,3,false,
hakank,99_bottles_of_beer/99_bottles_of_beer,false,,true,false,98,10000,minizinc,arithmetic,0,0,false,
hakank,K4P2GracefulGraph/K4P2GracefulGraph,false,,true,false,332,10000,minizinc,global,2,0,false,
hakank,K4P2GracefulGraph/K4P2GracefulGraph2,false,,true,false,328,10000,minizinc,global,2,0,false,
hakank,M/M12,false,20.0,true,true,967,10000,minizinc,global,1,0,false,
hakank,M/M12b,false,29.0,true,false,3731,10000,minizinc,global,3,0,false,
hakank,OandX/OandX,false,4.0,true,true,410,10000,minizinc,linear,0,4,false,
hakank,a_card_trick/a_card_trick_1,false,,true,false,1517,10000,minizinc,global,8,1,false,
hakank,a_league_of_their_own_enigma/a_league_of_their_own_enigma_1217,false,,true,false,172,10000,minizinc,global,4,8,false,
hakank,a_puzzle/a_puzzle,false,,true,false,96,10000,minizinc,arithmetic,0,0,false,
hakank,a_round_of_golf/a_round_of_golf,false,,true,false,179,10000,minizinc,global,3,0,false,
hakank,aaa_bbb_ccc/aaa_bbb_ccc,false,,true,false,173,10000,minizinc,global,1,0,false,
hakank,abbott/abbott,true,52.0,true,true,45,10000,minizinc,linear,0,7,false,
hakank,abc_endview/abc_endview,false,,true,false,158,10000,minizinc,global,5,0,false,
hakank,abpuzzle/abpuzzle,false,,true,false,88,10000,minizinc,linear,0,4,false,
hakank,added_corner/added_corner,false,,true,false,165,10000,minizinc,global,1,0,false,
hakank,adjacency_matrix_from_degrees/adjacency_matrix_from_degrees,false,,true,false,88,10000,minizinc,linear,0,2,false,
hakank,age_changing/age_changing,false,,,false,10000,10000,minizinc,global,2,1,false,
hakank,ages/ages,false,,,false,10000,10000,minizinc,arithmetic,0,0,false,
hakank,ages/ages2,false,,true,false,85,10000,minizinc,arithmetic,0,0,false,
hakank,agprice/agprice,false,,,false,10000,10000,minizinc,linear,0,17,false,
hakank,alien/alien,false,,,false,10000,10000,minizinc,linear,0,7,false,
hakank,all_differ_from_at_least_k_pos/all_differ_from_at_least_k_pos,false,,true,false,97,10000,minizinc,linear,0,1,false,
hakank,all_equal_me/all_equal_me,false,,true,false,97,10000,minizinc,global,2,0,false,
hakank,all_interval/all_interval,false,,true,false,150,10000,minizinc,global,2,0,false,
hakank,all_interval/all_interval1,false,,true,false,200,10000,minizinc,global,1,0,false,
hakank,all_interval/all_interval2,false,,true,false,146,10000,minizinc,arithmetic,0,0,false,
hakank,all_interval/all_interval3,false,,true,false,138,10000,minizinc,arithmetic,0,0,false,
hakank,all_interval/all_interval4,false,,true,false,598,10000,minizinc,global,5,0,false,
hakank,all_interval/all_interval5,false,,true,false,144,10000,minizinc,arithmetic,0,0,false,
hakank,all_interval/all_interval6,false,,true,false,275,10000,minizinc,global,4,0,false,
hakank,all_min_dist/all_min_dist,false,,true,false,95,10000,minizinc,arithmetic,0,0,false,
hakank,all_paths_graph/all_paths_graph,false,4.0,true,true,17,10000,minizinc,global,1,1,false,
hakank,alldifferent_consecutive_values/alldifferent_consecutive_values,false,,true,false,147,10000,minizinc,global,1,0,false,
hakank,alldifferent_cst/alldifferent_cst,false,,true,false,172,10000,minizinc,global,1,0,false,
hakank,alldifferent_except_0_me/alldifferent_except_0_me,false,,true,false,177,10000,minizinc,global,2,0,false,
hakank,alldifferent_explain/alldifferent_explain,false,,true,false,189,10000,minizinc,global,2,0,false,
hakank,alldifferent_interval/alldifferent_interval,false,,true,false,149,10000,minizinc,global,1,0,false,
hakank,alldifferent_modulo/alldifferent_modulo,false,,true,false,189,10000,minizinc,global,1,0,false,
hakank,alldifferent_on_intersection/alldifferent_on_intersection,false,,true,false,104,10000,minizinc,linear,0,2,false,
hakank,alldifferent_pairs/alldifferent_pairs,false,,true,false,212,10000,minizinc,global,1,0,false,
hakank,alldifferent_partition/alldifferent_partition,false,,true,false,182,10000,minizinc,global,1,2,false,
hakank,alldifferent_same_value/alldifferent_same_value,false,,true,false,179,10000,minizinc,global,1,1,false,
hakank,alldifferent_soft/alldifferent_soft,false,,true,false,189,10000,minizinc,global,2,3,false,
hakank,allocating_developments/allocating_developments,false,,true,false,203,10000,minizinc,linear,0,1,false,
hakank,allperm/allperm,false,,true,false,164,10000,minizinc,global,1,0,false,
hakank,among_diff/among_diff_0,false,,true,false,100,10000,minizinc,linear,0,2,false,
hakank,among_interval/among_interval,false,,true,false,150,10000,minizinc,linear,0,1,false,
hakank,among_low_up/among_low_up,false,,true,false,155,10000,minizinc,linear,0,2,false,
hakank,among_modulo/among_modulo,false,,true,false,144,10000,minizinc,global,1,1,false,
hakank,among_seq/among_seq,false,,true,false,111,10000,minizinc,linear,0,2,false,
hakank,and/and,false,,true,false,96,10000,minizinc,linear,0,1,false,
hakank,anniversaries/anniversaries,false,,true,false,197,10000,minizinc,global,3,0,false,
hakank,another_kind_of_magic_square/another_kind_of_magic_square,false,,true,false,256,10000,minizinc,global,1,1,false,
hakank,antisymmetric/antisymmetric,false,,true,false,117,10000,minizinc,arithmetic,0,0,false,
hakank,appointment_scheduling/appointment_scheduling,false,,true,false,181,10000,minizinc,linear,0,3,false,
hakank,appointment_scheduling_set/appointment_scheduling_set,false,,true,false,143,10000,minizinc,global,1,0,false,
hakank,appointment_scheduling_set/appointment_scheduling_set2,false,,,false,10000,10000,minizinc,global,1,0,false,
hakank,arbitrage_loops/arbitrage_loops,false,,,false,10000,10000,minizinc,global,1,0,false,
hakank,arch_friends/arch_friends,false,,true,false,172,10000,minizinc,global,2,0,false,
hakank,archery_puzzle/archery_puzzle,false,0.0,true,true,92,10000,minizinc,linear,0,1,false,
hakank,are_you_the_one/are_you_the_one,false,,true,false,181,10000,minizinc,linear,0,3,false,
hakank,argmax/argmax,false,,true,false,174,10000,minizinc,global,16,0,false,
hakank,arith/arith,false,,true,false,98,10000,minizinc,arithmetic,0,0,false,
hakank,arith_or/arith_or,false,,true,false,93,10000,minizinc,arithmetic,0,0,false,
hakank,arith_sliding/arith_sliding,false,,true,false,94,10000,minizinc,linear,0,1,false,
hakank,arithmetic_ring/arithmetic_ring,false,,true,false,195,10000,minizinc,global,1,0,false,
hakank,arrow/arrow,true,5.73618492E8,true,true,81,10000,minizinc,global,1,1,false,
hakank,artificial_intelligence/artificial_intelligence,false,,true,false,322,10000,minizinc,global,1,0,false,
hakank,assign_and_counts/assign_and_counts,false,,true,false,99,10000,minizinc,linear,0,1,false,
hakank,assign_and_nvalues/assign_and_nvalues,false,,true,false,152,10000,minizinc,global,1,0,false,
hakank,assignment/assignment,false,11.0,true,true,1,10000,minizinc,linear,0,3,false,
hakank,assignment/assignment2,false,181.0,true,true,3,10000,minizinc,linear,0,4,false,
hakank,assignment/assignment2_2,false,,true,true,3,10000,minizinc,arithmetic,0,0,false,
hakank,assignment/assignment3,true,30.0,true,true,2,10000,minizinc,linear,0,3,false,
hakank,assignment/assignment4,false,,true,false,156,10000,minizinc,global,2,0,false,
hakank,assignment/assignment5,false,8.0,true,true,2,10000,minizinc,linear,0,4,false,
hakank,assignment/assignment6,false,76.0,true,true,3,10000,minizinc,linear,0,5,false,
hakank,atleast_nvalue/atleast_nvalue,false,,true,false,85,10000,minizinc,arithmetic,0,0,false,
hakank,atmost1_me/atmost1_me,false,,true,false,160,10000,minizinc,global,1,0,false,
hakank,atmost_nvalue/atmost_nvalue,false,,true,false,95,10000,minizinc,arithmetic,0,0,false,
hakank,atom_smasher/atom_smasher,false,,true,false,165,10000,minizinc,global,1,0,false,
hakank,autoref/autoref,false,,true,false,176,10000,minizinc,global,2,1,false,
hakank,average_avoiding/average_avoiding,false,,,false,10000,10000,minizinc,global,7,2,false,
hakank,averbach_1./averbach_1.2,false,,true,false,152,10000,minizinc,global,5,0,false,
hakank,averbach_1./averbach_1.3,false,,true,false,144,10000,minizinc,global,2,0,false,
hakank,averbach_1./averbach_1.4,false,,true,false,147,10000,minizinc,global,3,0,false,
hakank,averbach_1./averbach_1.5,false,,true,false,93,10000,minizinc,global,2,4,false,
hakank,babysitting/babysitting,false,,true,false,163,10000,minizinc,global,2,0,false,
hakank,balance/balance,false,,true,false,175,10000,minizinc,global,4,0,false,
hakank,balance_interval/balance_interval,false,,true,false,178,10000,minizinc,global,5,1,false,
hakank,balance_modulo/balance_modulo,false,,true,false,172,10000,minizinc,global,3,1,false,
hakank,balance_partition/balance_partition,false,,true,false,159,10000,minizinc,global,3,1,false,
hakank,balanced_brackets/balanced_brackets,false,,true,false,161,10000,minizinc,global,3,1,false,
hakank,balanced_matrix/balanced_matrix,false,,true,false,95,10000,minizinc,linear,0,2,false,
hakank,bales_of_hay/bales_of_hay,false,,true,false,223,10000,minizinc,arithmetic,0,0,false,
hakank,bananas/bananas,false,,,false,10000,10000,minizinc,global,1,0,false,
hakank,bank_card/bank_card,false,,true,false,167,10000,minizinc,global,1,0,false,
hakank,barrels/barrels,false,,true,false,202,10000,minizinc,global,4,1,false,
hakank,before_and_after/before_and_after,false,,true,false,183,10000,minizinc,global,3,0,false,
hakank,bertrand_russell_puzzle/bertrand_russell_puzzle,false,,true,false,190,10000,minizinc,global,1,0,false,
hakank,best_host/best_host,false,,,false,10000,10000,minizinc,global,2,1,false,
hakank,best_shuffle/best_shuffle,false,,true,false,175,10000,minizinc,global,3,1,false,
hakank,between_min_max/between_min_max,false,,true,false,160,10000,minizinc,global,4,0,false,
hakank,bin_packing/bin_packing2,false,,true,false,92,10000,minizinc,global,5,1,false,
hakank,bin_packing_me/bin_packing_me,false,17.0,true,true,6202,10000,minizinc,global,1,5,false,
hakank,binary_matrix2array/binary_matrix2array,false,,true,false,102,10000,minizinc,linear,0,2,false,
hakank,binary_puzzle/binary_puzzle,false,,true,false,184,10000,minizinc,global,4,2,false,
hakank,binary_sudoku/binary_sudoku,false,,true,false,246,10000,minizinc,linear,0,3,false,
hakank,binary_tree/binary_tree,false,,true,false,280,10000,minizinc,global,2,0,false,
hakank,binero/binero,false,,true,false,183,10000,minizinc,global,5,3,false,
hakank,binoxxo/binoxxo,false,,true,false,661,10000,minizinc,linear,0,6,false,
hakank,bipartite/bipartite,false,,true,false,170,10000,minizinc,pseudo-boolean,0,0,true,
hakank,birthday_paradox/birthday_paradox,false,,,false,10000,10000,minizinc,arithmetic,0,0,false,
hakank,birthdays/birthdays_2010,false,,true,false,92,10000,minizinc,arithmetic,0,0,false,
hakank,birthdays_coins/birthdays_coins,false,,true,false,95,10000,minizinc,linear,0,2,false,
hakank,bit_vector/bit_vector1,false,,true,false,95,10000,minizinc,linear,0,1,false,
hakank,blending/blending,false,,,false,10000,10000,minizinc,linear,0,8,false,
hakank,blending_problem/blending_problem,false,180.0,true,true,3,10000,minizinc,global,2,5,false,
hakank,blueberry_muffins/blueberry_muffins,false,,true,false,182,10000,minizinc,global,3,0,false,
hakank,bobsledders_puzzle/bobsledders_puzzle,false,,true,false,183,10000,minizinc,global,4,0,false,
hakank,book_buy/book_buy,false,,true,false,88,10000,minizinc,arithmetic,0,0,false,
hakank,book_discount/book_discount,false,,,false,10000,10000,minizinc,linear,0,4,false,
hakank,box/box,false,,,false,10000,10000,minizinc,global,1,0,false,
hakank,bpp/bpp,false,3.0,true,true,3,10000,minizinc,linear,0,9,false,
hakank,bracket_partitioning/bracket_partitioning,true,7.0,true,true,519,10000,minizinc,global,2,6,false,
hakank,breaking_news/breaking_news,false,,true,false,200,10000,minizinc,global,2,0,false,
hakank,bridge_and_torch_problem/bridge_and_torch_problem,false,2.0,true,true,1,10000,minizinc,global,2,2,false,
hakank,bridges_to_somewhere/bridges_to_somewhere,false,58.0,true,true,75,10000,minizinc,global,2,1,false,
hakank,broken_weights/broken_weights,false,27.0,true,true,51,10000,minizinc,linear,0,3,false,
hakank,buckets/buckets,false,6.0,true,true,76,10000,minizinc,global,2,7,false,
hakank,building_a_house/building_a_house,false,5000.0,true,true,4,10000,minizinc,global,2,1,false,
hakank,building_a_house/building_a_house2,false,20.0,true,true,2,10000,minizinc,global,2,1,false,
hakank,building_a_house_model/building_a_house_model,false,,,false,10000,10000,minizinc,global,2,2,false,
hakank,building_blocks/building_blocks,false,,true,false,171,10000,minizinc,global,2,1,false,
hakank,building_design/building_design,false,,,false,10000,10000,minizinc,arithmetic,0,0,false,
hakank,bus/bus,false,,true,false,93,10000,minizinc,arithmetic,0,0,false,
hakank,bus_scheduling/bus_scheduling,false,26.0,true,true,1,10000,minizinc,global,1,2,false,
hakank,bus_scheduling_csplib/bus_scheduling_csplib,false,,,false,10000,10000,minizinc,global,1,2,false,
hakank,calculs_d_enfer/calculs_d_enfer,false,16.0,true,true,121,10000,minizinc,global,3,0,false,
hakank,calculs_d_enfer/calculs_d_enfer2,false,16.0,true,true,126,10000,minizinc,global,3,1,false,
hakank,calvin_puzzle/calvin_puzzle,false,,true,false,450,10000,minizinc,global,1,0,false,
hakank,candies/candies,false,2358.0,true,true,6,10000,minizinc,global,1,1,false,
hakank,candles/candles,false,,,false,10000,10000,minizinc,global,2,2,false,
hakank,capital_budget/capital_budget2,true,42.0,true,true,0,10000,minizinc,linear,0,3,false,
hakank,car/car,false,82.0,true,true,7,10000,minizinc,linear,0,5,false,
hakank,car_painting/car_painting,false,5.0,true,true,11,10000,minizinc,global,3,2,false,
hakank,car_talk_odometer/car_talk_odometer,false,11.0,true,true,45,10000,minizinc,linear,0,1,false,
hakank,cardinality_atleast/cardinality_atleast,false,,true,false,92,10000,minizinc,global,2,1,false,
hakank,cardinality_atmost/cardinality_atmost,false,,true,false,98,10000,minizinc,global,2,1,false,
hakank,cardinality_atmost_partition/cardinality_atmost_partition,false,,true,false,153,10000,minizinc,global,2,1,false,
hakank,carpool_fairness/carpool_fairness,false,3.0,true,true,3,10000,minizinc,global,2,13,false,
hakank,cashier_change/cashier_change,false,,true,false,177,10000,minizinc,linear,0,4,false,
hakank,catalan_numbers/catalan_numbers,false,,true,false,92,10000,minizinc,linear,0,2,false,
hakank,catenary/catenary,false,,,false,10000,10000,minizinc,linear,0,1,false,
hakank,celsius_fahrenheit/celsius_fahrenheit,false,,,false,10000,10000,minizinc,arithmetic,0,0,false,
hakank,chain_of_primes/chain_of_primes,false,,true,false,151,10000,minizinc,global,1,0,false,
hakank,chandelier_balancing/chandelier_balancing,false,,true,false,202,10000,minizinc,global,1,0,false,
hakank,change/change,false,,true,false,101,10000,minizinc,linear,0,1,false,
hakank,change_pair/change_pair,false,,true,false,115,10000,minizinc,linear,0,1,false,
hakank,change_partition/change_partition,false,,true,false,164,10000,minizinc,linear,0,1,false,
hakank,changepoint_detection/changepoint_detection,false,,,false,10000,10000,minizinc,linear,0,6,false,
hakank,changepoint_detection_int/changepoint_detection_int,false,106.0,true,true,177,10000,minizinc,linear,0,8,false,
hakank,checker_puzzle/checker_puzzle,false,,true,false,91,10000,minizinc,global,1,4,false,
hakank,chessset/chessset,true,1330.0,true,true,2,10000,minizinc,arithmetic,0,0,false,
hakank,chinese_remainder_problem/chinese_remainder_problem,false,1808.0,true,true,0,10000,minizinc,arithmetic,0,0,false,
hakank,choose_your_crew/choose_your_crew,false,268.0,true,true,52,10000,minizinc,global,2,5,false,
hakank,choosing_teams/choosing_teams,false,,true,false,215,10000,minizinc,global,1,0,false,
hakank,choosing_teams/choosing_teams2,false,,true,false,148,10000,minizinc,global,1,0,false,
hakank,circle_intersection/circle_intersection,false,,,false,10000,10000,minizinc,arithmetic,0,0,false,
hakank,circling_squares/circling_squares,false,,true,false,250,10000,minizinc,global,1,0,false,
hakank,circuit_path/circuit_path,false,,,false,10000,10000,minizinc,global,6,0,false,
hakank,circuit_test/circuit_test,false,,true,false,189,10000,minizinc,global,4,0,false,
hakank,circular/circular,false,,true,false,159,10000,minizinc,global,1,0,false,
hakank,circular_change/circular_change,false,,true,false,97,10000,minizinc,global,1,1,false,
hakank,circular_except/circular_except_0,false,,true,false,168,10000,minizinc,global,2,1,false,
hakank,classify_department_employees/classify_department_employees,false,,true,false,148,10000,minizinc,linear,0,2,false,
hakank,climbing_stairs/climbing_stairs,false,,true,false,153,10000,minizinc,linear,0,2,false,
hakank,clique/clique,true,6.0,true,true,236,10000,minizinc,arithmetic,0,0,false,
hakank,clock_triplets/clock_triplets,false,,true,false,160,10000,minizinc,global,1,0,false,
hakank,coins/coins,false,8.0,true,true,0,10000,minizinc,linear,0,2,false,
hakank,coins/coins3,false,8.0,true,true,347,10000,minizinc,global,2,4,false,
hakank,coins/coins3b,false,8.0,true,true,1489,10000,minizinc,global,2,5,false,
hakank,coins/coins_41_58,false,72.0,true,true,34,10000,minizinc,global,1,2,false,
hakank,coins_grid/coins_grid,false,13668.0,true,true,741,10000,minizinc,linear,0,3,false,
hakank,coins_problem/coins_problem,false,8.0,true,true,1719,10000,minizinc,linear,0,2,false,
hakank,col_sum_puzzle/col_sum_puzzle,false,,true,false,89,10000,minizinc,linear,0,4,false,
hakank,collatz/collatz,false,,true,false,489,10000,minizinc,arithmetic,0,0,false,
hakank,color/color,false,,true,false,86,10000,minizinc,arithmetic,0,0,false,
hakank,color_simple/color_simple,false,4.0,true,true,44,10000,minizinc,arithmetic,0,0,false,
hakank,coloring_ip/coloring_ip,false,4.0,true,true,33,10000,minizinc,global,1,2,false,
hakank,combination_locks/combination_locks,false,,true,false,143,10000,minizinc,linear,0,1,false,
hakank,combinatorial_auction/combinatorial_auction,true,11.0,true,true,56,10000,minizinc,linear,0,2,false,
hakank,common/common,false,,true,false,170,10000,minizinc,linear,0,3,false,
hakank,common_interval/common_interval,false,,true,false,158,10000,minizinc,linear,0,3,false,
hakank,common_modulo/common_modulo,false,,true,false,175,10000,minizinc,linear,0,2,false,
hakank,common_partition/common_partition,false,,true,false,175,10000,minizinc,global,1,4,false,
hakank,company_competition/company_competition,false,14.0,true,true,228,10000,minizinc,global,1,11,false,
hakank,cond_lex_cost/cond_lex_cost,false,,true,false,96,10000,minizinc,arithmetic,0,0,false,
hakank,cond_lex_less/cond_lex_less,false,,true,false,97,10000,minizinc,arithmetic,0,0,false,
hakank,conference/conference,false,4.0,true,true,20,10000,minizinc,global,3,0,false,
hakank,config/config,false,550.0,true,true,5,10000,minizinc,linear,0,4,false,
hakank,congress/congress,false,,true,false,149,10000,minizinc,global,2,0,false,
hakank,consecutive_digits/consecutive_digits,false,,true,false,209,10000,minizinc,global,2,1,false,
hakank,consecutive_values/consecutive_values,false,,true,false,166,10000,minizinc,global,1,0,false,
hakank,constraint/constraint,false,346.0,true,true,2,10000,minizinc,linear,0,3,false,
hakank,contains_array/contains_array,false,,true,false,89,10000,minizinc,linear,0,1,false,
hakank,contiguity_mip/contiguity_mip,false,,,false,10000,10000,minizinc,linear,0,3,false,
hakank,contiguity_mip/contiguity_mip2,false,10.0,true,true,73,10000,minizinc,linear,0,3,false,
hakank,contiguity_regular/contiguity_regular,false,,true,false,287,10000,minizinc,global,4,0,false,
hakank,contiguity_regular_regexp/contiguity_regular_regexp,false,,true,false,289,10000,minizinc,global,5,0,false,
hakank,contractor_costs/contractor_costs,false,8400.0,true,true,0,10000,minizinc,arithmetic,0,0,false,
hakank,controversy_about_the_weekday/controversy_about_the_weekday,false,,true,false,171,10000,minizinc,linear,0,2,false,
hakank,cookie_bake_off/cookie_bake_off,false,168.0,true,true,68,10000,minizinc,linear,0,3,false,
hakank,cookie_bake_off/cookie_bake_off2,false,,,false,10000,10000,minizinc,linear,0,6,false,
hakank,cookie_monster_problem/cookie_monster_problem,false,4.0,true,true,50,10000,minizinc,arithmetic,0,0,false,
hakank,copy_arrays/copy_arrays2,false,,true,false,181,10000,minizinc,arithmetic,0,0,false,
hakank,correspondence/correspondence,false,,true,false,190,10000,minizinc,global,1,0,false,
hakank,costas_array/costas_array,false,,,false,10000,10000,minizinc,global,4,0,false,
hakank,count_ctr/count_ctr,false,,true,false,84,10000,minizinc,global,5,1,false,
hakank,countdown/countdown,false,,true,false,204,10000,minizinc,global,1,0,false,
hakank,counts/counts,false,,true,false,95,10000,minizinc,linear,0,2,false,
hakank,crew/crew,false,19.0,true,true,15,10000,minizinc,linear,0,6,false,
hakank,crew_overlapping_flights/crew_overlapping_flights,false,6.0,true,true,13,10000,minizinc,global,1,4,false,
hakank,critical_path/critical_path1,false,38.0,true,true,1,10000,minizinc,linear,0,1,false,
hakank,crossbar/crossbar,false,,true,false,169,10000,minizinc,global,1,0,false,
hakank,crossfigure/crossfigure,false,,true,false,118,10000,minizinc,linear,0,1,false,
hakank,crossword/crossword,false,,true,false,94,10000,minizinc,arithmetic,0,0,false,
hakank,crossword/crossword2,false,,true,false,157,10000,minizinc,global,1,0,false,
hakank,crossword3/crossword3_0,false,,,false,10000,10000,minizinc,global,10,0,false,
hakank,crossword3/crossword3_1,false,,,false,10000,10000,minizinc,global,10,0,false,
hakank,crossword3/crossword3_10,false,,,false,10000,10000,minizinc,global,78,0,false,
hakank,crossword3/crossword3_11,false,,,false,10000,10000,minizinc,global,80,0,false,
hakank,crossword3/crossword3_12,false,,,false,10000,10000,minizinc,global,78,0,false,
hakank,crossword3/crossword3_13,false,,,false,10000,10000,minizinc,global,76,0,false,
hakank,crossword3/crossword3_14,false,,,false,10000,10000,minizinc,global,78,0,false,
hakank,crossword3/crossword3_15,false,,,false,10000,10000,minizinc,global,72,0,false,
hakank,crossword3/crossword3_16,false,,,false,10000,10000,minizinc,global,74,0,false,
hakank,crossword3/crossword3_17,false,,,false,10000,10000,minizinc,global,84,0,false,
hakank,crossword3/crossword3_18,false,,,false,10000,10000,minizinc,global,82,0,false,
hakank,crossword3/crossword3_19,false,,,false,10000,10000,minizinc,global,72,0,false,
hakank,crossword3/crossword3_2,false,,true,false,8895,10000,minizinc,global,10,0,false,
hakank,crossword3/crossword3_20,false,,,false,10000,10000,minizinc,global,128,0,false,
hakank,crossword3/crossword3_21,false,,,false,10000,10000,minizinc,global,118,0,false,
hakank,crossword3/crossword3_22,false,,,false,10000,10000,minizinc,global,118,0,false,
hakank,crossword3/crossword3_23,false,,,false,10000,10000,minizinc,global,132,0,false,
hakank,crossword3/crossword3_24,false,,,false,10000,10000,minizinc,global,126,0,false,
hakank,crossword3/crossword3_25,false,,,false,10000,10000,minizinc,global,128,0,false,
hakank,crossword3/crossword3_26,false,,,false,10000,10000,minizinc,global,134,0,false,
hakank,crossword3/crossword3_27,false,,,false,10000,10000,minizinc,global,130,0,false,
hakank,crossword3/crossword3_28,false,,,false,10000,10000,minizinc,global,130,0,false,
hakank,crossword3/crossword3_29,false,,,false,10000,10000,minizinc,global,128,0,false,
hakank,crossword3/crossword3_3,false,,true,false,9961,10000,minizinc,global,10,0,false,
hakank,crossword3/crossword3_30,false,,,false,10000,10000,minizinc,global,138,0,false,
hakank,crossword3/crossword3_31,false,,,false,10000,10000,minizinc,global,150,0,false,
hakank,crossword3/crossword3_32,false,,,false,10000,10000,minizinc,global,144,0,false,
hakank,crossword3/crossword3_33,false,,,false,10000,10000,minizinc,global,144,0,false,
hakank,crossword3/crossword3_34,false,,,false,10000,10000,minizinc,global,144,0,false,
hakank,crossword3/crossword3_35,false,,,false,10000,10000,minizinc,global,146,0,false,
hakank,crossword3/crossword3_36,false,,,false,10000,10000,minizinc,global,152,0,false,
hakank,crossword3/crossword3_37,false,,,false,10000,10000,minizinc,global,150,0,false,
hakank,crossword3/crossword3_38,false,,,false,10000,10000,minizinc,global,144,0,false,
hakank,crossword3/crossword3_39,false,,,false,10000,10000,minizinc,global,134,0,false,
hakank,crossword3/crossword3_4,false,,true,false,8614,10000,minizinc,global,10,0,false,
hakank,crossword3/crossword3_40,false,,,false,10000,10000,minizinc,global,172,0,false,
hakank,crossword3/crossword3_41,false,,,false,10000,10000,minizinc,global,182,0,false,
hakank,crossword3/crossword3_42,false,,,false,10000,10000,minizinc,global,174,0,false,
hakank,crossword3/crossword3_43,false,,,false,10000,10000,minizinc,global,170,0,false,
hakank,crossword3/crossword3_44,false,,,false,10000,10000,minizinc,global,180,0,false,
hakank,crossword3/crossword3_45,false,,,false,10000,10000,minizinc,global,156,0,false,
hakank,crossword3/crossword3_46,false,,,false,10000,10000,minizinc,global,174,0,false,
hakank,crossword3/crossword3_47,false,,,false,10000,10000,minizinc,global,172,0,false,
hakank,crossword3/crossword3_48,false,,,false,10000,10000,minizinc,global,174,0,false,
hakank,crossword3/crossword3_49,false,,,false,10000,10000,minizinc,global,156,0,false,
hakank,crossword3/crossword3_5,false,,,false,10000,10000,minizinc,global,10,0,false,
hakank,crossword3/crossword3_50,false,,true,false,304,10000,minizinc,global,4,0,false,
hakank,crossword3/crossword3_51,false,,true,false,3605,10000,minizinc,global,6,0,false,
hakank,crossword3/crossword3_52,false,,true,false,6007,10000,minizinc,global,8,0,false,
hakank,crossword3/crossword3_53,false,,true,false,10058,10000,minizinc,global,10,0,false,
hakank,crossword3/crossword3_54,false,,true,false,7092,10000,minizinc,global,14,0,false,
hakank,crossword3/crossword3_55,false,,,false,10000,10000,minizinc,global,14,0,false,
hakank,crossword3/crossword3_56,false,,true,false,8269,10000,minizinc,global,20,0,false,
hakank,crossword3/crossword3_57,false,,,false,10000,10000,minizinc,global,26,0,false,
hakank,crossword3/crossword3_58,false,,,false,10000,10000,minizinc,global,18,0,false,
hakank,crossword3/crossword3_59,false,,,false,10000,10000,minizinc,global,24,0,false,
hakank,crossword3/crossword3_6,false,,,false,10000,10000,minizinc,global,10,0,false,
hakank,crossword3/crossword3_60,false,,,false,10000,10000,minizinc,global,18,0,false,
hakank,crossword3/crossword3_61,false,,,false,10000,10000,minizinc,global,28,0,false,
hakank,crossword3/crossword3_62,false,,,false,10000,10000,minizinc,global,34,0,false,
hakank,crossword3/crossword3_63,false,,,false,10000,10000,minizinc,global,28,0,false,
hakank,crossword3/crossword3_64,false,,,false,10000,10000,minizinc,global,46,0,false,
hakank,crossword3/crossword3_65,false,,,false,10000,10000,minizinc,global,68,0,false,
hakank,crossword3/crossword3_66,false,,,false,10000,10000,minizinc,global,88,0,false,
hakank,crossword3/crossword3_67,false,,,false,10000,10000,minizinc,global,86,0,false,
hakank,crossword3/crossword3_68,false,,,false,10000,10000,minizinc,global,80,0,false,
hakank,crossword3/crossword3_69,false,,,false,10000,10000,minizinc,global,24,0,false,
hakank,crossword3/crossword3_7,false,,,false,10000,10000,minizinc,global,10,0,false,
hakank,crossword3/crossword3_70,false,,,false,10000,10000,minizinc,global,64,0,false,
hakank,crossword3/crossword3_71,false,,,false,10000,10000,minizinc,global,60,0,false,
hakank,crossword3/crossword3_8,false,,,false,10000,10000,minizinc,global,10,0,false,
hakank,crossword3/crossword3_9,false,,true,false,8752,10000,minizinc,global,10,0,false,
hakank,crossword_bratko/crossword_bratko,false,,true,false,158,10000,minizinc,global,5,0,false,
hakank,crowd/crowd,false,51.0,true,true,894,10000,minizinc,linear,0,17,false,
hakank,crypt_reversed/crypt_reversed,false,,true,false,281,10000,minizinc,global,5,1,false,
hakank,crypta/crypta,false,,true,false,213,10000,minizinc,global,1,0,false,
hakank,crypto/crypto,false,,true,false,162,10000,minizinc,global,1,20,false,
hakank,crypto_ip/crypto_ip,false,,true,false,319,10000,minizinc,linear,0,4,false,
hakank,crystal_maze/crystal_maze,false,,true,false,149,10000,minizinc,global,1,0,false,
hakank,cube_sum/cube_sum,false,3.0,true,true,69,10000,minizinc,global,1,2,false,
hakank,cumulative_test/cumulative_test,false,11.0,true,true,2,10000,minizinc,global,10,0,false,
hakank,cumulative_test_mats_carlsson/cumulative_test_mats_carlsson,false,,true,false,172,10000,minizinc,global,5,0,false,
hakank,cur_num/cur_num,false,,true,false,97,10000,minizinc,arithmetic,0,0,false,
hakank,curious_set_of_integers/curious_set_of_integers,false,,true,false,156,10000,minizinc,global,1,0,false,
hakank,curve_fitting/curve_fitting1,false,,,false,10000,10000,minizinc,linear,0,2,false,
hakank,curve_fitting/curve_fitting2,false,,,false,10000,10000,minizinc,arithmetic,0,0,false,
hakank,curve_fitting/curve_fitting3,false,,,false,10000,10000,minizinc,linear,0,4,false,
hakank,cutting_stock_winston/cutting_stock_winston,false,19.0,true,true,2,10000,minizinc,linear,0,2,false,
hakank,cycle_test/cycle_test2,false,,true,false,255,10000,minizinc,global,5,1,false,
hakank,cycle_test/cycle_test3,false,,true,false,204,10000,minizinc,global,5,2,false,
hakank,cyclohexane/cyclohexane,false,,,false,10000,10000,minizinc,arithmetic,0,0,false,
hakank,dea/dea,false,,,false,10000,10000,minizinc,linear,0,8,false,
hakank,debruijn/debruijn2d,false,,true,false,335,10000,minizinc,global,19,4,false,
hakank,debruijn/debruijn2d_2,false,,true,false,233,10000,minizinc,global,11,3,false,
hakank,debruijn/debruijn2d_3,false,,,false,10000,10000,minizinc,global,17,4,false,
hakank,debruijn_binary/debruijn_binary,false,,true,false,458,10000,minizinc,global,9,1,false,
hakank,debruijn_no_repetition/debruijn_no_repetition,false,,true,false,359,10000,minizinc,global,8,1,false,
hakank,decent/decent,false,,,false,10000,10000,minizinc,linear,0,4,false,
hakank,decision_tree_binary/decision_tree_binary,false,,true,false,92,10000,minizinc,arithmetic,0,0,false,
hakank,decreasing_me/decreasing_me,false,,true,false,101,10000,minizinc,arithmetic,0,0,false,
hakank,defending_castle/defending_castle,true,10.0,true,true,0,10000,minizinc,global,1,0,false,
hakank,dennys_menu/dennys_menu,false,,true,false,157,10000,minizinc,linear,0,1,false,
hakank,derangement/derangement,false,,true,false,100,10000,minizinc,arithmetic,0,0,false,
hakank,devils_word/devils_word,false,,true,false,125,10000,minizinc,linear,0,4,false,
hakank,dice_with_a_difference_enigma/dice_with_a_difference_enigma_290,false,,true,false,121,10000,minizinc,linear,0,2,false,
hakank,diet/diet1,false,90.0,true,true,39,10000,minizinc,linear,0,5,false,
hakank,diet/diet2,false,,,false,10000,10000,minizinc,linear,0,2,false,
hakank,differs_from_at_least_k_pos/differs_from_at_least_k_pos,false,,true,false,88,10000,minizinc,linear,0,1,false,
hakank,diffn_me/diffn_me,false,,true,false,161,10000,minizinc,global,5,1,false,
hakank,digital_roots/digital_roots,false,,true,false,90,10000,minizinc,arithmetic,0,0,false,
hakank,digits_of_the_square/digits_of_the_square,false,,true,false,3544,10000,minizinc,linear,0,1,false,
hakank,dimes/dimes,false,,true,false,152,10000,minizinc,global,3,1,false,
hakank,dinner/dinner,false,,true,false,91,10000,minizinc,arithmetic,0,0,false,
hakank,dirichlet/dirichlet,false,,,false,10000,10000,minizinc,arithmetic,0,0,false,
hakank,discrepancy/discrepancy,false,,true,false,86,10000,minizinc,linear,0,1,false,
hakank,disjunctive/disjunctive,false,,true,false,100,10000,minizinc,global,5,0,false,
hakank,distance_between/distance_between,true,2.0,true,true,0,10000,minizinc,linear,0,1,false,
hakank,distance_change/distance_change,false,,true,false,102,10000,minizinc,linear,0,1,false,
hakank,dividing_the_spoils/dividing_the_spoils,false,,true,false,104,10000,minizinc,arithmetic,0,0,false,
hakank,divisible_by/divisible_by_7,false,,true,false,171,10000,minizinc,global,4,1,false,
hakank,divisible_by_1_to/divisible_by_1_to_9,false,,true,false,443,10000,minizinc,global,1,1,false,
hakank,divisible_by_9_through/divisible_by_9_through_1,false,,true,false,400,10000,minizinc,global,1,1,false,
hakank,divisible_by_unit_digits/divisible_by_unit_digits,false,,true,false,87,10000,minizinc,linear,0,1,false,
hakank,divisors_ending_in_0_to/divisors_ending_in_0_to_9,false,,true,false,348,10000,minizinc,linear,0,1,false,
hakank,domain/domain,false,,true,false,96,10000,minizinc,arithmetic,0,0,false,
hakank,domain_constraint/domain_constraint,false,,true,false,90,10000,minizinc,linear,0,1,false,
hakank,dominating_set/dominating_set,false,,true,false,90,10000,minizinc,arithmetic,0,0,false,
hakank,domino/domino,false,,true,false,228,10000,minizinc,global,2,0,false,
hakank,domino/domino2,false,,true,false,237,10000,minizinc,global,2,0,false,
hakank,donald/donald,false,,true,false,204,10000,minizinc,global,1,0,false,
hakank,donald/donald2,false,,true,false,191,10000,minizinc,global,1,0,false,
hakank,dqueens/dqueens,false,57.0,true,true,18,10000,minizinc,linear,0,7,false,
hakank,drinking_game/drinking_game,false,,true,false,98,10000,minizinc,linear,0,2,false,
hakank,drive_ya_nuts/drive_ya_nuts,false,,true,false,163,10000,minizinc,global,5,0,false,
hakank,dudeney_bishop_placement/dudeney_bishop_placement1,false,8.0,true,true,8,10000,minizinc,linear,0,3,false,
hakank,dudeney_bishop_placement/dudeney_bishop_placement2,true,14.0,true,true,4,10000,minizinc,linear,0,3,false,
hakank,dudeney_numbers/dudeney_numbers,false,,true,false,88,10000,minizinc,linear,0,3,false,
hakank,dynamical_optimization/dynamical_optimization1,false,,,false,10000,10000,minizinc,linear,0,1,false,
hakank,earthlin/earthlin,false,,true,false,86,10000,minizinc,linear,0,4,false,
hakank,egg_basket/egg_basket,false,301.0,true,true,0,10000,minizinc,arithmetic,0,0,false,
hakank,ein_ein_ein_ein_vier/ein_ein_ein_ein_vier,false,,true,false,170,10000,minizinc,global,1,0,false,
hakank,einav_puzzle/einav_puzzle,false,812.0,true,true,299,10000,minizinc,linear,0,5,false,
hakank,einstein_hurlimann/einstein_hurlimann,false,,true,false,150,10000,minizinc,global,5,0,false,
hakank,einstein_opl/einstein_opl,false,,true,false,151,10000,minizinc,global,5,0,false,
hakank,element_greatereq/element_greatereq,false,,true,false,87,10000,minizinc,global,1,0,false,
hakank,element_lesseq/element_lesseq,false,,true,false,86,10000,minizinc,global,1,0,false,
hakank,element_matrix/element_matrix,false,,true,false,95,10000,minizinc,arithmetic,0,0,false,
hakank,element_product/element_product,false,,true,false,88,10000,minizinc,arithmetic,0,0,false,
hakank,element_sparse/element_sparse,false,,true,false,90,10000,minizinc,global,3,0,false,
hakank,elementn/elementn,false,,true,false,87,10000,minizinc,global,1,0,false,
hakank,elements/elements,false,,true,false,90,10000,minizinc,global,4,0,false,
hakank,elements_alldifferent/elements_alldifferent,false,,true,false,152,10000,minizinc,global,3,0,false,
hakank,elevator/elevator_6_3,false,,true,true,2,10000,minizinc,arithmetic,0,0,false,
hakank,elevator/elevator_8_4,false,,true,true,494,10000,minizinc,arithmetic,0,0,false,
hakank,eliza_pseudonym/eliza_pseudonym7,false,,true,false,164,10000,minizinc,global,2,0,false,
hakank,enclosed_tiles/enclosed_tiles,false,,true,false,156,10000,minizinc,arithmetic,0,0,false,
hakank,enigma/enigma,false,,true,false,133,10000,minizinc,linear,0,31,false,
hakank,enigma/enigma_1000,false,,true,false,192,10000,minizinc,global,1,0,false,
hakank,enigma/enigma_1001,false,,true,false,226,10000,minizinc,global,1,0,false,
hakank,enigma/enigma_1293,false,,true,false,143,10000,minizinc,arithmetic,0,0,false,
hakank,enigma/enigma_1530,false,,true,false,151,10000,minizinc,global,1,1,false,
hakank,enigma/enigma_1535,false,,true,false,1721,10000,minizinc,linear,0,1,false,
hakank,enigma/enigma_1553,false,,true,false,276,10000,minizinc,global,2,3,false,
hakank,enigma/enigma_1555,false,,true,false,213,10000,minizinc,arithmetic,0,0,false,
hakank,enigma/enigma_1557,false,,true,false,153,10000,minizinc,linear,0,1,false,
hakank,enigma/enigma_1568,false,,true,false,209,10000,minizinc,global,1,0,false,
hakank,enigma/enigma_1570,false,205452.0,true,true,115,10000,minizinc,global,1,1,false,
hakank,enigma/enigma_1573,false,,true,false,207,10000,minizinc,global,1,0,false,
hakank,enigma/enigma_1574,false,,true,false,232,10000,minizinc,global,2,1,false,
hakank,enigma/enigma_1575,false,,,false,10000,10000,minizinc,global,1,0,false,
hakank,enigma/enigma_1576,false,,true,false,154,10000,minizinc,global,3,0,false,
hakank,enigma/enigma_1577,false,,true,false,164,10000,minizinc,global,1,1,false,
hakank,enigma/enigma_1615,false,,true,false,146,10000,minizinc,global,1,0,false,
hakank,enigma/enigma_1631,false,,true,false,295,10000,minizinc,global,1,0,false,
hakank,enigma/enigma_843,false,,true,false,224,10000,minizinc,global,1,1,false,
hakank,enigma_1266_unhelpful_square/enigma_1266_unhelpful_square,false,,true,false,169,10000,minizinc,global,1,2,false,
hakank,enigma_248_add_or_multiply/enigma_248_add_or_multiply,false,,,false,10000,10000,minizinc,linear,0,4,false,
hakank,enigma_441_the_colored_painting/enigma_441_the_colored_painting,false,,true,false,159,10000,minizinc,global,2,0,false,
hakank,enigma_95_for_love_and_money/enigma_95_for_love_and_money,false,,true,false,189,10000,minizinc,global,3,1,false,
hakank,enigma_birthday_magic/enigma_birthday_magic,false,,true,false,109,10000,minizinc,linear,0,4,false,
hakank,enigma_circular_chain/enigma_circular_chain,false,,true,false,1243,10000,minizinc,global,1,4,false,
hakank,enigma_counting_pennies/enigma_counting_pennies,false,,true,false,254,10000,minizinc,global,1,2,false,
hakank,enigma_eight_times/enigma_eight_times,false,,true,false,187,10000,minizinc,global,5,3,false,
hakank,enigma_eight_times/enigma_eight_times2,false,,true,false,144,10000,minizinc,global,1,3,false,
hakank,enigma_eighteen/enigma_eighteen,false,,true,false,202,10000,minizinc,global,1,0,false,
hakank,enigma_five_fives/enigma_five_fives,false,,true,false,158,10000,minizinc,global,1,2,false,
hakank,enigma_planets/enigma_planets,false,,true,false,221,10000,minizinc,global,1,0,false,
hakank,enigma_portuguese_squares/enigma_portuguese_squares,false,,true,false,222,10000,minizinc,global,1,0,false,
hakank,eq/eq10,false,,true,false,122,10000,minizinc,arithmetic,0,0,false,
hakank,equal_sized_groups/equal_sized_groups,false,26.0,true,true,268,10000,minizinc,global,3,4,false,
hakank,equation/equation,false,,true,false,167,10000,minizinc,linear,0,6,false,
hakank,equivalent/equivalent,false,,true,false,103,10000,minizinc,arithmetic,0,0,false,
hakank,ett_ett_ett_ett_ett__fem/ett_ett_ett_ett_ett__fem,false,,true,false,151,10000,minizinc,global,1,0,false,
hakank,euler/euler31,false,,true,false,87,10000,minizinc,linear,0,1,false,
hakank,euler/euler5,false,,true,false,102,10000,minizinc,arithmetic,0,0,false,
hakank,euler/euler5b,false,,true,false,102,10000,minizinc,arithmetic,0,0,false,
hakank,euler/euler_1,false,,true,false,96,10000,minizinc,linear,0,1,false,
hakank,euler/euler_18,true,1074.0,true,true,51,10000,minizinc,global,2,1,false,
hakank,euler/euler_2,false,,true,false,89,10000,minizinc,linear,0,1,false,
hakank,euler/euler_30,false,,true,false,4637,10000,minizinc,global,1,3,false,
hakank,euler/euler_39,true,4.0,true,false,199,10000,minizinc,linear,0,1,false,
hakank,euler/euler_52,false,142857.0,true,true,3545,10000,minizinc,linear,0,2,false,
hakank,euler/euler_6,false,,true,false,86,10000,minizinc,linear,0,2,false,
hakank,euler/euler_9,false,,true,false,158,10000,minizinc,arithmetic,0,0,false,
hakank,evens/evens,false,,true,false,149,10000,minizinc,linear,0,3,false,
hakank,evens/evens2,false,,true,false,142,10000,minizinc,linear,0,3,false,
hakank,evision/evision,false,10.0,true,true,41,10000,minizinc,linear,0,5,false,
hakank,exact_cover_dlx/exact_cover_dlx,false,,true,false,176,10000,minizinc,linear,0,2,false,
hakank,exact_cover_dlx_matrix/exact_cover_dlx_matrix,false,,true,false,171,10000,minizinc,linear,0,1,false,
hakank,examination_scheduling/examination_scheduling,false,3.0,true,true,162,10000,minizinc,global,1,4,false,
hakank,exodus/exodus,false,,true,false,172,10000,minizinc,global,3,0,false,
hakank,eyedrop_optimize/eyedrop_optimize,true,36.0,true,true,57,10000,minizinc,global,5,5,false,
hakank,eyedrop_optimize/eyedrop_optimize2,true,156.0,true,true,3643,10000,minizinc,global,4,4,false,
hakank,facility_location_problem/facility_location_problem,false,4570.0,true,true,325,10000,minizinc,global,2,6,false,
hakank,factorial/factorial,false,,true,false,87,10000,minizinc,arithmetic,0,0,false,
hakank,fair_split_into_3_groups/fair_split_into_3_groups,false,166834.0,true,true,347,10000,minizinc,global,12,7,false,
hakank,fair_xmas_duty/fair_xmas_duty_2014,false,3.0,true,true,132,10000,minizinc,linear,0,5,false,
hakank,fairies/fairies,false,,true,false,102,10000,minizinc,linear,0,4,false,
hakank,family/family,false,,true,false,96,10000,minizinc,arithmetic,0,0,false,
hakank,family_riddle/family_riddle,false,,true,false,170,10000,minizinc,global,4,9,false,
hakank,family_riddle/family_riddle2,false,,true,false,161,10000,minizinc,global,4,9,false,
hakank,fancy/fancy,false,10.0,true,true,1,10000,minizinc,pseudo-boolean,0,0,true,
hakank,farm_puzzle/farm_puzzle,false,,true,false,161,10000,minizinc,global,2,1,false,
hakank,farm_puzzle/farm_puzzle0,false,,true,false,87,10000,minizinc,arithmetic,0,0,false,
hakank,farmer_and_cows/farmer_and_cows,false,,true,false,270,10000,minizinc,global,3,3,false,
hakank,farmer_and_cows_mip/farmer_and_cows_mip,false,,true,false,299,10000,minizinc,global,1,4,false,
hakank,fib_test/fib_test2,false,,true,false,88,10000,minizinc,arithmetic,0,0,false,
hakank,fill_a_pix/fill_a_pix,false,,true,false,92,10000,minizinc,linear,0,1,false,
hakank,fill_in_the_squares/fill_in_the_squares,false,,true,false,244,10000,minizinc,global,3,6,false,
hakank,filling_table_with_ticks/filling_table_with_ticks,false,,true,false,213,10000,minizinc,global,4,3,false,
hakank,final_student/final_student,false,,,false,10000,10000,minizinc,linear,0,2,false,
hakank,find_missing_number/find_missing_number,false,,,false,10000,10000,minizinc,global,2,6,false,
hakank,find_missing_number/find_missing_number2,false,,,false,10000,10000,minizinc,global,2,8,false,
hakank,finding_celebrities/finding_celebrities,false,,true,false,209,10000,minizinc,linear,0,1,false,
hakank,finding_celebrities/finding_celebrities2,false,,true,false,147,10000,minizinc,arithmetic,0,0,false,
hakank,five/five,false,15.0,true,true,50,10000,minizinc,linear,0,3,false,
hakank,five_brigades/five_brigades,false,,true,false,169,10000,minizinc,arithmetic,0,0,false,
hakank,five_elements/five_elements,false,11.0,true,true,5,10000,minizinc,global,1,2,false,
hakank,five_floors/five_floors,false,,true,false,184,10000,minizinc,global,1,0,false,
hakank,five_statements/five_statements,false,,true,false,99,10000,minizinc,linear,0,2,false,
hakank,five_translators/five_translators,false,,true,false,186,10000,minizinc,linear,0,4,false,
hakank,five_translators/five_translators2,false,,true,false,146,10000,minizinc,linear,0,6,false,
hakank,five_words_that_share_no_letter/five_words_that_share_no_letter,false,,,false,10000,10000,minizinc,global,2,0,false,
hakank,fix_points/fix_points,false,,true,false,94,10000,minizinc,linear,0,1,false,
hakank,fixed_charge/fixed_charge,true,75.0,true,true,43,10000,minizinc,linear,0,3,false,
hakank,fixed_charged_transportation_problem/fixed_charged_transportation_problem,false,,,false,10000,10000,minizinc,linear,0,4,false,
hakank,fizz_buzz/fizz_buzz,false,,true,false,130,10000,minizinc,linear,0,1,false,
hakank,food/food,false,,,false,10000,10000,minizinc,linear,0,11,false,
hakank,food/food2,false,,,false,10000,10000,minizinc,linear,0,12,false,
hakank,football/football,true,30000.0,true,true,7,10000,minizinc,global,3,3,false,
hakank,four_islands/four_islands,false,,true,false,189,10000,minizinc,global,3,0,false,
hakank,four_numbers/four_numbers,false,,true,false,212,10000,minizinc,global,1,1,false,
hakank,four_power/four_power,false,,,false,10000,10000,minizinc,global,1,0,false,
hakank,four_rectangles/four_rectangles,false,,true,false,159,10000,minizinc,arithmetic,0,0,false,
hakank,four_same_friends/four_same_friends,false,2.0,true,true,10,10000,minizinc,global,1,0,false,
hakank,four_trees/four_trees,false,,true,false,143,10000,minizinc,global,2,0,false,
hakank,fractions/fractions,false,,true,false,215,10000,minizinc,global,1,0,false,
hakank,franklin_8x8_magic_square/franklin_8x8_magic_square,false,,true,false,212,10000,minizinc,global,2,0,false,
hakank,freight_transfer/freight_transfer,false,530.0,true,true,0,10000,minizinc,linear,0,2,false,
hakank,full_adder/full_adder,false,,true,false,87,10000,minizinc,pseudo-boolean,0,0,true,
hakank,funny_dice/funny_dice,false,,true,false,885,10000,minizinc,linear,0,3,false,
hakank,furniture/furniture,false,9600.0,true,true,1,10000,minizinc,global,1,4,false,
hakank,furniture_moving/furniture_moving,false,60.0,true,true,4,10000,minizinc,global,2,0,false,
hakank,futoshiki/futoshiki,false,,true,false,153,10000,minizinc,global,2,0,false,
hakank,g4g_matrix/g4g_matrix,false,,true,false,804,10000,minizinc,global,1,5,false,
hakank,game_theory_taha/game_theory_taha,false,,,false,10000,10000,minizinc,linear,0,3,false,
hakank,games/games,false,,,false,10000,10000,minizinc,linear,0,2,false,
hakank,gap/gap,false,261.0,true,true,19,10000,minizinc,linear,0,3,false,
hakank,gardner_dinner/gardner_dinner,false,,true,false,3470,10000,minizinc,global,1,0,false,
hakank,gardner_prime_puzzle/gardner_prime_puzzle,false,,true,false,136,10000,minizinc,linear,0,1,false,
hakank,gardner_sum_square/gardner_sum_square,false,34.0,true,true,60,10000,minizinc,global,2,0,false,
hakank,gardner_two_plus_two/gardner_two_plus_two,false,,true,false,144,10000,minizinc,global,1,0,false,
hakank,gather_homage_martin/gather_homage_martin,false,,true,false,160,10000,minizinc,global,1,0,false,
hakank,gcd_lcm/gcd_lcm,false,,true,false,447,10000,minizinc,arithmetic,0,0,false,
hakank,general_store/general_store,false,,true,false,322,10000,minizinc,global,1,0,false,
hakank,generalized_knapsack_problem/generalized_knapsack_problem,true,160.0,true,true,3,10000,minizinc,global,4,2,false,
hakank,geost_test/geost_test,false,9.0,true,true,24,10000,minizinc,global,1,2,false,
hakank,giant_cat_army_riddle/giant_cat_army_riddle,false,,true,false,234,10000,minizinc,global,1,0,false,
hakank,giapetto/giapetto,true,180.0,true,true,51,10000,minizinc,arithmetic,0,0,false,
hakank,global_cardinality_no_loop/global_cardinality_no_loop,false,,true,false,86,10000,minizinc,global,2,2,false,
hakank,global_cardinality_table/global_cardinality_table,false,,true,false,94,10000,minizinc,global,3,1,false,
hakank,global_cardinality_with_costs/global_cardinality_with_costs,false,,true,false,91,10000,minizinc,linear,0,3,false,
hakank,global_contiguity/global_contiguity,false,,true,false,88,10000,minizinc,arithmetic,0,0,false,
hakank,global_contiguity/global_contiguity2,false,,true,false,165,10000,minizinc,linear,0,2,false,
hakank,golden_search/golden_search,false,,,false,10000,10000,minizinc,arithmetic,0,0,false,
hakank,golden_spiral/golden_spiral,false,,,false,10000,10000,minizinc,arithmetic,0,0,false,
hakank,golf_puzzle/golf_puzzle,false,26.0,true,true,2869,10000,minizinc,linear,0,1,false,
hakank,good_burger_puzzlor/good_burger_puzzlor,true,280.0,true,true,50,10000,minizinc,linear,0,4,false,
hakank,graceful_labeling/graceful_labeling,false,,true,false,251,10000,minizinc,global,1,0,false,
hakank,graph_degree_sequence/graph_degree_sequence,false,,true,false,96,10000,minizinc,linear,0,2,false,
hakank,graph_partition/graph_partition,false,5.0,true,true,32,10000,minizinc,linear,0,5,false,
hakank,gray_code/gray_code,false,,true,false,225,10000,minizinc,global,2,4,false,
hakank,greatest_combination/greatest_combination,true,33.0,true,true,1,10000,minizinc,global,3,2,false,
hakank,grid_puzzle/grid_puzzle,false,,true,false,164,10000,minizinc,global,2,1,false,
hakank,grime_puzzle/grime_puzzle,false,,true,false,95,10000,minizinc,linear,0,1,false,
hakank,grocery/grocery2,false,,true,false,183,10000,minizinc,arithmetic,0,0,false,
hakank,grocery_float/grocery_float,false,,,false,10000,10000,minizinc,linear,0,1,false,
hakank,guards_and_apples/guards_and_apples,false,,true,false,146,10000,minizinc,arithmetic,0,0,false,
hakank,guards_and_apples/guards_and_apples2,false,,true,false,147,10000,minizinc,arithmetic,0,0,false,
hakank,gunport_problem/gunport_problem1,false,6.0,true,true,82,10000,minizinc,linear,0,8,false,
hakank,gunport_problem/gunport_problem2,false,,true,false,108,10000,minizinc,linear,0,9,false,
hakank,hamming_distance/hamming_distance,false,,true,false,96,10000,minizinc,linear,0,1,false,
hakank,hanging_weights/hanging_weights,false,,true,false,142,10000,minizinc,global,1,0,false,
hakank,hardy/hardy_1729,false,,true,false,146,10000,minizinc,arithmetic,0,0,false,
hakank,harry_potter_seven_potions/harry_potter_seven_potions,false,,true,false,150,10000,minizinc,global,5,0,false,
hakank,heterosquare/heterosquare,false,,true,false,190,10000,minizinc,global,7,4,false,
hakank,hidato/hidato,false,,true,false,145,10000,minizinc,global,1,0,false,
hakank,hidato_exists/hidato_exists,false,,true,false,162,10000,minizinc,global,1,0,false,
hakank,hidato_table/hidato_table,false,,true,false,242,10000,minizinc,global,5,0,false,
hakank,hidato_table/hidato_table2,false,,true,false,217,10000,minizinc,global,5,1,false,
hakank,high_iq_problem/high_iq_problem,false,,true,false,378,10000,minizinc,global,1,0,false,
hakank,hitchcock_transporation_problem/hitchcock_transporation_problem,false,2651.0,true,true,2,10000,minizinc,global,3,3,false,
hakank,hitting_set/hitting_set,false,9.0,true,false,172,10000,minizinc,global,2,1,false,
hakank,home_improvement/home_improvement,false,,,false,10000,10000,minizinc,global,1,2,false,
hakank,honey_division/honey_division,false,,true,false,86,10000,minizinc,linear,0,4,false,
hakank,houses/houses,false,,true,false,157,10000,minizinc,global,2,0,false,
hakank,how_old_am_i/how_old_am_i,false,,true,false,93,10000,minizinc,arithmetic,0,0,false,
hakank,huey_dewey_louie/huey_dewey_louie,false,,true,false,85,10000,minizinc,pseudo-boolean,0,0,true,
hakank,hundred_doors_optimized/hundred_doors_optimized,false,,true,false,92,10000,minizinc,arithmetic,0,0,false,
hakank,hundred_doors_optimized_array/hundred_doors_optimized_array,false,,true,false,93,10000,minizinc,arithmetic,0,0,false,
hakank,hundred_doors_unoptimized/hundred_doors_unoptimized,false,,true,false,161,10000,minizinc,arithmetic,0,0,false,
hakank,hundred_doors_unoptimized/hundred_doors_unoptimized2,false,,true,false,220,10000,minizinc,arithmetic,0,0,false,
hakank,hundred_fowls/hundred_fowls,false,,true,false,88,10000,minizinc,arithmetic,0,0,false,
hakank,ice_cream/ice_cream,false,53180.0,true,true,161,10000,minizinc,linear,0,3,false,
hakank,imply/imply,false,,true,false,84,10000,minizinc,pseudo-boolean,0,0,true,
hakank,in_interval/in_interval,false,,true,false,86,10000,minizinc,arithmetic,0,0,false,
hakank,in_relation/in_relation,false,,true,false,87,10000,minizinc,arithmetic,0,0,false,
hakank,in_same_partition/in_same_partition,false,,true,false,159,10000,minizinc,arithmetic,0,0,false,
hakank,in_set/in_set,false,,true,false,99,10000,minizinc,arithmetic,0,0,false,
hakank,increasing_except/increasing_except_0,false,,true,false,157,10000,minizinc,arithmetic,0,0,false,
hakank,indexed_sum/indexed_sum,false,,true,false,80,10000,minizinc,global,1,1,false,
hakank,inflexions/inflexions,false,,true,false,144,10000,minizinc,linear,0,1,false,
hakank,int_value_precede/int_value_precede,false,,true,false,100,10000,minizinc,linear,0,1,false,
hakank,integer_programming/integer_programming1,true,170.0,true,true,40,10000,minizinc,global,1,0,false,
hakank,inter_distance/inter_distance,true,4.0,true,true,9,10000,minizinc,global,2,0,false,
hakank,inverse_within_range/inverse_within_range,false,,true,false,157,10000,minizinc,global,1,0,false,
hakank,investment_problem/investment_problem,false,,true,false,103,10000,minizinc,global,2,2,false,
hakank,investment_problem_mip/investment_problem_mip,true,223.0,true,true,48,10000,minizinc,global,2,5,false,
hakank,is_prime/is_prime,false,,true,false,94,10000,minizinc,arithmetic,0,0,false,
hakank,isbn/isbn,false,,true,false,89,10000,minizinc,linear,0,1,false,
hakank,itemset_mining/itemset_mining,false,,true,false,307,10000,minizinc,linear,0,10,false,
hakank,ith_pos_different_from/ith_pos_different_from_0,false,,true,false,94,10000,minizinc,linear,0,1,false,
hakank,its_a_tie/its_a_tie,false,,true,false,154,10000,minizinc,global,4,0,false,
hakank,jellybeans/jellybeans,false,,true,false,141,10000,minizinc,global,2,0,false,
hakank,jive_turkeys/jive_turkeys,false,511.0,true,true,0,10000,minizinc,arithmetic,0,0,false,
hakank,jobs_puzzle/jobs_puzzle,false,,true,false,148,10000,minizinc,global,1,0,false,
hakank,jobshop/jobshop,false,1209.0,true,true,5861,10000,minizinc,global,3,0,false,
hakank,jobshop/jobshop2,false,1209.0,true,true,5488,10000,minizinc,global,5,2,false,
hakank,joshua/joshua,false,92.0,true,true,247,10000,minizinc,linear,0,1,false,
hakank,jssp/jssp,false,55.0,true,true,21,10000,minizinc,global,3,1,false,
hakank,just_forgotten/just_forgotten,false,,true,false,183,10000,minizinc,global,1,1,false,
hakank,k_alldifferent/k_alldifferent,false,,true,false,144,10000,minizinc,global,3,0,false,
hakank,k_consecutive_integers/k_consecutive_integers,false,,true,false,90,10000,minizinc,global,2,1,false,
hakank,k_same/k_same,false,,true,false,153,10000,minizinc,global,2,0,false,
hakank,k_same_modulo/k_same_modulo,false,,true,false,154,10000,minizinc,global,2,0,false,
hakank,kakuro/kakuro,false,,true,false,162,10000,minizinc,global,1,1,false,
hakank,kakuro/kakuro2,false,,true,false,160,10000,minizinc,global,2,2,false,
hakank,kakuro/kakuro3,false,,true,false,147,10000,minizinc,global,1,1,false,
hakank,kaprekars_constant/kaprekars_constant,false,,true,false,164,10000,minizinc,global,1,1,false,
hakank,kaprekars_constant/kaprekars_constant2,false,,true,false,218,10000,minizinc,global,2,1,false,
hakank,kenken/kenken2,false,,true,false,172,10000,minizinc,global,2,2,false,
hakank,kidney_exchange/kidney_exchange,true,6.0,true,true,10,10000,minizinc,linear,0,1,false,
hakank,kidney_exchange/kidney_exchange2,true,0.0,true,true,1,10000,minizinc,linear,0,10,false,
hakank,kidney_exchange_model/kidney_exchange_model,true,0.0,true,true,0,10000,minizinc,global,5,1,false,
hakank,killer_sudoku/killer_sudoku,false,,true,false,162,10000,minizinc,global,4,1,false,
hakank,killer_sudoku/killer_sudoku2,false,,true,false,155,10000,minizinc,global,4,1,false,
hakank,kiselman_semigroup_problem/kiselman_semigroup_problem,false,,true,false,278,10000,minizinc,global,1,1,false,
hakank,knapsack/knapsack1,true,39.0,true,true,0,10000,minizinc,global,8,2,false,
hakank,knapsack/knapsack2,true,15.0,true,true,0,10000,minizinc,global,6,2,false,
hakank,knapsack_investments/knapsack_investments,true,2370.0,true,true,38,10000,minizinc,global,1,4,false,
hakank,knapsack_problem/knapsack_problem,false,,,false,10000,10000,minizinc,global,8,3,false,
hakank,knapsack_rosetta_code/knapsack_rosetta_code_01,true,1030.0,true,true,1,10000,minizinc,global,5,2,false,
hakank,knapsack_rosetta_code_bounded/knapsack_rosetta_code_bounded,true,1010.0,true,true,1,10000,minizinc,global,5,2,false,
hakank,knapsack_rosetta_code_unbounded/knapsack_rosetta_code_unbounded,false,,,false,10000,10000,minizinc,global,2,3,false,
hakank,knapsack_rosetta_code_unbounded_int/knapsack_rosetta_code_unbounded_int,true,54500.0,true,true,52,10000,minizinc,global,2,3,false,
hakank,kntdom/kntdom,false,,,false,10000,10000,minizinc,linear,0,5,false,
hakank,kordemskys_palindrome_problem/kordemskys_palindrome_problem,false,,true,false,203,10000,minizinc,global,1,1,false,
hakank,kqueens/kqueens,false,5.0,true,true,781,10000,minizinc,linear,0,5,false,
hakank,kraftwerk_ticket_problem/kraftwerk_ticket_problem,true,122.0,true,true,825,10000,minizinc,global,4,8,false,
hakank,krypto/krypto,false,,true,false,201,10000,minizinc,global,2,1,false,
hakank,labeled_dice/labeled_dice,false,,true,false,151,10000,minizinc,global,1,1,false,
hakank,lager/lager,false,938.0,true,true,1,10000,minizinc,linear,0,1,false,
hakank,lams_problem/lams_problem,false,,,false,10000,10000,minizinc,linear,0,3,false,
hakank,langford/langford2,false,,true,false,149,10000,minizinc,global,1,0,false,
hakank,langford_generalized/langford_generalized,false,,true,false,287,10000,minizinc,global,2,0,false,
hakank,language_round_table/language_round_table,false,,true,false,145,10000,minizinc,global,7,0,false,
hakank,laplace/laplace,false,,,false,10000,10000,minizinc,arithmetic,0,0,false,
hakank,latin_square/latin_square,false,,true,false,352,10000,minizinc,global,3,0,false,
hakank,latin_square_card_puzzle/latin_square_card_puzzle,false,,true,false,218,10000,minizinc,global,9,0,false,
hakank,lccoin/lccoin,false,,true,false,85,10000,minizinc,linear,0,2,false,
hakank,leap_year/leap_year,false,,true,false,88,10000,minizinc,arithmetic,0,0,false,
hakank,least_diff/least_diff,false,247.0,true,true,64,10000,minizinc,global,2,1,false,
hakank,least_diff/least_diff1,false,247.0,true,true,57,10000,minizinc,global,1,0,false,
hakank,least_square_optimeringslara/least_square_optimeringslara_286,false,,,false,10000,10000,minizinc,linear,0,1,false,
hakank,lecture_series/lecture_series,false,,true,false,151,10000,minizinc,global,3,0,false,
hakank,lectures/lectures,false,3.0,true,true,2,10000,minizinc,global,1,0,false,
hakank,lehmer_code_from_permutation/lehmer_code_from_permutation,false,,true,false,167,10000,minizinc,global,2,2,false,
hakank,letter_square/letter_square,false,,true,false,107,10000,minizinc,linear,0,2,false,
hakank,lex2_me/lex2_me,false,,true,false,161,10000,minizinc,global,2,0,false,
hakank,lex_alldifferent/lex_alldifferent,false,,true,false,160,10000,minizinc,global,1,0,false,
hakank,lex_between/lex_between,false,,true,false,151,10000,minizinc,global,2,0,false,
hakank,lex_chain_less/lex_chain_less,false,,true,false,149,10000,minizinc,global,1,0,false,
hakank,lex_different/lex_different,false,,true,false,96,10000,minizinc,linear,0,1,false,
hakank,lex_greater_me/lex_greater_me,false,,true,false,150,10000,minizinc,global,1,0,false,
hakank,library_books/library_books,false,,true,false,155,10000,minizinc,global,2,1,false,
hakank,lichtenstein_coloring/lichtenstein_coloring,false,5.0,true,true,16,10000,minizinc,linear,0,1,false,
hakank,life/life,false,,true,false,373,10000,minizinc,linear,0,1,false,
hakank,lightmeal/lightmeal,false,,true,false,86,10000,minizinc,global,1,1,false,
hakank,lightmeal/lightmeal2,false,,true,false,92,10000,minizinc,global,1,7,false,
hakank,lights/lights,false,12.0,true,true,61,10000,minizinc,linear,0,3,false,
hakank,lights_out/lights_out,false,27.0,true,true,1102,10000,minizinc,global,1,4,false,
hakank,lights_out_all/lights_out_all,false,,,false,10000,10000,minizinc,linear,0,3,false,
hakank,limerick_primes/limerick_primes,false,,true,false,95,10000,minizinc,linear,0,1,false,
hakank,limerick_primes/limerick_primes2,false,,true,false,99,10000,minizinc,linear,0,1,false,
hakank,loading_pair_of_dice/loading_pair_of_dice,false,,,false,10000,10000,minizinc,global,1,2,false,
hakank,local_art_theft/local_art_theft,false,,true,false,146,10000,minizinc,global,1,2,false,
hakank,local_art_theft/local_art_theft1,false,,true,false,147,10000,minizinc,global,1,0,false,
hakank,locker/locker,false,,true,false,142,10000,minizinc,global,1,3,false,
hakank,logic_puzzle_aop/logic_puzzle_aop,false,,true,false,144,10000,minizinc,global,3,0,false,
hakank,logical_design/logical_design,false,5.0,true,true,1,10000,minizinc,linear,0,8,false,
hakank,longest_change/longest_change,false,,true,false,143,10000,minizinc,global,3,0,false,
hakank,longest_subset_of_five_positions/longest_subset_of_five_positions,false,,true,false,683,10000,minizinc,global,7,1,false,
hakank,lost_at_sea/lost_at_sea,true,32.0,true,true,3619,10000,minizinc,global,7,2,false,
hakank,lucky_number/lucky_number,false,,true,false,93,10000,minizinc,linear,0,3,false,
hakank,m_queens_on_n_board/m_queens_on_n_board,false,,true,false,155,10000,minizinc,linear,0,1,false,
hakank,magic/magic,false,,true,false,130,10000,minizinc,linear,0,7,false,
hakank,magic/magic3,false,,true,false,146,10000,minizinc,global,1,0,false,
hakank,magic/magic4,false,,true,false,195,10000,minizinc,global,1,0,false,
hakank,magic_modulo_number/magic_modulo_number,false,,true,false,84,10000,minizinc,arithmetic,0,0,false,
hakank,magic_sequence/magic_sequence,false,,true,false,276,10000,minizinc,linear,0,1,false,
hakank,magic_sequence/magic_sequence2,false,,true,false,446,10000,minizinc,linear,0,3,false,
hakank,magic_sequence/magic_sequence3,false,,true,false,150,10000,minizinc,linear,0,2,false,
hakank,magic_sequence/magic_sequence4,false,,true,false,957,10000,minizinc,global,2,0,false,
hakank,magic_series/magic_series,false,,true,false,154,10000,minizinc,global,2,1,false,
hakank,magic_square/magic_square,false,,true,false,167,10000,minizinc,global,1,4,false,
hakank,magic_square_associate/magic_square_associate,false,,true,false,167,10000,minizinc,global,2,4,false,
hakank,magic_square_frenicle_form/magic_square_frenicle_form,false,,true,false,204,10000,minizinc,global,5,4,false,
hakank,magic_square_function/magic_square_function,false,,true,false,228,10000,minizinc,global,1,4,false,
hakank,magic_square_primes/magic_square_primes,false,499.0,true,false,8907,10000,minizinc,global,1,4,false,
hakank,magic_square_water_retention/magic_square_water_retention,true,59.0,true,true,4005,10000,minizinc,global,4,16,false,
hakank,magic_squares_and_cards/magic_squares_and_cards,false,,true,false,187,10000,minizinc,global,2,4,false,
hakank,make_a_good_burger/make_a_good_burger,true,280.0,true,true,51,10000,minizinc,global,1,5,false,
hakank,mamas_age/mamas_age,false,,true,false,86,10000,minizinc,arithmetic,0,0,false,
hakank,manasa_and_stones/manasa_and_stones,false,,true,false,143,10000,minizinc,arithmetic,0,0,false,
hakank,mango_puzzle/mango_puzzle,false,79.0,true,true,0,10000,minizinc,arithmetic,0,0,false,
hakank,map/map,false,,true,false,156,10000,minizinc,linear,0,2,false,
hakank,map/map2,false,,true,false,149,10000,minizinc,linear,0,2,false,
hakank,map_coloring_with_costs/map_coloring_with_costs,false,3100.0,true,true,4,10000,minizinc,global,1,1,false,
hakank,map_stuckey/map_stuckey,false,,true,false,164,10000,minizinc,linear,0,3,false,
hakank,marathon/marathon,false,,true,false,94,10000,minizinc,global,2,8,false,
hakank,marathon/marathon2,false,,true,false,152,10000,minizinc,global,4,0,false,
hakank,markov_chains/markov_chains,false,,,false,10000,10000,minizinc,linear,0,3,false,
hakank,markov_chains_taha/markov_chains_taha,false,,,false,10000,10000,minizinc,linear,0,3,false,
hakank,matchmaker/matchmaker,false,,true,false,178,10000,minizinc,global,2,1,false,
hakank,matrix2num/matrix2num,false,,true,false,111,10000,minizinc,linear,0,3,false,
hakank,max_activity/max_activity,true,18.0,true,true,2,10000,minizinc,linear,0,2,false,
hakank,max_activity/max_activity2,true,7.0,true,true,5,10000,minizinc,linear,0,3,false,
hakank,max_cut/max_cut,true,20.0,true,true,3,10000,minizinc,linear,0,1,false,
hakank,max_flow_taha/max_flow_taha,true,60.0,true,true,1,10000,minizinc,linear,0,5,false,
hakank,max_flow_winston/max_flow_winston1,true,3.0,true,true,1,10000,minizinc,linear,0,2,false,
hakank,max_index/max_index,false,,true,false,150,10000,minizinc,global,5,0,false,
hakank,max_m_in_row/max_m_in_row,false,,true,false,155,10000,minizinc,global,2,0,false,
hakank,max_n/max_n,false,,true,false,85,10000,minizinc,global,1,1,false,
hakank,max_number_of_occurrences/max_number_of_occurrences,false,,true,false,153,10000,minizinc,global,6,0,false,
hakank,max_nvalue/max_nvalue,false,,true,false,149,10000,minizinc,global,7,0,false,
hakank,max_size_set_of_consecutive_var/max_size_set_of_consecutive_var,false,,true,false,173,10000,minizinc,global,3,1,false,
hakank,maxflow/maxflow,true,29.0,true,true,2,10000,minizinc,linear,0,2,false,
hakank,maximal_independent_sets/maximal_independent_sets,true,4.0,true,true,1,10000,minizinc,global,4,1,false,
hakank,maximal_nonsegment_sum_regular/maximal_nonsegment_sum_regular,true,672.0,true,true,168,10000,minizinc,global,4,1,false,
hakank,maximum_density_still_life/maximum_density_still_life,true,28.0,true,true,411,10000,minizinc,linear,0,1,false,
hakank,maximum_modulo/maximum_modulo,false,,true,false,139,10000,minizinc,global,2,0,false,
hakank,maximum_subarray/maximum_subarray,true,15.0,true,true,14,10000,minizinc,global,1,1,false,
hakank,mceverywhere/mceverywhere,false,3.0,true,true,4,10000,minizinc,global,2,2,false,
hakank,message_sending/message_sending,false,,true,false,117,10000,minizinc,global,1,0,false,
hakank,mfasp/mfasp,false,3.0,true,true,4,10000,minizinc,linear,0,1,false,
hakank,mfvsp/mfvsp,false,3.0,true,true,3,10000,minizinc,linear,0,1,false,
hakank,min_index/min_index,false,,true,false,168,10000,minizinc,global,5,0,false,
hakank,min_max_sets/min_max_sets,false,,true,false,167,10000,minizinc,global,7,0,false,
hakank,min_n/min_n,false,,true,false,101,10000,minizinc,global,2,1,false,
hakank,min_nvalue/min_nvalue,false,,true,false,155,10000,minizinc,global,7,0,false,
hakank,minesweeper/minesweeper,false,,true,false,85,10000,minizinc,linear,0,1,false,
hakank,minesweeper/minesweeper_0,false,,true,false,88,10000,minizinc,arithmetic,0,0,false,
hakank,minesweeper/minesweeper_1,false,,true,false,93,10000,minizinc,arithmetic,0,0,false,
hakank,minesweeper/minesweeper_2,false,,true,false,92,10000,minizinc,arithmetic,0,0,false,
hakank,minesweeper/minesweeper_3,false,,true,false,88,10000,minizinc,arithmetic,0,0,false,
hakank,minesweeper/minesweeper_4,false,,true,false,90,10000,minizinc,arithmetic,0,0,false,
hakank,minesweeper/minesweeper_5,false,,true,false,91,10000,minizinc,arithmetic,0,0,false,
hakank,minesweeper/minesweeper_6,false,,true,false,92,10000,minizinc,arithmetic,0,0,false,
hakank,minesweeper/minesweeper_7,false,,true,false,89,10000,minizinc,arithmetic,0,0,false,
hakank,minesweeper/minesweeper_8,false,,true,false,86,10000,minizinc,arithmetic,0,0,false,
hakank,minesweeper/minesweeper_9,false,,true,false,89,10000,minizinc,arithmetic,0,0,false,
hakank,minesweeper/minesweeper_basic3,false,,true,false,88,10000,minizinc,arithmetic,0,0,false,
hakank,minesweeper/minesweeper_basic4,false,,true,false,86,10000,minizinc,arithmetic,0,0,false,
hakank,minesweeper/minesweeper_basic4x4,false,,true,false,84,10000,minizinc,arithmetic,0,0,false,
hakank,minesweeper/minesweeper_config_page2,false,,true,false,89,10000,minizinc,arithmetic,0,0,false,
hakank,minesweeper/minesweeper_config_page3,false,,true,false,86,10000,minizinc,arithmetic,0,0,false,
hakank,minesweeper/minesweeper_german_Lakshtanov,false,,true,false,87,10000,minizinc,arithmetic,0,0,false,
hakank,minesweeper/minesweeper_splitter,false,,true,false,86,10000,minizinc,arithmetic,0,0,false,
hakank,minesweeper/minesweeper_wire,false,,true,false,101,10000,minizinc,arithmetic,0,0,false,
hakank,minesweeper_inverse/minesweeper_inverse,false,,true,false,85,10000,minizinc,global,2,1,false,
hakank,minimal_subset_of_columns/minimal_subset_of_columns,false,2.0,true,true,0,10000,minizinc,linear,0,2,false,
hakank,minimum_except/minimum_except_0,false,,true,false,88,10000,minizinc,global,3,0,false,
hakank,minimum_greater_than/minimum_greater_than,false,,true,false,98,10000,minizinc,global,1,0,false,
hakank,minimum_modulo/minimum_modulo,false,,true,false,159,10000,minizinc,global,2,0,false,
hakank,minimum_weight_alldifferent/minimum_weight_alldifferent,false,17.0,true,true,0,10000,minizinc,global,1,2,false,
hakank,minsum/minsum,false,-532.0,true,true,56,10000,minizinc,global,4,3,false,
hakank,mislabeled_boxes/mislabeled_boxes,false,,true,false,146,10000,minizinc,global,2,0,false,
hakank,misp/misp,true,7.0,true,true,19,10000,minizinc,global,1,1,false,
hakank,miss_manners/miss_manners,true,,,false,10000,10000,minizinc,global,4,1,false,
hakank,missing_digit/missing_digit,false,,true,false,95,10000,minizinc,linear,0,1,false,
hakank,modulo_partition/modulo_partition,false,,true,false,170,10000,minizinc,linear,0,1,false,
hakank,money_change/money_change,false,,true,false,89,10000,minizinc,linear,0,3,false,
hakank,monkey_coconuts/monkey_coconuts,false,,true,false,84,10000,minizinc,arithmetic,0,0,false,
hakank,monks_and_doors/monks_and_doors,false,,true,false,81,10000,minizinc,pseudo-boolean,0,0,true,
hakank,monorail/monorail,false,,,false,10000,10000,minizinc,global,8,0,false,
hakank,mortgage/mortgage,false,,,false,10000,10000,minizinc,arithmetic,0,0,false,
hakank,move_one_coin/move_one_coin,false,,true,false,164,10000,minizinc,arithmetic,0,0,false,
hakank,movement_puzzle/movement_puzzle,false,7.0,true,true,456,10000,minizinc,global,2,5,false,
hakank,movie_scheduling/movie_scheduling,true,4.0,true,true,1,10000,minizinc,linear,0,1,false,
hakank,movie_stars/movie_stars,false,9.0,true,true,0,10000,minizinc,global,6,1,false,
hakank,moving_coins/moving_coins,true,19.0,true,true,121,10000,minizinc,linear,0,6,false,
hakank,mr_smith/mr_smith,false,,true,false,98,10000,minizinc,pseudo-boolean,0,0,true,
hakank,muddle_management/muddle_management,false,,true,false,166,10000,minizinc,global,2,0,false,
hakank,multipl/multipl,false,,true,false,3109,10000,minizinc,global,1,0,false,
hakank,multiplication_addition/multiplication_addition,false,,,false,10000,10000,minizinc,global,1,0,false,
hakank,multiplicative_sequence/multiplicative_sequence,false,,true,false,383,10000,minizinc,arithmetic,0,0,false,
hakank,murder/murder,false,,true,false,143,10000,minizinc,global,4,0,false,
hakank,music_men/music_men,false,,true,false,159,10000,minizinc,global,4,0,false,
hakank,mvcp/mvcp,false,6.0,true,true,0,10000,minizinc,linear,0,1,false,
hakank,my_nvalue/my_nvalue,false,,true,false,166,10000,minizinc,global,6,0,false,
hakank,my_precedence/my_precedence,false,,true,false,165,10000,minizinc,arithmetic,0,0,false,
hakank,n_change/n_change,false,,true,false,168,10000,minizinc,linear,0,3,false,
hakank,n_partitioning/n_partitioning,false,,true,false,192,10000,minizinc,linear,0,1,false,
hakank,n_puzzle/n_puzzle,false,16.0,true,true,1833,10000,minizinc,global,1,1,false,
hakank,nadel/nadel,false,,true,false,161,10000,minizinc,global,1,1,false,
hakank,narcissistic_numbers/narcissistic_numbers,false,,true,false,138,10000,minizinc,linear,0,2,false,
hakank,nchange/nchange,false,,true,false,155,10000,minizinc,linear,0,3,false,
hakank,nclass/nclass,false,,true,false,155,10000,minizinc,linear,0,1,false,
hakank,newspaper/newspaper,false,180.0,true,true,422,10000,minizinc,global,4,2,false,
hakank,newspaper/newspaper0,false,180.0,true,true,4,10000,minizinc,global,3,1,false,
hakank,next_element/next_element,false,,true,false,149,10000,minizinc,global,3,0,false,
hakank,next_greater_element/next_greater_element,false,,true,false,85,10000,minizinc,global,1,0,false,
hakank,nim/nim,false,1.0,true,true,37,10000,minizinc,global,2,3,false,
hakank,nine_digit_arrangement/nine_digit_arrangement,false,,true,false,148,10000,minizinc,global,2,0,false,
hakank,nine_to_one_equals/nine_to_one_equals_100,false,,true,false,217,10000,minizinc,global,3,3,false,
hakank,no_three_in_line/no_three_in_line,false,,true,false,172,10000,minizinc,global,1,3,false,
hakank,non_dominating_queens/non_dominating_queens,false,22.0,true,true,55,10000,minizinc,linear,0,10,false,
hakank,nonlin/nonlin2,true,625.0,true,true,0,10000,minizinc,arithmetic,0,0,false,
hakank,nonlin_cylinder/nonlin_cylinder,false,,,false,10000,10000,minizinc,arithmetic,0,0,false,
hakank,nonogram/nonogram,false,,true,false,303,10000,minizinc,linear,0,2,false,
hakank,nonogram_create_automaton/nonogram_create_automaton,false,,true,false,185,10000,minizinc,global,9,3,false,
hakank,nonogram_create_automaton/nonogram_create_automaton2,false,,true,false,177,10000,minizinc,global,5,4,false,
hakank,nonogram_gchq/nonogram_gchq,false,,true,false,162,10000,minizinc,global,2,4,false,
hakank,nonogram_regexp/nonogram_regexp,false,,true,false,145,10000,minizinc,global,8,0,false,
hakank,nontransitive_dice/nontransitive_dice,false,4.0,true,true,198,10000,minizinc,global,4,7,false,
hakank,norwegian_mathematical_olympiad_problem/norwegian_mathematical_olympiad_problem,false,,true,false,201,10000,minizinc,arithmetic,0,0,false,
hakank,not_all_equal/not_all_equal,false,,true,false,141,10000,minizinc,global,1,0,false,
hakank,not_in/not_in,false,,true,false,84,10000,minizinc,arithmetic,0,0,false,
hakank,npair/npair,false,,true,false,82,10000,minizinc,linear,0,1,false,
hakank,number_generation/number_generation,false,,true,false,194,10000,minizinc,linear,0,1,false,
hakank,number_lock/number_lock,false,,true,false,188,10000,minizinc,linear,0,2,false,
hakank,number_lock/number_lock2,false,,true,false,169,10000,minizinc,linear,0,2,false,
hakank,number_of_days/number_of_days,false,8300.0,true,true,0,10000,minizinc,global,2,2,false,
hakank,number_of_regions/number_of_regions,false,,,false,10000,10000,minizinc,global,1,2,false,
hakank,number_puzzle/number_puzzle,false,,true,false,924,10000,minizinc,global,1,40,false,
hakank,number_square/number_square,false,,true,false,115,10000,minizinc,arithmetic,0,0,false,
hakank,numberlink/numberlink,false,,,false,10000,10000,minizinc,linear,0,1,false,
hakank,numbrix/numbrix,false,,true,false,1097,10000,minizinc,linear,0,3,false,
hakank,numeric_keypad/numeric_keypad,false,,true,false,189,10000,minizinc,global,1,1,false,
hakank,numerica_p/numerica_p19,false,,,false,10000,10000,minizinc,arithmetic,0,0,false,
hakank,numerica_p/numerica_p20,false,,,false,10000,10000,minizinc,arithmetic,0,0,false,
hakank,numerica_p/numerica_p21,false,,,false,10000,10000,minizinc,arithmetic,0,0,false,
hakank,numerica_p/numerica_p23,false,,,false,10000,10000,minizinc,arithmetic,0,0,false,
hakank,numerica_p/numerica_p24,false,,,false,10000,10000,minizinc,arithmetic,0,0,false,
hakank,nurse_rostering_with_availability/nurse_rostering_with_availability,false,,true,false,259,10000,minizinc,global,2,4,false,
hakank,nvalue_on_intersection/nvalue_on_intersection,false,,true,false,84,10000,minizinc,arithmetic,0,0,false,
hakank,nvalues/nvalues,false,,true,false,163,10000,minizinc,global,1,0,false,
hakank,nvalues_except/nvalues_except_0,false,,true,false,100,10000,minizinc,linear,0,1,false,
hakank,odd_even_sequences/odd_even_sequences,false,,true,false,183,10000,minizinc,arithmetic,0,0,false,
hakank,office_blocked/office_blocked,false,,true,false,178,10000,minizinc,global,1,0,false,
hakank,office_blocked/office_blocked2,false,,true,false,171,10000,minizinc,global,1,0,false,
hakank,olympic/olympic,false,,true,false,217,10000,minizinc,global,1,0,false,
hakank,one_off_digit/one_off_digit,false,,true,false,89,10000,minizinc,arithmetic,0,0,false,
hakank,one_to_many/one_to_many,false,,true,false,142,10000,minizinc,global,2,0,false,
hakank,online_dating_service/online_dating_service,false,,,false,10000,10000,minizinc,global,4,3,false,
hakank,onroad/onroad,false,10.0,true,true,156,10000,minizinc,linear,0,20,false,
hakank,open_alldifferent/open_alldifferent,false,,true,false,84,10000,minizinc,arithmetic,0,0,false,
hakank,open_among/open_among,false,,true,false,94,10000,minizinc,linear,0,1,false,
hakank,open_atleast/open_atleast,false,,true,false,93,10000,minizinc,linear,0,1,false,
hakank,open_atmost/open_atmost,false,,true,false,100,10000,minizinc,linear,0,1,false,
hakank,open_global_cardinality/open_global_cardinality,false,,true,false,108,10000,minizinc,linear,0,1,false,
hakank,open_global_cardinality_low_up/open_global_cardinality_low_up,false,,true,false,97,10000,minizinc,linear,0,1,false,
hakank,optimal_picking_elements_from_each_list/optimal_picking_elements_from_each_list,false,16.0,true,true,10,10000,minizinc,global,6,1,false,
hakank,option_trading/option_trading,false,,,false,10000,10000,minizinc,arithmetic,0,0,false,
hakank,or_matching/or_matching,true,519.0,true,true,1841,10000,minizinc,global,4,1,false,
hakank,or_matching/or_matching2,true,519.0,true,true,12,10000,minizinc,linear,0,3,false,
hakank,or_seating/or_seating,true,996.0,true,true,700,10000,minizinc,global,20,1,false,
hakank,ordering_a_list_of_lists/ordering_a_list_of_lists,false,,true,false,200,10000,minizinc,global,1,0,false,
hakank,organize_day/organize_day,false,,true,false,95,10000,minizinc,linear,0,1,false,
hakank,ormat_game/ormat_game,false,,true,false,180,10000,minizinc,global,2,3,false,
hakank,ormat_game/ormat_game_mip_problem1,false,,true,true,0,10000,minizinc,arithmetic,0,0,false,
hakank,ormat_game/ormat_game_mip_problem2,false,,true,true,1,10000,minizinc,arithmetic,0,0,false,
hakank,ormat_game/ormat_game_mip_problem3,false,,true,true,0,10000,minizinc,arithmetic,0,0,false,
hakank,ormat_game/ormat_game_mip_problem4,false,,true,true,1,10000,minizinc,arithmetic,0,0,false,
hakank,ormat_game/ormat_game_mip_problem5,false,,true,true,2,10000,minizinc,arithmetic,0,0,false,
hakank,ormat_game/ormat_game_mip_problem6,false,,true,true,16,10000,minizinc,arithmetic,0,0,false,
hakank,ormat_game/ormat_game_problem1,false,,true,true,0,10000,minizinc,arithmetic,0,0,false,
hakank,ormat_game/ormat_game_problem2,false,,true,true,1,10000,minizinc,arithmetic,0,0,false,
hakank,ormat_game/ormat_game_problem3,false,,true,true,0,10000,minizinc,arithmetic,0,0,false,
hakank,ormat_game/ormat_game_problem4,false,,true,true,2,10000,minizinc,arithmetic,0,0,false,
hakank,ormat_game/ormat_game_problem5,false,,true,true,2,10000,minizinc,arithmetic,0,0,false,
hakank,ormat_game/ormat_game_problem6,false,,true,true,17,10000,minizinc,arithmetic,0,0,false,
hakank,ormat_game_generate/ormat_game_generate,false,,true,false,156,10000,minizinc,linear,0,2,false,
hakank,orth_link_ori_siz_end/orth_link_ori_siz_end,false,,true,false,92,10000,minizinc,arithmetic,0,0,false,
hakank,orth_on_the_ground/orth_on_the_ground,false,,true,false,90,10000,minizinc,arithmetic,0,0,false,
hakank,p_median/p_median,false,670.0,true,false,86,10000,minizinc,linear,0,3,false,
hakank,pair_divides_the_sum/pair_divides_the_sum,false,,true,false,2857,10000,minizinc,global,1,1,false,
hakank,pairwise_sum_of_n_numbers/pairwise_sum_of_n_numbers,false,,true,false,171,10000,minizinc,global,2,0,false,
hakank,pandigital_numbers/pandigital_numbers,false,,true,false,228,10000,minizinc,global,2,1,false,
hakank,parallel_resistors/parallel_resistors,false,,true,false,83,10000,minizinc,arithmetic,0,0,false,
hakank,partial_latin_square/partial_latin_square,false,,true,false,150,10000,minizinc,global,7,0,false,
hakank,partition_into_subset_of_equal_values/partition_into_subset_of_equal_values,false,,true,false,95,10000,minizinc,global,2,4,false,
hakank,partition_into_subset_of_equal_values/partition_into_subset_of_equal_values2,false,,true,false,226,10000,minizinc,global,2,8,false,
hakank,partition_into_subset_of_equal_values/partition_into_subset_of_equal_values3,false,,true,false,148,10000,minizinc,global,2,12,false,
hakank,partitions/partitions,false,,true,false,153,10000,minizinc,linear,0,1,false,
hakank,party_mixing/party_mixing,false,,true,false,1460,10000,minizinc,global,18,0,false,
hakank,party_mixing/party_mixing2,false,,,false,10000,10000,minizinc,global,10,0,false,
hakank,path_from_to/path_from_to,false,,true,false,88,10000,minizinc,arithmetic,0,0,false,
hakank,patient_no/patient_no_21,false,0.0,true,true,1,10000,minizinc,global,6,2,false,
hakank,pchange/pchange,false,,true,false,134,10000,minizinc,linear,0,3,false,
hakank,peacableArmyOfQueens/peacableArmyOfQueens,true,4.0,true,true,12,10000,minizinc,linear,0,2,false,
hakank,peaceableArmyOfQueens/peaceableArmyOfQueens,true,5.0,true,true,35,10000,minizinc,global,1,2,false,
hakank,penguin/penguin,false,,true,false,88,10000,minizinc,arithmetic,0,0,false,
hakank,perfect_shuffle/perfect_shuffle,false,,true,false,107,10000,minizinc,global,1,0,false,
hakank,perfect_square_sequence/perfect_square_sequence,false,,true,false,211,10000,minizinc,global,1,0,false,
hakank,period/period,false,,true,false,176,10000,minizinc,global,1,0,false,
hakank,permutation/permutation3,false,,true,false,172,10000,minizinc,global,2,0,false,
hakank,permutation_number/permutation_number,false,,true,false,181,10000,minizinc,global,2,2,false,
hakank,permutation_symmetry/permutation_symmetry,false,,true,false,179,10000,minizinc,global,1,0,false,
hakank,persistent_numbers/persistent_numbers,false,679.0,true,true,69,10000,minizinc,global,1,1,false,
hakank,pert/pert,false,22.0,true,true,0,10000,minizinc,linear,0,2,false,
hakank,philosophical_railway/philosophical_railway,false,,true,false,161,10000,minizinc,global,2,0,false,
hakank,photo_hkj/photo_hkj,true,6.0,true,true,15,10000,minizinc,global,1,1,false,
hakank,photo_hkj/photo_hkj2_data1,false,,true,false,167,10000,minizinc,arithmetic,0,0,false,
hakank,photo_hkj/photo_hkj2_data2,false,,true,false,185,10000,minizinc,arithmetic,0,0,false,
hakank,picking_teams/picking_teams,false,1.0,true,true,133,10000,minizinc,global,1,7,false,
hakank,picking_teams/picking_teams2,false,0.0,true,true,1,10000,minizinc,global,1,10,false,
hakank,pigeon_hole/pigeon_hole,false,,true,false,152,10000,minizinc,linear,0,2,false,
hakank,pigeon_hole/pigeon_hole2,false,,true,false,150,10000,minizinc,global,1,0,false,
hakank,pilgrim/pilgrim,false,,true,false,136,10000,minizinc,linear,0,6,false,
hakank,place_number/place_number,false,,true,false,155,10000,minizinc,global,1,0,false,
hakank,place_number/place_number2,false,,true,false,189,10000,minizinc,global,1,0,false,
hakank,place_number/place_number3,false,,true,false,198,10000,minizinc,global,1,1,false,
hakank,plan/plan,false,,,false,10000,10000,minizinc,global,1,0,false,
hakank,planet_colonization_puzzlor/planet_colonization_puzzlor,false,5.0,true,true,17,10000,minizinc,arithmetic,0,0,false,
hakank,polygon/polygon,false,,,false,10000,10000,minizinc,arithmetic,0,0,false,
hakank,pool_ball_triangles/pool_ball_triangles,false,,true,false,189,10000,minizinc,global,1,0,false,
hakank,popsicle_stand/popsicle_stand,false,8200.0,true,true,63,10000,minizinc,linear,0,19,false,
hakank,portfolio_optimization/portfolio_optimization,false,,,false,10000,10000,minizinc,linear,0,3,false,
hakank,portfolio_optimization/portfolio_optimization2,true,1399.0,true,true,49,10000,minizinc,global,1,5,false,
hakank,post_office_problem/post_office_problem,false,23.0,true,true,1,10000,minizinc,linear,0,8,false,
hakank,post_office_problem/post_office_problem2,false,15800.0,true,true,2,10000,minizinc,linear,0,3,false,
hakank,post_office_problem/post_office_problem3,false,36.0,true,true,27,10000,minizinc,linear,0,4,false,
hakank,power/power,false,,true,false,110,10000,minizinc,arithmetic,0,0,false,
hakank,power_set/power_set,false,,true,false,207,10000,minizinc,global,1,0,false,
hakank,power_set/power_set2,false,,true,false,237,10000,minizinc,linear,0,1,false,
hakank,power_set/power_set3,false,,true,false,154,10000,minizinc,linear,0,1,false,
hakank,powerset_param/powerset_param,false,,true,false,208,10000,minizinc,arithmetic,0,0,false,
hakank,prime/prime,false,,true,false,207,10000,minizinc,linear,0,1,false,
hakank,prime_looking/prime_looking,false,,true,false,166,10000,minizinc,arithmetic,0,0,false,
hakank,prime_multiplication/prime_multiplication,false,,true,false,168,10000,minizinc,linear,0,1,false,
hakank,primes/primes,false,,true,false,210,10000,minizinc,arithmetic,0,0,false,
hakank,primes_in_a_circle/primes_in_a_circle,false,,true,false,233,10000,minizinc,global,1,0,false,
hakank,primes_param/primes_param,false,,true,false,600,10000,minizinc,global,1,1,false,
hakank,prod/prod0,false,,,false,10000,10000,minizinc,arithmetic,0,0,false,
hakank,product_configuration/product_configuration,false,690.0,true,true,1,10000,minizinc,linear,0,6,false,
hakank,product_ctr/product_ctr,false,,true,false,89,10000,minizinc,arithmetic,0,0,false,
hakank,public_school_problem/public_school_problem,false,26.0,true,true,54,10000,minizinc,linear,0,4,false,
hakank,puzzle/puzzle1,false,,true,false,103,10000,minizinc,linear,0,4,false,
hakank,pyramid_of_numbers/pyramid_of_numbers,false,,true,false,97,10000,minizinc,arithmetic,0,0,false,
hakank,pythagoras/pythagoras,false,,true,false,858,10000,minizinc,arithmetic,0,0,false,
hakank,quasiGroup/quasiGroup6,false,,,false,10000,10000,minizinc,global,7,0,false,
hakank,quasiGroup/quasiGroup7,false,,true,false,172,10000,minizinc,global,4,0,false,
hakank,quasiGroup3Idempotent/quasiGroup3Idempotent,false,,true,false,175,10000,minizinc,global,4,0,false,
hakank,quasiGroup3NonIdempotent/quasiGroup3NonIdempotent,false,,true,false,170,10000,minizinc,global,5,0,false,
hakank,quasiGroup4Idempotent/quasiGroup4Idempotent,false,,true,false,708,10000,minizinc,global,5,0,false,
hakank,quasiGroup4NonIdempotent/quasiGroup4NonIdempotent,false,,true,false,249,10000,minizinc,global,5,0,false,
hakank,quasiGroup5Idempotent/quasiGroup5Idempotent,false,,true,false,251,10000,minizinc,global,4,0,false,
hakank,quasiGroup5NonIdempotent/quasiGroup5NonIdempotent,false,,true,false,229,10000,minizinc,global,4,0,false,
hakank,quasigroup_completion/quasigroup_completion,false,,true,false,156,10000,minizinc,global,5,0,false,
hakank,quasigroup_completion/quasigroup_completion_gcc,false,,true,false,172,10000,minizinc,arithmetic,0,0,false,
hakank,quasigroup_completion/quasigroup_completion_gomes_demo1,false,,true,false,207,10000,minizinc,arithmetic,0,0,false,
hakank,quasigroup_completion/quasigroup_completion_gomes_demo2,false,,true,false,182,10000,minizinc,arithmetic,0,0,false,
hakank,quasigroup_completion/quasigroup_completion_gomes_demo3,false,,true,false,153,10000,minizinc,arithmetic,0,0,false,
hakank,quasigroup_completion/quasigroup_completion_gomes_demo4,false,,,false,10000,10000,minizinc,arithmetic,0,0,false,
hakank,quasigroup_completion/quasigroup_completion_gomes_demo5,false,,,false,10000,10000,minizinc,arithmetic,0,0,false,
hakank,quasigroup_completion/quasigroup_completion_gomes_shmoys_p3,false,,true,false,143,10000,minizinc,global,3,0,false,
hakank,quasigroup_completion/quasigroup_completion_gomes_shmoys_p7,false,,true,false,144,10000,minizinc,arithmetic,0,0,false,
hakank,quasigroup_completion/quasigroup_completion_martin_lynce,false,,true,false,153,10000,minizinc,arithmetic,0,0,false,
hakank,queens/queens3,false,,true,false,195,10000,minizinc,global,1,0,false,
hakank,queens/queens4,false,,true,false,170,10000,minizinc,global,4,0,false,
hakank,queens_and_knights/queens_and_knights,false,,true,false,439,10000,minizinc,global,2,2,false,
hakank,queens_diversity/queens_diversity,false,7.0,true,false,1036,10000,minizinc,global,4,3,false,
hakank,queens_ip/queens_ip,true,8.0,true,true,6,10000,minizinc,linear,0,5,false,
hakank,queens_viz/queens_viz,false,,true,false,286,10000,minizinc,arithmetic,0,0,false,
hakank,ramsey_partition/ramsey_partition,false,,true,false,180,10000,minizinc,pseudo-boolean,0,0,true,
hakank,random_function/random_function,false,,true,false,84,10000,minizinc,arithmetic,0,0,false,
hakank,random_function/random_function_test,false,,true,false,94,10000,minizinc,arithmetic,0,0,false,
hakank,random_generator/random_generator,false,,true,false,95,10000,minizinc,arithmetic,0,0,false,
hakank,random_generator/random_generator2,false,,true,false,86,10000,minizinc,arithmetic,0,0,false,
hakank,random_set/random_set,false,,true,false,133,10000,minizinc,linear,0,2,false,
hakank,range_ctr/range_ctr,false,,true,false,93,10000,minizinc,global,2,0,false,
hakank,raven_puzzle/raven_puzzle,true,5.0,true,true,4,10000,minizinc,linear,0,2,false,
hakank,rectangle_from_line_segments/rectangle_from_line_segments,true,48.0,true,true,62,10000,minizinc,linear,0,4,false,
hakank,rehearsal/rehearsal,false,0.0,true,true,4,10000,minizinc,global,6,5,false,
hakank,reindeer_ordering/reindeer_ordering,false,,true,false,178,10000,minizinc,global,2,0,false,
hakank,relative_sizes/relative_sizes,false,,true,false,170,10000,minizinc,global,1,0,false,
hakank,relief_mission/relief_mission,false,178.0,true,true,127,10000,minizinc,linear,0,2,false,
hakank,remainder_puzzle/remainder_puzzle,false,58.0,true,true,0,10000,minizinc,arithmetic,0,0,false,
hakank,remainder_puzzle/remainder_puzzle2,false,,true,false,90,10000,minizinc,arithmetic,0,0,false,
hakank,remarkable_sequence/remarkable_sequence,false,,,false,10000,10000,minizinc,global,1,0,false,
hakank,restaurant_scheduling/restaurant_scheduling,false,6000.0,true,true,1,10000,minizinc,linear,0,5,false,
hakank,reveal_the_mapping/reveal_the_mapping,false,,true,false,167,10000,minizinc,global,1,1,false,
hakank,reverse_multiples/reverse_multiples,false,,,false,10000,10000,minizinc,linear,0,1,false,
hakank,rock_star_dressing_problem/rock_star_dressing_problem,false,,true,false,164,10000,minizinc,global,4,0,false,
hakank,rogo/rogo,true,,,false,10000,10000,minizinc,linear,0,2,false,
hakank,rogo/rogo2,true,,,false,10000,10000,minizinc,linear,0,2,false,
hakank,rogo/rogo3,true,0.0,true,true,13,10000,minizinc,global,9,2,false,
hakank,rook_path/rook_path,false,,,false,10000,10000,minizinc,global,1,0,false,
hakank,rookwise_chain/rookwise_chain,false,,true,false,153,10000,minizinc,global,1,2,false,
hakank,roots_test/roots_test,false,,true,false,149,10000,minizinc,arithmetic,0,0,false,
hakank,rosenbrock/rosenbrock,false,,,false,10000,10000,minizinc,global,1,0,false,
hakank,rostering/rostering,false,,true,false,186,10000,minizinc,linear,0,3,false,
hakank,rot/rot13,false,,true,false,93,10000,minizinc,arithmetic,0,0,false,
hakank,rot/rot13_2,false,,true,false,97,10000,minizinc,arithmetic,0,0,false,
hakank,rotating_discs/rotating_discs,false,,true,false,105,10000,minizinc,linear,0,2,false,
hakank,rotation/rotation,false,10.0,true,true,666,10000,minizinc,global,2,2,false,
hakank,rotation/rotation2,false,10.0,true,true,3487,10000,minizinc,global,1,0,false,
hakank,rubiks_cube/rubiks_cube,false,8.0,true,true,8042,10000,minizinc,global,11,0,false,
hakank,runs/runs,false,,true,false,170,10000,minizinc,linear,0,1,false,
hakank,safe_cracking/safe_cracking,false,,true,false,141,10000,minizinc,global,1,0,false,
hakank,same/same,false,,true,false,145,10000,minizinc,global,2,0,false,
hakank,same_and_global_cardinality/same_and_global_cardinality,false,,true,false,142,10000,minizinc,global,2,1,false,
hakank,same_and_global_cardinality_low_up/same_and_global_cardinality_low_up,false,,true,false,143,10000,minizinc,global,2,1,false,
hakank,same_interval/same_interval,false,,true,false,86,10000,minizinc,linear,0,2,false,
hakank,same_modulo/same_modulo,false,,true,false,142,10000,minizinc,global,2,0,false,
hakank,samurai_puzzle/samurai_puzzle,false,,true,false,144,10000,minizinc,global,1,1,false,
hakank,sangraal/sangraal,true,6.0,true,true,47,10000,minizinc,linear,0,5,false,
hakank,sangraal_cp/sangraal_cp,true,6.0,true,true,5,10000,minizinc,global,2,1,false,
hakank,sat/sat,false,1.0,true,true,53,10000,minizinc,linear,0,2,false,
hakank,satisfy/satisfy,false,,true,false,87,10000,minizinc,arithmetic,0,0,false,
hakank,scalar_product/scalar_product,false,,true,false,86,10000,minizinc,linear,0,2,false,
hakank,scanner_problem/scanner_problem,false,,true,false,156,10000,minizinc,linear,0,4,false,
hakank,scene_allocation/scene_allocation,false,334144.0,true,false,194,10000,minizinc,global,1,8,false,
hakank,schedule/schedule1,false,23.0,true,true,4,10000,minizinc,global,2,0,false,
hakank,schedule/schedule2,false,49.0,true,true,3,10000,minizinc,global,7,0,false,
hakank,scheduling_bratko/scheduling_bratko,false,9.0,true,true,0,10000,minizinc,arithmetic,0,0,false,
hakank,scheduling_bratko/scheduling_bratko2,false,22.0,true,true,2,10000,minizinc,global,1,0,false,
hakank,scheduling_chip/scheduling_chip,false,23.0,true,true,4,10000,minizinc,global,2,0,false,
hakank,scheduling_speakers/scheduling_speakers,false,,true,false,141,10000,minizinc,global,1,0,false,
hakank,scheduling_speakers_optimize/scheduling_speakers_optimize,false,5.0,true,true,1,10000,minizinc,global,1,0,false,
hakank,scheduling_speakers_optimize/scheduling_speakers_optimize2,false,60.0,true,true,3,10000,minizinc,global,3,0,false,
hakank,scheduling_speakers_optimize/scheduling_speakers_optimize3,false,33.0,true,true,5,10000,minizinc,global,7,5,false,
hakank,scheduling_with_assignments/scheduling_with_assignments,false,4.0,true,true,4,10000,minizinc,global,13,4,false,
hakank,scheduling_with_multiple_workers/scheduling_with_multiple_workers,false,12.0,true,true,236,10000,minizinc,global,5,3,false,
hakank,scp/scp41,false,429.0,true,true,586,10000,minizinc,linear,0,5,false,
hakank,seating_arrangements/seating_arrangements,false,,,false,10000,10000,minizinc,global,9,0,false,
hakank,seating_plan/seating_plan,false,,true,false,154,10000,minizinc,global,3,0,false,
hakank,seating_row/seating_row,false,,true,false,152,10000,minizinc,global,2,0,false,
hakank,seating_row/seating_row1,false,,true,false,154,10000,minizinc,global,2,0,false,
hakank,seating_table/seating_table,false,,true,false,153,10000,minizinc,global,2,0,false,
hakank,secret_santa/secret_santa,false,,true,false,148,10000,minizinc,global,1,0,false,
hakank,secret_santa/secret_santa2,true,90.0,true,true,5,10000,minizinc,global,1,1,false,
hakank,self_referential_quiz/self_referential_quiz,false,,true,false,93,10000,minizinc,pseudo-boolean,0,0,true,
hakank,self_referential_sentence/self_referential_sentence,false,,true,false,153,10000,minizinc,global,1,0,false,
hakank,send_more_money/send_more_money,false,,true,false,143,10000,minizinc,global,1,0,false,
hakank,send_more_money/send_more_money2,false,,true,false,142,10000,minizinc,global,1,0,false,
hakank,send_more_money_any_base/send_more_money_any_base,false,,true,false,146,10000,minizinc,global,1,0,false,
hakank,send_more_money_ip/send_more_money_ip,false,,true,false,89,10000,minizinc,linear,0,3,false,
hakank,send_most_money/send_most_money,true,10876.0,true,true,4,10000,minizinc,global,1,0,false,
hakank,separate_zeros/separate_zeros,false,,true,false,141,10000,minizinc,global,3,3,false,
hakank,sequence_2/sequence_2_3,false,,true,false,148,10000,minizinc,global,1,0,false,
hakank,sequence_puzzle/sequence_puzzle,false,4113.0,true,true,4,10000,minizinc,global,1,1,false,
hakank,seseman/seseman,false,,true,false,85,10000,minizinc,linear,0,5,false,
hakank,seseman/seseman2,false,,true,false,88,10000,minizinc,linear,0,7,false,
hakank,set_covering/set_covering,false,2.0,true,true,0,10000,minizinc,linear,0,2,false,
hakank,set_covering/set_covering2,false,4.0,true,true,1,10000,minizinc,global,1,2,false,
hakank,set_covering/set_covering3,false,,true,false,95,10000,minizinc,arithmetic,0,0,false,
hakank,set_covering/set_covering4,false,45.0,true,true,53,10000,minizinc,linear,0,3,false,
hakank,set_covering/set_covering4b,false,49.0,true,true,1,10000,minizinc,linear,0,3,false,
hakank,set_covering/set_covering5,false,,true,false,89,10000,minizinc,global,2,5,false,
hakank,set_covering/set_covering6,false,30.0,true,true,1,10000,minizinc,global,1,3,false,
hakank,set_covering_deployment/set_covering_deployment,false,4.0,true,true,1,10000,minizinc,linear,0,3,false,
hakank,set_covering_opl/set_covering_opl,false,14.0,true,true,2,10000,minizinc,linear,0,2,false,
hakank,set_covering_skiena/set_covering_skiena,false,3.0,true,true,0,10000,minizinc,linear,0,4,false,
hakank,set_packing/set_packing,false,,true,false,146,10000,minizinc,linear,0,4,false,
hakank,set_partition/set_partition,false,,true,false,182,10000,minizinc,linear,0,4,false,
hakank,set_partition_stackoverflow/set_partition_stackoverflow,false,,true,false,147,10000,minizinc,pseudo-boolean,0,1,true,
hakank,set_puzzle/set_puzzle,false,,true,false,366,10000,minizinc,global,1,0,false,
hakank,seven/seven11,false,,true,false,199,10000,minizinc,linear,0,1,false,
hakank,shift/shift,false,,true,false,154,10000,minizinc,global,4,0,false,
hakank,shopping/shopping,false,,true,false,151,10000,minizinc,linear,0,3,false,
hakank,shopping_basket/shopping_basket,false,125.0,true,true,52,10000,minizinc,linear,0,5,false,
hakank,shopping_basket/shopping_basket2,false,,true,false,82,10000,minizinc,linear,0,3,false,
hakank,shopping_basket/shopping_basket5,false,42013.0,true,true,1100,10000,minizinc,linear,0,5,false,
hakank,shopping_basket/shopping_basket6,false,42013.0,true,true,1527,10000,minizinc,linear,0,7,false,
hakank,shopping_with_delivery_costs/shopping_with_delivery_costs,false,,,false,10000,10000,minizinc,global,1,3,false,
hakank,shortest_path_graph/shortest_path_graph,false,4.0,true,true,142,10000,minizinc,global,1,1,false,
hakank,sicherman_dice/sicherman_dice,false,,true,false,198,10000,minizinc,global,1,1,false,
hakank,sieve/sieve,false,,true,false,89,10000,minizinc,arithmetic,0,0,false,
hakank,ski_assignment_problem/ski_assignment_problem,false,7.0,true,true,3,10000,minizinc,global,3,2,false,
hakank,skyscraper/skyscraper,false,,true,false,204,10000,minizinc,global,3,2,false,
hakank,sliding_sum_me/sliding_sum_me,false,,true,false,89,10000,minizinc,linear,0,1,false,
hakank,sliding_time_window/sliding_time_window,false,,true,false,95,10000,minizinc,linear,0,2,false,
hakank,sliding_time_window_from_start/sliding_time_window_from_start,false,,true,false,89,10000,minizinc,linear,0,2,false,
hakank,smallest_winning_electoral/smallest_winning_electoral,false,1625012.0,true,true,1,10000,minizinc,linear,0,6,false,
hakank,smallest_winning_electoral/smallest_winning_electoral2,false,1.35936335E8,true,true,1,10000,minizinc,linear,0,6,false,
hakank,smooth/smooth,false,,true,false,90,10000,minizinc,linear,0,1,false,
hakank,smuggler_knapsack/smuggler_knapsack,true,32.0,true,true,0,10000,minizinc,global,3,2,false,
hakank,smullyan_knights_knaves/smullyan_knights_knaves,false,,true,false,160,10000,minizinc,linear,0,6,false,
hakank,smullyan_knights_knaves_normals/smullyan_knights_knaves_normals,false,,true,false,177,10000,minizinc,global,2,0,false,
hakank,smullyan_knights_knaves_normals_bahava/smullyan_knights_knaves_normals_bahava,false,,true,false,172,10000,minizinc,arithmetic,0,0,false,
hakank,smullyan_lion_and_unicorn/smullyan_lion_and_unicorn,false,,true,false,87,10000,minizinc,pseudo-boolean,0,0,true,
hakank,smullyan_portia/smullyan_portia,false,,true,false,158,10000,minizinc,global,1,6,true,
hakank,soccer_puzzle/soccer_puzzle,false,,true,false,94,10000,minizinc,linear,0,1,false,
hakank,social_golfers/social_golfers1,false,,true,false,126,10000,minizinc,linear,0,1,false,
hakank,soft_all_equal_ctr/soft_all_equal_ctr,false,,true,false,87,10000,minizinc,linear,0,1,false,
hakank,soft_same_var/soft_same_var,false,,true,false,170,10000,minizinc,global,5,2,false,
hakank,sokoban/sokoban,false,,true,false,220,10000,minizinc,global,1,0,false,
hakank,solitaire_battleship/solitaire_battleship,false,,true,false,102,10000,minizinc,linear,0,2,false,
hakank,sonet_problem/sonet_problem,false,7.0,true,true,31,10000,minizinc,linear,0,2,false,
hakank,sort_permutation/sort_permutation,false,,true,false,179,10000,minizinc,global,2,0,false,
hakank,sortedness/sortedness,false,,true,false,185,10000,minizinc,global,1,3,false,
hakank,special_6_digit_number/special_6_digit_number,false,,true,false,279,10000,minizinc,global,4,1,false,
hakank,spinning_disks/spinning_disks,false,,true,false,108,10000,minizinc,linear,0,1,false,
hakank,sportsScheduling/sportsScheduling,false,,true,false,176,10000,minizinc,global,3,0,false,
hakank,spp/spp,false,20.0,true,true,1,10000,minizinc,linear,0,3,false,
hakank,spreadsheet/spreadsheet,false,,,false,10000,10000,minizinc,arithmetic,0,0,false,
hakank,spy_girls/spy_girls,false,,true,false,151,10000,minizinc,global,2,0,false,
hakank,square_root_of_wonderful/square_root_of_wonderful,false,,true,false,187,10000,minizinc,global,1,0,false,
hakank,squeens/squeens,true,8.0,true,true,16,10000,minizinc,linear,0,6,false,
hakank,stable_marriage/stable_marriage,false,,true,false,205,10000,minizinc,global,1,0,false,
hakank,stamp_licking/stamp_licking,true,50.0,true,true,43,10000,minizinc,linear,0,7,false,
hakank,state_name_puzzle/state_name_puzzle,false,,true,false,1797,10000,minizinc,global,5,4,false,
hakank,steiner/steiner,false,,true,false,195,10000,minizinc,global,1,0,false,
hakank,stigler/stigler,false,,,false,10000,10000,minizinc,global,1,3,false,
hakank,strata/strata,false,8.0,true,true,393,10000,minizinc,arithmetic,0,0,false,
hakank,stretch_circuit/stretch_circuit,false,,true,false,100,10000,minizinc,global,2,0,false,
hakank,stretch_path/stretch_path,false,,true,false,120,10000,minizinc,global,2,0,false,
hakank,strictly_decreasing/strictly_decreasing,false,,true,false,95,10000,minizinc,arithmetic,0,0,false,
hakank,strimko/strimko,false,,,false,10000,10000,minizinc,global,3,0,false,
hakank,strimko/strimko2,false,,,false,10000,10000,minizinc,global,3,0,false,
hakank,stuckey_assignment/stuckey_assignment,true,21.0,true,true,1,10000,minizinc,linear,0,3,false,
hakank,stuckey_finite_element/stuckey_finite_element,false,,,false,10000,10000,minizinc,global,1,0,false,
hakank,stuckey_seesaw/stuckey_seesaw,false,,true,false,195,10000,minizinc,global,2,0,false,
hakank,students_and_languages/students_and_languages,false,,true,false,102,10000,minizinc,linear,0,16,false,
hakank,subsequence/subsequence,false,,true,false,185,10000,minizinc,arithmetic,0,0,false,
hakank,subsequence_sum/subsequence_sum,false,8.0,true,true,3,10000,minizinc,global,2,1,false,
hakank,subset_plus/subset_plus_2,false,,true,false,88,10000,minizinc,global,1,0,false,
hakank,subset_sum/subset_sum,false,,true,false,85,10000,minizinc,linear,0,2,false,
hakank,subsets/subsets_100,false,,true,false,231,10000,minizinc,linear,0,2,false,
hakank,successive_number_problem/successive_number_problem,false,,true,false,113,10000,minizinc,linear,0,1,false,
hakank,sudoku_25x25/sudoku_25x25_250,false,,true,false,187,10000,minizinc,global,75,0,false,
hakank,sudoku_alldifferent/sudoku_alldifferent,false,,true,false,163,10000,minizinc,global,6,0,false,
hakank,sudoku_gcc/sudoku_gcc,false,,,false,10000,10000,minizinc,global,9,0,false,
hakank,sudoku_gcc_model/sudoku_gcc_model,false,,,false,10000,10000,minizinc,global,6,0,false,
hakank,sudoku_ip/sudoku_ip,false,,true,false,117,10000,minizinc,linear,0,5,false,
hakank,sudoku_multi/sudoku_multi,false,,true,false,199,10000,minizinc,global,3,0,false,
hakank,sudoku_multi/sudoku_multi2,false,,true,false,167,10000,minizinc,global,3,0,false,
hakank,sudoku_pi/sudoku_pi,false,,true,false,182,10000,minizinc,global,1,0,false,
hakank,sudoku_pi/sudoku_pi_2008,false,,true,false,156,10000,minizinc,global,3,0,false,
hakank,sudoku_pi/sudoku_pi_2010,false,,true,false,146,10000,minizinc,global,3,0,false,
hakank,sudoku_pi/sudoku_pi_2011,false,,true,false,151,10000,minizinc,global,6,0,false,
hakank,sudoku_pi_day/sudoku_pi_day_2015,false,,true,false,175,10000,minizinc,global,5,0,false,
hakank,sultans_children/sultans_children,false,,true,false,224,10000,minizinc,arithmetic,0,0,false,
hakank,sum_ctr/sum_ctr,false,,true,false,92,10000,minizinc,linear,0,1,false,
hakank,sum_first_and_last/sum_first_and_last,false,,true,false,168,10000,minizinc,global,7,1,false,
hakank,sum_free/sum_free,false,,true,false,484,10000,minizinc,global,3,2,false,
hakank,sum_of_next_natural_numbers/sum_of_next_natural_numbers,false,,true,false,174,10000,minizinc,global,1,1,false,
hakank,sum_of_weights_of_distinct_values/sum_of_weights_of_distinct_values,false,,true,false,95,10000,minizinc,linear,0,1,false,
hakank,sum_set/sum_set,false,,true,false,84,10000,minizinc,linear,0,1,false,
hakank,sum_sets/sum_sets,false,,true,false,91,10000,minizinc,linear,0,1,false,
hakank,sum_to/sum_to_100,false,,true,false,171,10000,minizinc,linear,0,1,false,
hakank,sumbrero/sumbrero,false,,true,false,163,10000,minizinc,global,1,1,false,
hakank,super_number/super_number,false,,true,false,431,10000,minizinc,global,1,1,false,
hakank,superpermutations/superpermutations,false,7.0,true,true,1,10000,minizinc,global,1,1,false,
hakank,survivor/survivor,true,75.0,true,true,54,10000,minizinc,global,2,0,false,
hakank,survo_puzzle/survo_puzzle,false,,,false,10000,10000,minizinc,global,5,2,false,
hakank,symmetric/symmetric,false,,true,false,175,10000,minizinc,arithmetic,0,0,false,
hakank,symmetric_alldifferent/symmetric_alldifferent,false,,true,false,184,10000,minizinc,global,2,0,false,
hakank,symmetry_breaking/symmetry_breaking,false,,true,false,221,10000,minizinc,arithmetic,0,0,false,
hakank,table_of_numbers/table_of_numbers,false,,true,false,178,10000,minizinc,global,3,4,false,
hakank,takuzu/takuzu,false,,true,false,199,10000,minizinc,linear,0,2,false,
hakank,talent/talent,false,17.0,true,true,36,10000,minizinc,global,3,2,false,
hakank,talisman_square/talisman_square,false,,true,false,243,10000,minizinc,global,1,0,false,
hakank,tank/tank,false,,true,false,139,10000,minizinc,linear,0,5,false,
hakank,tea_mixing/tea_mixing,false,570.0,true,true,47,10000,minizinc,linear,0,3,false,
hakank,teambuilding/teambuilding,false,,true,false,560,10000,minizinc,global,1,3,false,
hakank,temporal_reasoning/temporal_reasoning,false,7.0,true,true,0,10000,minizinc,arithmetic,0,0,false,
hakank,ten_statements/ten_statements,false,,true,false,79,10000,minizinc,linear,0,2,false,
hakank,tennis_problem/tennis_problem,false,,true,false,215,10000,minizinc,linear,0,2,false,
hakank,tennis_tournament/tennis_tournament,false,18.0,true,false,249,10000,minizinc,global,1,1,false,
hakank,tents_puzzle/tents_puzzle,false,,true,false,249,10000,minizinc,linear,0,4,false,
hakank,the_athletics_committee/the_athletics_committee,false,,true,false,183,10000,minizinc,linear,0,4,false,
hakank,the_birthday/the_birthday,false,,,false,10000,10000,minizinc,linear,0,2,false,
hakank,the_bomb/the_bomb,false,,true,false,94,10000,minizinc,pseudo-boolean,0,0,true,
hakank,the_family_puzzle/the_family_puzzle,false,,true,false,190,10000,minizinc,global,2,0,false,
hakank,the_interns/the_interns,false,,true,false,202,10000,minizinc,linear,0,4,false,
hakank,thick_as_thieves/thick_as_thieves,false,,true,false,189,10000,minizinc,linear,0,3,false,
hakank,thirteen_link_chain_puzzle/thirteen_link_chain_puzzle,false,4.0,true,true,3,10000,minizinc,linear,0,2,false,
hakank,thirteen_link_chain_puzzle/thirteen_link_chain_puzzle2,false,4.0,true,true,5,10000,minizinc,linear,0,3,false,
hakank,thirteen_link_chain_puzzle/thirteen_link_chain_puzzle3,false,4.0,true,true,13,10000,minizinc,linear,0,3,false,
hakank,three_digit/three_digit,false,,true,false,231,10000,minizinc,global,1,0,false,
hakank,three_in_a_row_puzzle/three_in_a_row_puzzle,false,,true,false,295,10000,minizinc,linear,0,2,false,
hakank,tickTackToe/tickTackToe,false,,true,false,182,10000,minizinc,global,1,7,false,
hakank,tictactoe_avoidance/tictactoe_avoidance,false,,true,false,105,10000,minizinc,global,1,5,false,
hakank,timeslots_for_songs/timeslots_for_songs,false,,true,false,167,10000,minizinc,global,2,0,false,
hakank,timetable/timetable,false,,true,false,155,10000,minizinc,linear,0,2,false,
hakank,timpkin/timpkin,false,,true,false,98,10000,minizinc,arithmetic,0,0,false,
hakank,to_num/to_num,false,,true,false,157,10000,minizinc,global,1,1,false,
hakank,tobacco/tobacco,false,,true,false,88,10000,minizinc,arithmetic,0,0,false,
hakank,tomography/tomography,false,,,false,10000,10000,minizinc,linear,0,2,false,
hakank,tomography_n_colors/tomography_n_colors,false,,true,false,114,10000,minizinc,global,1,2,false,
hakank,torn_number/torn_number,false,,true,false,159,10000,minizinc,global,1,0,false,
hakank,touching_numbers/touching_numbers,true,320.0,true,true,25,10000,minizinc,linear,0,5,false,
hakank,tourist_site_competition/tourist_site_competition,false,,true,false,184,10000,minizinc,linear,0,3,false,
hakank,traffic_lights/traffic_lights,false,,true,false,96,10000,minizinc,arithmetic,0,0,false,
hakank,traffic_lights_table/traffic_lights_table,false,,true,false,164,10000,minizinc,global,2,0,false,
hakank,transp/transp,false,,,false,10000,10000,minizinc,linear,0,3,false,
hakank,transp/transp1,false,,,false,10000,10000,minizinc,linear,0,4,false,
hakank,transportation/transportation,false,6600.0,true,true,3,10000,minizinc,arithmetic,0,0,false,
hakank,transportation/transportation2,false,6600.0,true,true,3,10000,minizinc,linear,0,3,false,
hakank,transpose/transpose,false,,true,false,83,10000,minizinc,arithmetic,0,0,false,
hakank,transshipment/transshipment,false,6370.0,true,true,2,10000,minizinc,linear,0,3,false,
hakank,trial/trial1,false,,true,false,110,10000,minizinc,linear,0,1,false,
hakank,trial/trial12,false,,true,false,95,10000,minizinc,linear,0,2,false,
hakank,trial/trial2,false,,true,false,90,10000,minizinc,linear,0,1,false,
hakank,trial/trial3,false,,true,false,91,10000,minizinc,linear,0,1,false,
hakank,trial/trial4,false,,true,false,85,10000,minizinc,linear,0,1,false,
hakank,trial/trial5,false,,true,false,88,10000,minizinc,linear,0,1,false,
hakank,trial/trial6,false,,true,false,84,10000,minizinc,linear,0,1,false,
hakank,triangles/triangles,false,,true,false,233,10000,minizinc,global,1,0,false,
hakank,tricky_multiple_question/tricky_multiple_question,false,,true,false,188,10000,minizinc,pseudo-boolean,0,0,true,
hakank,tripuzzle/tripuzzle1,false,,true,false,189,10000,minizinc,linear,0,2,false,
hakank,tripuzzle/tripuzzle2,false,,true,false,183,10000,minizinc,linear,0,2,false,
hakank,tsp/tsp,false,6859.0,true,true,6485,10000,minizinc,linear,0,5,false,
hakank,tsp_circuit/tsp_circuit,false,6859.0,true,true,60,10000,minizinc,global,8,1,false,
hakank,tsptw/tsptw,false,387.0,true,true,493,10000,minizinc,global,9,2,false,
hakank,tunapalooza/tunapalooza,false,,true,false,163,10000,minizinc,global,2,0,false,
hakank,twelve/twelve,false,,true,false,91,10000,minizinc,linear,0,6,false,
hakank,twelve_statements/twelve_statements,true,6.0,true,true,73,10000,minizinc,global,1,2,false,
hakank,twin/twin,false,,true,false,170,10000,minizinc,global,2,0,false,
hakank,twin_letters/twin_letters,false,,true,false,1228,10000,minizinc,global,1,0,false,
hakank,two_circles/two_circles,false,,,false,10000,10000,minizinc,arithmetic,0,0,false,
hakank,two_cube_calendar/two_cube_calendar,false,,true,false,203,10000,minizinc,global,3,1,false,
hakank,two_dimensional_channels/two_dimensional_channels,false,,true,false,280,10000,minizinc,global,1,1,false,
hakank,uniform_dice/uniform_dice,false,,true,false,803,10000,minizinc,global,1,3,false,
hakank,uniform_dice/uniform_dice2,false,,true,false,167,10000,minizinc,linear,0,3,false,
hakank,unique_set_puzzle/unique_set_puzzle,false,3.0,true,true,0,10000,minizinc,global,1,0,false,
hakank,urban_planning/urban_planning,true,14.0,true,true,46,10000,minizinc,global,5,3,false,
hakank,uzbekian_puzzle/uzbekian_puzzle,false,,true,false,156,10000,minizinc,global,2,0,false,
hakank,vingt_cinq_cinq_trente/vingt_cinq_cinq_trente,false,,true,false,154,10000,minizinc,global,1,0,false,
hakank,virtual_chess_tournament/virtual_chess_tournament,false,,true,false,210,10000,minizinc,linear,0,4,false,
hakank,volsay/volsay,false,,,false,10000,10000,minizinc,arithmetic,0,0,false,
hakank,volsay/volsay2,false,,,false,10000,10000,minizinc,arithmetic,0,0,false,
hakank,volsay/volsay3,false,,,false,10000,10000,minizinc,linear,0,2,false,
hakank,voltage_divider/voltage_divider,false,,,false,10000,10000,minizinc,arithmetic,0,0,false,
hakank,war_or_peace/war_or_peace,false,12.0,true,true,61,10000,minizinc,global,2,1,false,
hakank,water_buckets/water_buckets1,false,8.0,true,true,61,10000,minizinc,linear,0,5,false,
hakank,wedding_optimal_chart/wedding_optimal_chart,true,271.0,true,true,146,10000,minizinc,global,17,4,false,
hakank,weighted_sum/weighted_sum,false,,true,false,99,10000,minizinc,linear,0,2,false,
hakank,were/were2,false,,true,false,101,10000,minizinc,linear,0,5,false,
hakank,were/were4,false,,true,false,95,10000,minizinc,linear,0,5,false,
hakank,who_killed_agatha/who_killed_agatha,false,,true,false,161,10000,minizinc,linear,0,1,false,
hakank,wijuko/wijuko,false,,true,false,149,10000,minizinc,global,1,0,false,
hakank,wilkinson/wilkinson,false,,,false,10000,10000,minizinc,arithmetic,0,0,false,
hakank,wine_cask_puzzle/wine_cask_puzzle,false,,,false,10000,10000,minizinc,linear,0,4,false,
hakank,wiseman_problem/wiseman_problem_20131129,false,,true,false,94,10000,minizinc,linear,0,1,false,
hakank,word/word_square,false,,,false,10000,10000,minizinc,global,1,0,false,
hakank,word_golf/word_golf,false,,true,false,222,10000,minizinc,global,2,1,false,
hakank,work_shift_problem/work_shift_problem,false,,true,false,204,10000,minizinc,global,4,0,false,
hakank,wwr/wwr,false,,true,false,209,10000,minizinc,global,1,0,false,
hakank,xkcd/xkcd,false,,true,false,90,10000,minizinc,linear,0,2,false,
hakank,xkcd_among_diff/xkcd_among_diff_0,true,3.0,true,true,42,10000,minizinc,linear,0,2,false,
hakank,young_tableaux/young_tableaux,false,,true,false,162,10000,minizinc,global,1,2,false,
hakank,young_tableaux_stack_overflow/young_tableaux_stack_overflow,false,,true,false,186,10000,minizinc,global,1,2,false,
hakank,zebra_icecream/zebra_icecream,false,,true,false,167,10000,minizinc,global,6,0,false,
hakank,zebra_inverse/zebra_inverse,false,,true,false,157,10000,minizinc,global,8,0,false,
hakank,zebra_ip/zebra_ip,false,,true,false,101,10000,minizinc,linear,0,10,false,
hakank,zoo_buses_and_kids/zoo_buses_and_kids,false,3800.0,true,true,0,10000,minizinc,linear,0,2,false,
klause-bench/smoke-corpus/xcsp3,graph-coloring-tiny,false,,true,false,0,30000,xcsp3,linear,0,4,false,
klause-bench/smoke-corpus/xcsp3,magic-series-tiny,false,,true,false,12,30000,xcsp3,global,1,12,false,
klause-bench/smoke-corpus/xcsp3,magic-square-3,false,,true,false,1,30000,xcsp3,global,1,8,false,
klause-bench/smoke-corpus/xcsp3,sum-opt-tiny,true,10.0,true,true,0,30000,xcsp3,linear,0,1,false,
klause-mzn-lib/test-models,argmax,false,,true,false,260,30000,minizinc,global,5,0,false,
klause-mzn-lib/test-models,bin_packing,false,,true,false,296,30000,minizinc,global,1,1,false,
klause-mzn-lib/test-models,connected,false,,true,false,268,30000,minizinc,pseudo-boolean,0,0,true,
klause-mzn-lib/test-models,diffn_nonstrict_k,false,,true,false,259,30000,minizinc,arithmetic,0,0,false,
klause-mzn-lib/test-models,graph_coloring,false,3.0,true,true,45,30000,minizinc,global,1,0,false,
klause-mzn-lib/test-models,latin_square,false,,true,false,265,30000,minizinc,global,3,0,false,
klause-mzn-lib/test-models,magic_square,false,,true,false,156,30000,minizinc,global,1,4,false,
klause-mzn-lib/test-models,queens,false,,true,false,164,30000,minizinc,global,5,0,false,
klause-mzn-lib/test-models,send_more_money,false,,true,false,167,30000,minizinc,global,2,0,false,
klause-mzn-lib/test-models,sudoku,false,,true,false,162,30000,minizinc,global,4,0,false,
klause-mzn-lib/test-models,zero_one_knapsack,true,230.0,true,true,1,30000,minizinc,global,1,2,false,
libminizinc-tests,assume/assume_core,false,,,false,10000,10000,minizinc,arithmetic,0,0,false,
libminizinc-tests,assume/assume_core_array_norhs,false,,,false,10000,10000,minizinc,global,1,0,false,
libminizinc-tests,assume/assume_core_array_rhs,false,,,false,10000,10000,minizinc,global,1,0,false,
libminizinc-tests,assume/assume_core_function,false,,,false,10000,10000,minizinc,global,1,0,false,
libminizinc-tests,assume/assume_core_linexpr,false,,,false,10000,10000,minizinc,arithmetic,0,0,false,
libminizinc-tests,assume/assume_core_unified,false,,,false,10000,10000,minizinc,pseudo-boolean,0,0,true,
libminizinc-tests,assume/assume_fallback,false,,true,false,85,10000,minizinc,pseudo-boolean,0,0,true,
libminizinc-tests,assume/assume_fixed_false,false,,,false,10000,10000,minizinc,pseudo-boolean,0,0,true,
libminizinc-tests,compilation/aggregation,false,,true,false,88,10000,minizinc,linear,0,5,false,
libminizinc-tests,compilation/annotate_bool_literal,false,,true,false,82,10000,minizinc,arithmetic,0,0,false,
libminizinc-tests,compilation/annotate_from_array,false,,true,false,88,10000,minizinc,arithmetic,0,0,false,
libminizinc-tests,compilation/assert_dbg_flag,false,,true,false,84,10000,minizinc,arithmetic,0,0,false,
libminizinc-tests,compilation/assert_dbg_ignore,false,,true,false,87,10000,minizinc,arithmetic,0,0,false,
libminizinc-tests,compilation/blackbox_bounds_default,false,,,false,10000,10000,minizinc,arithmetic,0,0,false,
libminizinc-tests,compilation/blackbox_bounds_reason,false,,,false,10000,10000,minizinc,arithmetic,0,0,false,
libminizinc-tests,compilation/blackbox_err_has_body,false,,,false,10000,10000,minizinc,arithmetic,0,0,false,
libminizinc-tests,compilation/blackbox_err_multi_list,false,,,false,10000,10000,minizinc,arithmetic,0,0,false,
libminizinc-tests,compilation/blackbox_err_no_par,false,,,false,10000,10000,minizinc,arithmetic,0,0,false,
libminizinc-tests,compilation/blackbox_err_no_source,false,,,false,10000,10000,minizinc,arithmetic,0,0,false,
libminizinc-tests,compilation/blackbox_err_scalar_arg,false,,,false,10000,10000,minizinc,arithmetic,0,0,false,
libminizinc-tests,compilation/blackbox_multi_list,false,,,false,10000,10000,minizinc,arithmetic,0,0,false,
libminizinc-tests,compilation/blackbox_value_exec,false,,,false,10000,10000,minizinc,arithmetic,0,0,false,
libminizinc-tests,compilation/blackbox_value_fn_dll,false,,,false,10000,10000,minizinc,arithmetic,0,0,false,
libminizinc-tests,compilation/call_root_ctx,false,,true,false,84,10000,minizinc,arithmetic,0,0,false,
libminizinc-tests,compilation/chain_compr_mult_clause,false,,true,false,86,10000,minizinc,pseudo-boolean,0,0,true,
libminizinc-tests,compilation/clause_disable_hr,false,,true,false,89,10000,minizinc,pseudo-boolean,0,0,true,
libminizinc-tests,compilation/commutative_cse,false,,true,false,85,10000,minizinc,arithmetic,0,0,false,
libminizinc-tests,compilation/comp_domain_ann,false,,true,false,85,10000,minizinc,linear,0,1,false,
libminizinc-tests,compilation/count_rewrite,false,,true,false,90,10000,minizinc,global,2,0,false,
libminizinc-tests,compilation/cv_domain,false,,true,false,84,10000,minizinc,linear,0,1,false,
libminizinc-tests,compilation/debug_mode_false,false,,true,false,83,10000,minizinc,pseudo-boolean,0,0,true,
libminizinc-tests,compilation/debug_mode_true,false,,true,false,86,10000,minizinc,pseudo-boolean,0,0,true,
libminizinc-tests,compilation/defines_var_cycle_breaking,false,,true,false,83,10000,minizinc,arithmetic,0,0,false,
libminizinc-tests,compilation/float_inf_range_dom,false,,,false,10000,10000,minizinc,arithmetic,0,0,false,
libminizinc-tests,compilation/generic_fun_enum,false,,true,false,86,10000,minizinc,arithmetic,0,0,false,
libminizinc-tests,compilation/has_ann,false,,true,false,86,10000,minizinc,arithmetic,0,0,false,
libminizinc-tests,compilation/if_then_no_else,false,,true,false,85,10000,minizinc,arithmetic,0,0,false,
libminizinc-tests,compilation/implied_exists_chain,false,,true,false,89,10000,minizinc,pseudo-boolean,0,0,true,
libminizinc-tests,compilation/implied_hr,false,,true,false,86,10000,minizinc,arithmetic,0,0,false,
libminizinc-tests,compilation/int_inf_dom,false,,true,false,88,10000,minizinc,arithmetic,0,0,false,
libminizinc-tests,compilation/maybe_partial_cv,false,,true,false,87,10000,minizinc,arithmetic,0,0,false,
libminizinc-tests,compilation/most_specific_reif,false,,,false,10000,10000,minizinc,arithmetic,0,0,false,
libminizinc-tests,compilation/multiple_neg,false,,true,false,85,10000,minizinc,arithmetic,0,0,false,
libminizinc-tests,compilation/op_precedences,false,,true,false,87,10000,minizinc,arithmetic,0,0,false,
libminizinc-tests,compilation/optimization,false,,true,false,82,10000,minizinc,arithmetic,0,0,false,
libminizinc-tests,compilation/optimize_unify,false,0.0,true,true,0,10000,minizinc,linear,0,1,false,
libminizinc-tests,compilation/par_arg_out_of_bounds,false,,true,false,81,10000,minizinc,arithmetic,0,0,false,
libminizinc-tests,compilation/parser_null_bug,false,,,false,10000,10000,minizinc,arithmetic,0,0,false,
libminizinc-tests,compilation/poly_overload,false,,true,false,88,10000,minizinc,arithmetic,0,0,false,
libminizinc-tests,compilation/quoted_id_flatzinc,false,,true,false,86,10000,minizinc,pseudo-boolean,0,0,true,
libminizinc-tests,compilation/set2iter,false,,true,false,86,10000,minizinc,arithmetic,0,0,false,
libminizinc-tests,compilation/struct_lex,false,,true,false,85,10000,minizinc,arithmetic,0,0,false,
libminizinc-tests,compilation/struct_table,false,,true,false,85,10000,minizinc,arithmetic,0,0,false,
libminizinc-tests,compilation/struct_table_filter,false,,true,false,82,10000,minizinc,arithmetic,0,0,false,
libminizinc-tests,compilation/test_anon_assignment_generator,false,,,false,10000,10000,minizinc,arithmetic,0,0,false,
libminizinc-tests,compilation/test_bug_863,false,,true,false,87,10000,minizinc,arithmetic,0,0,false,
libminizinc-tests,compilation/test_bug_863b,false,,true,false,86,10000,minizinc,arithmetic,0,0,false,
libminizinc-tests,compilation/test_bug_875,false,,true,false,83,10000,minizinc,arithmetic,0,0,false,
libminizinc-tests,compilation/test_bug_898,false,,true,false,84,10000,minizinc,arithmetic,0,0,false,
libminizinc-tests,compilation/test_bug_917,false,,,false,10000,10000,minizinc,arithmetic,0,0,false,
libminizinc-tests,compilation/test_bug_942,false,,true,false,83,10000,minizinc,arithmetic,0,0,false,
libminizinc-tests,compilation/test_bug_943a,false,,true,false,83,10000,minizinc,arithmetic,0,0,false,
libminizinc-tests,compilation/test_bug_943b,false,,true,false,90,10000,minizinc,arithmetic,0,0,false,
libminizinc-tests,compilation/test_bug_946,false,,true,false,82,10000,minizinc,arithmetic,0,0,false,
libminizinc-tests,compilation/test_bug_950,false,,,false,10000,10000,minizinc,arithmetic,0,0,false,
libminizinc-tests,compilation/test_bug_950b,false,,true,false,90,10000,minizinc,arithmetic,0,0,false,
libminizinc-tests,compilation/test_bug_955,false,,true,false,86,10000,minizinc,arithmetic,0,0,false,
libminizinc-tests,compilation/test_bug_955b,false,,true,false,85,10000,minizinc,arithmetic,0,0,false,
libminizinc-tests,compilation/test_bug_963,false,,true,false,82,10000,minizinc,arithmetic,0,0,false,
libminizinc-tests,compilation/test_bug_980,false,,true,false,84,10000,minizinc,pseudo-boolean,0,0,true,
libminizinc-tests,compilation/test_bug_983,false,,true,false,85,10000,minizinc,arithmetic,0,0,false,
libminizinc-tests,compilation/test_bug_984,false,,,false,10000,10000,minizinc,arithmetic,0,0,false,
libminizinc-tests,compilation/test_bug_enum_constr_in_dom,false,,true,false,82,10000,minizinc,arithmetic,0,0,false,
libminizinc-tests,compilation/test_bug_index_comp_aofa,false,,true,false,84,10000,minizinc,arithmetic,0,0,false,
libminizinc-tests,compilation/test_concat_index,false,,true,false,83,10000,minizinc,arithmetic,0,0,false,
libminizinc-tests,compilation/test_field_access_array,false,,true,false,88,10000,minizinc,arithmetic,0,0,false,
libminizinc-tests,compilation/test_field_access_array_var,false,63.0,true,true,1,10000,minizinc,linear,0,2,false,
libminizinc-tests,compilation/test_hoist_ite,false,,,false,10000,10000,minizinc,arithmetic,0,0,false,
libminizinc-tests,compilation/test_mzn_in_root,false,,true,false,84,10000,minizinc,arithmetic,0,0,false,
libminizinc-tests,compilation/test_nested_comp,false,,true,false,86,10000,minizinc,linear,0,2,false,
libminizinc-tests,compilation/test_select_index,false,,true,false,84,10000,minizinc,arithmetic,0,0,false,
libminizinc-tests,compilation/test_small_float_lit,false,,true,false,90,10000,minizinc,arithmetic,0,0,false,
libminizinc-tests,compilation/test_zip_unzip,false,,true,false,83,10000,minizinc,arithmetic,0,0,false,
libminizinc-tests,compilation/time_limit,false,,,false,10000,10000,minizinc,arithmetic,0,0,false,
libminizinc-tests,compilation/trace_dbg_par,false,,true,false,88,10000,minizinc,arithmetic,0,0,false,
libminizinc-tests,compilation/tuple_with_any_in_let,false,,true,false,82,10000,minizinc,arithmetic,0,0,false,
libminizinc-tests,compilation/type_specialise_tuple,false,,true,false,89,10000,minizinc,arithmetic,0,0,false,
libminizinc-tests,division/test_div1,false,,true,false,88,10000,minizinc,arithmetic,0,0,false,
libminizinc-tests,division/test_div10,false,,true,false,83,10000,minizinc,arithmetic,0,0,false,
libminizinc-tests,division/test_div11,false,,true,false,82,10000,minizinc,arithmetic,0,0,false,
libminizinc-tests,division/test_div12,false,0.0,true,true,0,10000,minizinc,arithmetic,0,0,false,
libminizinc-tests,division/test_div2,false,,true,false,86,10000,minizinc,arithmetic,0,0,false,
libminizinc-tests,division/test_div3,false,,true,false,88,10000,minizinc,arithmetic,0,0,false,
libminizinc-tests,division/test_div4,false,,true,false,87,10000,minizinc,arithmetic,0,0,false,
libminizinc-tests,division/test_div5,false,,,false,10000,10000,minizinc,arithmetic,0,0,false,
libminizinc-tests,division/test_div6,false,,true,false,85,10000,minizinc,arithmetic,0,0,false,
libminizinc-tests,division/test_div7,false,,true,false,86,10000,minizinc,arithmetic,0,0,false,
libminizinc-tests,division/test_div8,false,,true,false,84,10000,minizinc,arithmetic,0,0,false,
libminizinc-tests,division/test_div9,false,,true,false,83,10000,minizinc,arithmetic,0,0,false,
libminizinc-tests,division/test_div_mod_bounds,false,,,false,10000,10000,minizinc,arithmetic,0,0,false,
libminizinc-tests,division/test_fldiv_01,false,,,false,10000,10000,minizinc,arithmetic,0,0,false,
libminizinc-tests,division/test_fldiv_02,false,,,false,10000,10000,minizinc,arithmetic,0,0,false,
libminizinc-tests,driver/test_json_section,false,,true,false,81,10000,minizinc,arithmetic,0,0,false,
libminizinc-tests,driver/test_json_stream,true,6.0,true,true,0,10000,minizinc,arithmetic,0,0,false,
libminizinc-tests,driver/test_json_stream_trace_stdout,false,,,false,10000,10000,minizinc,arithmetic,0,0,false,
libminizinc-tests,driver/test_multiple_type_errors,false,,,false,10000,10000,minizinc,arithmetic,0,0,false,
libminizinc-tests,fdlp/test_lp_solve_satisfy,false,,true,false,92,10000,minizinc,arithmetic,0,0,false,
libminizinc-tests,fznjson/fznjson-basic,false,,true,false,93,10000,minizinc,arithmetic,0,0,false,
libminizinc-tests,general/ambiguous_overload,false,,true,false,84,10000,minizinc,arithmetic,0,0,false,
libminizinc-tests,general/annotated_expression_1,false,,true,false,82,10000,minizinc,arithmetic,0,0,false,
libminizinc-tests,general/annotated_expression_let_array,false,,true,false,86,10000,minizinc,global,1,0,true,
libminizinc-tests,general/annotated_expression_var_array,false,,true,false,83,10000,minizinc,global,1,0,true,
libminizinc-tests,general/anon_var_enum,false,,true,false,86,10000,minizinc,arithmetic,0,0,false,
libminizinc-tests,general/anon_var_flatten,false,,true,false,84,10000,minizinc,arithmetic,0,0,false,
libminizinc-tests,general/array_access_out_of_bounds_1,false,,,false,10000,10000,minizinc,arithmetic,0,0,false,
libminizinc-tests,general/array_access_out_of_bounds_2,false,,,false,10000,10000,minizinc,arithmetic,0,0,false,
libminizinc-tests,general/array_access_record_out_of_bounds,false,,,false,10000,10000,minizinc,arithmetic,0,0,false,
libminizinc-tests,general/array_access_tuple_out_of_bounds,false,,,false,10000,10000,minizinc,arithmetic,0,0,false,
libminizinc-tests,general/array_intersect_context,false,,true,false,83,10000,minizinc,pseudo-boolean,0,0,true,
libminizinc-tests,general/array_param_non_array_return,false,,true,false,86,10000,minizinc,arithmetic,0,0,false,
libminizinc-tests,general/array_string_gen,false,,true,false,87,10000,minizinc,arithmetic,0,0,false,
libminizinc-tests,general/array_union_intersect_enum,false,,true,false,89,10000,minizinc,arithmetic,0,0,false,
libminizinc-tests,general/assert_bad_1,false,,,false,10000,10000,minizinc,arithmetic,0,0,false,
libminizinc-tests,general/assert_bad_2,false,,,false,10000,10000,minizinc,arithmetic,0,0,false,
libminizinc-tests,general/assert_good,false,,true,false,85,10000,minizinc,arithmetic,0,0,false,
libminizinc-tests,general/auto_par_function,false,1.0,true,true,0,10000,minizinc,arithmetic,0,0,false,
libminizinc-tests,general/bilinear,false,,,false,10000,10000,minizinc,arithmetic,0,0,false,
libminizinc-tests,general/bin_pack_multiobj,false,,true,false,82,10000,minizinc,arithmetic,0,0,false,
libminizinc-tests,general/bind_par_opt,false,,,false,10000,10000,minizinc,arithmetic,0,0,false,
libminizinc-tests,general/bool_ctx_container,false,,true,false,83,10000,minizinc,pseudo-boolean,0,0,true,
libminizinc-tests,general/builtins_arg_max,false,,true,false,82,10000,minizinc,global,5,0,false,
libminizinc-tests,general/builtins_debug,false,,true,false,87,10000,minizinc,arithmetic,0,0,false,
libminizinc-tests,general/circular_calls_in_type_inst,false,,,false,10000,10000,minizinc,arithmetic,0,0,false,
libminizinc-tests,general/circular_calls_in_type_inst_struct,false,,,false,10000,10000,minizinc,arithmetic,0,0,false,
libminizinc-tests,general/comprehension_asg_gen_where,false,,true,false,82,10000,minizinc,arithmetic,0,0,false,
libminizinc-tests,general/comprehension_cv_struct,false,1.0,true,true,0,10000,minizinc,arithmetic,0,0,false,
libminizinc-tests,general/comprehension_var_ub,false,,true,false,85,10000,minizinc,arithmetic,0,0,false,
libminizinc-tests,general/concat_index_6,false,,true,false,86,10000,minizinc,arithmetic,0,0,false,
libminizinc-tests,general/concat_index_return_type,false,,,false,10000,10000,minizinc,arithmetic,0,0,false,
libminizinc-tests,general/convex_quadratic,false,,,false,10000,10000,minizinc,arithmetic,0,0,false,
libminizinc-tests,general/cse_ctx,false,,true,false,84,10000,minizinc,pseudo-boolean,0,0,true,
libminizinc-tests,general/element_user_cut,false,,,false,10000,10000,minizinc,global,3,3,false,
libminizinc-tests,general/empty_enum_index_set_mismatch,false,,,false,10000,10000,minizinc,arithmetic,0,0,false,
libminizinc-tests,general/empty_enum_sets,false,,true,false,84,10000,minizinc,arithmetic,0,0,false,
libminizinc-tests,general/empty_set_gecode_presolver,false,,true,false,84,10000,minizinc,arithmetic,0,0,false,
libminizinc-tests,general/empty_set_gecode_presolver.mzc,false,,true,false,83,10000,minizinc,arithmetic,0,0,false,
libminizinc-tests,general/enum_constructor_quoting,false,,true,false,82,10000,minizinc,arithmetic,0,0,false,
libminizinc-tests,general/enum_order,false,,true,false,85,10000,minizinc,arithmetic,0,0,false,
libminizinc-tests,general/enum_out_of_range_1,false,,,false,10000,10000,minizinc,arithmetic,0,0,false,
libminizinc-tests,general/enum_out_of_range_2,false,,,false,10000,10000,minizinc,arithmetic,0,0,false,
libminizinc-tests,general/enum_set_in_error,false,,,false,10000,10000,minizinc,arithmetic,0,0,false,
libminizinc-tests,general/enum_set_subset_error,false,,,false,10000,10000,minizinc,arithmetic,0,0,false,
libminizinc-tests,general/enum_set_superset_error,false,,,false,10000,10000,minizinc,arithmetic,0,0,false,
libminizinc-tests,general/enum_set_to_ranges,false,,true,false,81,10000,minizinc,arithmetic,0,0,false,
libminizinc-tests,general/eval_par_bool_bottom,false,,true,false,82,10000,minizinc,arithmetic,0,0,false,
libminizinc-tests,general/eval_par_opt_set,false,,true,false,81,10000,minizinc,arithmetic,0,0,false,
libminizinc-tests,general/explicit_enum2int,false,,true,false,82,10000,minizinc,arithmetic,0,0,false,
libminizinc-tests,general/fix_struct,false,,true,false,91,10000,minizinc,arithmetic,0,0,false,
libminizinc-tests,general/fn_par_array_undefined,false,,true,false,91,10000,minizinc,arithmetic,0,0,false,
libminizinc-tests,general/function_param_out_of_range,false,,,false,10000,10000,minizinc,arithmetic,0,0,false,
libminizinc-tests,general/function_return_out_of_range,false,,,false,10000,10000,minizinc,arithmetic,0,0,false,
libminizinc-tests,general/function_return_out_of_range_opt,false,,,false,10000,10000,minizinc,arithmetic,0,0,false,
libminizinc-tests,general/ids_in_type_insts,false,,true,false,85,10000,minizinc,arithmetic,0,0,false,
libminizinc-tests,general/ids_in_type_insts_circular,false,,,false,10000,10000,minizinc,arithmetic,0,0,false,
libminizinc-tests,general/iffall_bv,false,,true,false,84,10000,minizinc,arithmetic,0,0,false,
libminizinc-tests,general/implicit_enum2int,false,,true,false,87,10000,minizinc,arithmetic,0,0,false,
libminizinc-tests,general/indexed_var_comp,true,3.0,true,true,1,10000,minizinc,arithmetic,0,0,false,
libminizinc-tests,general/infinite_domain_bind,false,10.0,true,true,0,10000,minizinc,arithmetic,0,0,false,
libminizinc-tests,general/json_ignore,false,,,false,10000,10000,minizinc,arithmetic,0,0,false,
libminizinc-tests,general/json_ignore.mzc,false,,,false,10000,10000,minizinc,arithmetic,0,0,false,
libminizinc-tests,general/lazy_constraint,false,,,false,10000,10000,minizinc,arithmetic,0,0,false,
libminizinc-tests,general/let_struct_domain,false,,true,false,85,10000,minizinc,arithmetic,0,0,false,
libminizinc-tests,general/md_exists,false,,true,false,91,10000,minizinc,pseudo-boolean,0,0,true,
libminizinc-tests,general/md_forall,false,,true,false,84,10000,minizinc,pseudo-boolean,0,0,true,
libminizinc-tests,general/md_iffall,false,,true,false,84,10000,minizinc,pseudo-boolean,0,0,true,
libminizinc-tests,general/md_product_int,false,,true,false,84,10000,minizinc,arithmetic,0,0,false,
libminizinc-tests,general/md_sum_float,false,,true,false,82,10000,minizinc,linear,0,1,false,
libminizinc-tests,general/md_sum_int,false,,true,false,85,10000,minizinc,linear,0,2,false,
libminizinc-tests,general/md_xorall,false,,true,false,83,10000,minizinc,pseudo-boolean,0,0,true,
libminizinc-tests,general/min_max_enum,false,,true,false,78,10000,minizinc,arithmetic,0,0,false,
libminizinc-tests,general/missing_ozn_decl,false,,true,false,84,10000,minizinc,pseudo-boolean,0,0,true,
libminizinc-tests,general/mortgage,false,,,false,10000,10000,minizinc,arithmetic,0,0,false,
libminizinc-tests,general/multidim_array_concat,false,,true,false,139,10000,minizinc,arithmetic,0,0,false,
libminizinc-tests,general/mzn-implicit1,false,,true,false,84,10000,minizinc,arithmetic,0,0,false,
libminizinc-tests,general/mzn-implicit2,false,,true,false,85,10000,minizinc,arithmetic,0,0,false,
libminizinc-tests,general/mzn-implicit3,false,,true,false,80,10000,minizinc,arithmetic,0,0,false,
libminizinc-tests,general/mzn-implicit4,false,,true,false,84,10000,minizinc,arithmetic,0,0,false,
libminizinc-tests,general/mzn-implicit5,false,,true,false,83,10000,minizinc,arithmetic,0,0,false,
libminizinc-tests,general/mzn-implicit6,false,,true,false,80,10000,minizinc,arithmetic,0,0,false,
libminizinc-tests,general/mzn-implicit7,false,,true,false,83,10000,minizinc,arithmetic,0,0,false,
libminizinc-tests,general/mzn-implicit8,false,,true,false,83,10000,minizinc,arithmetic,0,0,false,
libminizinc-tests,general/mzn_div,false,,true,false,83,10000,minizinc,arithmetic,0,0,false,
libminizinc-tests,general/mzn_mod,false,,true,false,85,10000,minizinc,arithmetic,0,0,false,
libminizinc-tests,general/negated_boolean_let,false,,true,false,84,10000,minizinc,arithmetic,0,0,false,
libminizinc-tests,general/nosets_empty,false,,true,false,85,10000,minizinc,arithmetic,0,0,false,
libminizinc-tests,general/overload_bottom,false,,true,false,83,10000,minizinc,pseudo-boolean,0,0,true,
libminizinc-tests,general/param_out_of_range_float,false,,,false,10000,10000,minizinc,arithmetic,0,0,false,
libminizinc-tests,general/param_out_of_range_int,false,,,false,10000,10000,minizinc,arithmetic,0,0,false,
libminizinc-tests,general/pow_1,false,,true,false,85,10000,minizinc,arithmetic,0,0,false,
libminizinc-tests,general/pow_2,false,,,false,10000,10000,minizinc,arithmetic,0,0,false,
libminizinc-tests,general/pow_3,false,,,false,10000,10000,minizinc,arithmetic,0,0,false,
libminizinc-tests,general/pow_4,false,,true,false,84,10000,minizinc,arithmetic,0,0,false,
libminizinc-tests,general/pow_bounds,false,,true,false,86,10000,minizinc,arithmetic,0,0,false,
libminizinc-tests,general/quoted_id_1,false,,true,false,82,10000,minizinc,arithmetic,0,0,false,
libminizinc-tests,general/quoted_id_2,false,,true,false,81,10000,minizinc,arithmetic,0,0,false,
libminizinc-tests,general/quoted_id_3,false,,true,false,78,10000,minizinc,arithmetic,0,0,false,
libminizinc-tests,general/quoted_id_4,false,,true,false,84,10000,minizinc,arithmetic,0,0,false,
libminizinc-tests,general/range_var_enum,false,,true,false,80,10000,minizinc,arithmetic,0,0,false,
libminizinc-tests,general/reverse_map_path,false,,true,false,84,10000,minizinc,global,1,0,false,
libminizinc-tests,general/set_function_enum_types,false,,true,false,82,10000,minizinc,arithmetic,0,0,false,
libminizinc-tests,general/set_in_int_var_presolve,false,,true,false,82,10000,minizinc,arithmetic,0,0,false,
libminizinc-tests,general/slice_array_of_array,false,,true,false,81,10000,minizinc,arithmetic,0,0,false,
libminizinc-tests,general/stack_overflow,false,,,false,10000,10000,minizinc,arithmetic,0,0,false,
libminizinc-tests,general/string_length,false,,true,false,83,10000,minizinc,arithmetic,0,0,false,
libminizinc-tests,general/string_split,false,,true,false,82,10000,minizinc,arithmetic,0,0,false,
libminizinc-tests,general/struct_flat_cv_path,false,2.0,true,true,0,10000,minizinc,arithmetic,0,0,false,
libminizinc-tests,general/struct_literal_context,false,,true,false,83,10000,minizinc,arithmetic,0,0,false,
libminizinc-tests,general/test-search1,true,11.0,true,true,0,10000,minizinc,arithmetic,0,0,false,
libminizinc-tests,general/test_array1,false,,true,false,83,10000,minizinc,arithmetic,0,0,false,
libminizinc-tests,general/test_array1and2d,false,,true,false,82,10000,minizinc,arithmetic,0,0,false,
libminizinc-tests,general/test_array1d_bad_1,false,,,false,10000,10000,minizinc,arithmetic,0,0,false,
libminizinc-tests,general/test_array1d_bad_2,false,,,false,10000,10000,minizinc,arithmetic,0,0,false,
libminizinc-tests,general/test_array1d_bad_3,false,,,false,10000,10000,minizinc,arithmetic,0,0,false,
libminizinc-tests,general/test_array1d_bad_4,false,,,false,10000,10000,minizinc,arithmetic,0,0,false,
libminizinc-tests,general/test_array2,false,,true,false,98,10000,minizinc,arithmetic,0,0,false,
libminizinc-tests,general/test_array_as_generator,false,,true,false,95,10000,minizinc,linear,0,1,false,
libminizinc-tests,general/test_bad_array_size-bad,false,,,false,10000,10000,minizinc,arithmetic,0,0,false,
libminizinc-tests,general/test_bad_lb_ub_dom-bad,false,,true,false,90,10000,minizinc,arithmetic,0,0,false,
libminizinc-tests,general/test_bool_var_array_access,false,,true,false,103,10000,minizinc,arithmetic,0,0,false,
libminizinc-tests,general/test_concat1,false,,true,false,93,10000,minizinc,arithmetic,0,0,false,
libminizinc-tests,general/test_concat2,false,,true,false,88,10000,minizinc,arithmetic,0,0,false,
libminizinc-tests,general/test_concat3,false,,true,false,81,10000,minizinc,arithmetic,0,0,false,
libminizinc-tests,general/test_empty_enum,false,,true,false,91,10000,minizinc,arithmetic,0,0,false,
libminizinc-tests,general/test_is_fixed,false,,true,false,76,10000,minizinc,arithmetic,0,0,false,
libminizinc-tests,general/test_join1,false,,true,false,91,10000,minizinc,arithmetic,0,0,false,
libminizinc-tests,general/test_join2,false,,true,false,95,10000,minizinc,arithmetic,0,0,false,
libminizinc-tests,general/test_join3,false,,true,false,103,10000,minizinc,arithmetic,0,0,false,
libminizinc-tests,general/test_lb_ub_array_int,false,,true,false,92,10000,minizinc,arithmetic,0,0,false,
libminizinc-tests,general/test_lb_ub_dom_int,false,,true,false,91,10000,minizinc,arithmetic,0,0,false,
libminizinc-tests,general/test_lb_ub_float,false,,true,false,84,10000,minizinc,arithmetic,0,0,false,
libminizinc-tests,general/test_let_complex,false,,true,false,79,10000,minizinc,arithmetic,0,0,false,
libminizinc-tests,general/test_let_par_array,false,,true,false,81,10000,minizinc,arithmetic,0,0,false,
libminizinc-tests,general/test_let_simple,false,,true,false,91,10000,minizinc,arithmetic,0,0,false,
libminizinc-tests,general/test_let_var_array,false,,true,false,81,10000,minizinc,arithmetic,0,0,false,
libminizinc-tests,general/test_let_with_annotation,false,,true,false,77,10000,minizinc,arithmetic,0,0,false,
libminizinc-tests,general/test_min_var_array,true,3.0,true,true,0,10000,minizinc,arithmetic,0,0,false,
libminizinc-tests,general/test_mip_stats,true,6.0,true,true,0,10000,minizinc,arithmetic,0,0,false,
libminizinc-tests,general/test_mod_bounds,false,,true,false,85,10000,minizinc,arithmetic,0,0,false,
libminizinc-tests,general/test_negated_and,false,,true,false,85,10000,minizinc,pseudo-boolean,0,0,true,
libminizinc-tests,general/test_negated_and_or,false,,true,false,79,10000,minizinc,pseudo-boolean,0,0,true,
libminizinc-tests,general/test_negated_let_bad,false,,,false,10000,10000,minizinc,arithmetic,0,0,false,
libminizinc-tests,general/test_negated_let_good,false,,true,false,87,10000,minizinc,arithmetic,0,0,false,
libminizinc-tests,general/test_negated_let_good_2,false,,true,false,80,10000,minizinc,arithmetic,0,0,false,
libminizinc-tests,general/test_negated_or,false,,true,false,79,10000,minizinc,pseudo-boolean,0,0,true,
libminizinc-tests,general/test_par_set_element,false,,true,false,91,10000,minizinc,arithmetic,0,0,false,
libminizinc-tests,general/test_par_set_id_array_index_sets,false,,true,false,80,10000,minizinc,arithmetic,0,0,false,
libminizinc-tests,general/test_param_shadowing_reverse_map,false,1.0,true,true,0,10000,minizinc,arithmetic,0,0,false,
libminizinc-tests,general/test_queens,false,,true,false,175,10000,minizinc,arithmetic,0,0,false,
libminizinc-tests,general/test_reified_element_constraint,false,,true,false,85,10000,minizinc,arithmetic,0,0,false,
libminizinc-tests,general/test_reified_let_bad,false,,,false,10000,10000,minizinc,arithmetic,0,0,false,
libminizinc-tests,general/test_reified_let_good,false,,true,false,95,10000,minizinc,arithmetic,0,0,false,
libminizinc-tests,general/test_rounding_a,false,,,false,10000,10000,minizinc,arithmetic,0,0,false,
libminizinc-tests,general/test_rounding_b,false,,,false,10000,10000,minizinc,arithmetic,0,0,false,
libminizinc-tests,general/test_rounding_c,false,,,false,10000,10000,minizinc,arithmetic,0,0,false,
libminizinc-tests,general/test_same,false,,,false,10000,10000,minizinc,arithmetic,0,0,false,
libminizinc-tests,general/test_set_inequality_par,false,,true,false,122,10000,minizinc,arithmetic,0,0,false,
libminizinc-tests,general/test_set_lt_1,false,,true,false,162,10000,minizinc,arithmetic,0,0,false,
libminizinc-tests,general/test_set_lt_2,false,,true,false,106,10000,minizinc,arithmetic,0,0,false,
libminizinc-tests,general/test_set_lt_3,false,,true,false,81,10000,minizinc,arithmetic,0,0,false,
libminizinc-tests,general/test_string_array_var,false,,true,false,92,10000,minizinc,arithmetic,0,0,false,
libminizinc-tests,general/test_string_cmp,false,,true,false,85,10000,minizinc,arithmetic,0,0,false,
libminizinc-tests,general/test_string_var,false,,true,false,86,10000,minizinc,arithmetic,0,0,false,
libminizinc-tests,general/test_string_with_quote,false,,true,false,88,10000,minizinc,arithmetic,0,0,false,
libminizinc-tests,general/test_times_int_float_eq,false,,,false,10000,10000,minizinc,arithmetic,0,0,false,
libminizinc-tests,general/test_times_int_float_eq__defaultopt,false,,,false,10000,10000,minizinc,arithmetic,0,0,false,
libminizinc-tests,general/test_to_enum,true,3.0,true,true,4,10000,minizinc,arithmetic,0,0,false,
libminizinc-tests,general/test_undefined_enum,false,,,false,10000,10000,minizinc,arithmetic,0,0,false,
libminizinc-tests,general/test_var_array,false,,true,false,104,10000,minizinc,pseudo-boolean,0,0,true,
libminizinc-tests,general/test_var_array_access,false,1.0,true,true,0,10000,minizinc,arithmetic,0,0,false,
libminizinc-tests,general/test_var_prod,false,,true,false,80,10000,minizinc,arithmetic,0,0,false,
libminizinc-tests,general/test_var_set_assignment,false,,true,false,89,10000,minizinc,arithmetic,0,0,false,
libminizinc-tests,general/test_var_set_element,false,,true,false,91,10000,minizinc,arithmetic,0,0,false,
libminizinc-tests,general/tuple_of_array_fn_let,false,,true,false,83,10000,minizinc,arithmetic,0,0,false,
libminizinc-tests,general/unicode_file_name_μ,false,,true,false,89,10000,minizinc,arithmetic,0,0,false,
libminizinc-tests,general/unify_and_remove,false,,true,false,79,10000,minizinc,arithmetic,0,0,false,
libminizinc-tests,general/var_opt_bool_var_dom,false,,true,false,89,10000,minizinc,arithmetic,0,0,false,
libminizinc-tests,general/wolfgoatetc,false,15.0,true,true,6,10000,minizinc,arithmetic,0,0,false,
libminizinc-tests,general/xorall_bv,false,,true,false,77,10000,minizinc,arithmetic,0,0,false,
libminizinc-tests,globals/all_disjoint/globals_all_disjoint,false,,true,false,93,10000,minizinc,arithmetic,0,0,false,
libminizinc-tests,globals/all_equal/globals_all_equal_int,false,,true,false,86,10000,minizinc,global,6,0,false,
libminizinc-tests,globals/all_equal/globals_all_equal_set,false,,true,false,85,10000,minizinc,global,6,0,false,
libminizinc-tests,globals/alldifferent/globals_all_different_int,false,,true,false,89,10000,minizinc,global,3,0,false,
libminizinc-tests,globals/alldifferent/globals_all_different_int_opt,false,,true,false,94,10000,minizinc,global,3,0,false,
libminizinc-tests,globals/alldifferent/globals_all_different_set,false,,true,false,88,10000,minizinc,global,3,0,false,
libminizinc-tests,globals/alldifferent/globals_alldiff_set_nosets,false,,true,false,110,10000,minizinc,global,3,0,true,
libminizinc-tests,globals/alldifferent_except_0/test_alldiff_except0,false,,true,false,85,10000,minizinc,arithmetic,0,0,false,
libminizinc-tests,globals/alldifferent_except_0/test_alldiff_except0b,false,,true,false,86,10000,minizinc,arithmetic,0,0,false,
libminizinc-tests,globals/among/globals_among,false,,true,false,83,10000,minizinc,global,4,0,false,
libminizinc-tests,globals/arg_max/globals_arg_max,false,,true,false,137,10000,minizinc,global,2,0,false,
libminizinc-tests,globals/arg_max/globals_arg_max_opt,false,,true,false,144,10000,minizinc,global,2,0,false,
libminizinc-tests,globals/arg_max/globals_arg_max_opt_weak,false,,true,false,148,10000,minizinc,global,1,0,false,
libminizinc-tests,globals/arg_min/globals_arg_max_opt,false,,true,false,168,10000,minizinc,global,2,0,false,
libminizinc-tests,globals/arg_min/globals_arg_min,false,,true,false,159,10000,minizinc,global,2,0,false,
libminizinc-tests,globals/arg_min/globals_arg_min_opt_weak,false,,true,false,143,10000,minizinc,global,1,0,false,
libminizinc-tests,globals/arg_val/arg_val_enum,false,,true,false,87,10000,minizinc,global,2,0,false,
libminizinc-tests,globals/atleast/globals_at_least,false,,true,false,88,10000,minizinc,arithmetic,0,0,false,
libminizinc-tests,globals/atmost1/globals_at_most1,false,,true,false,96,10000,minizinc,arithmetic,0,0,false,
libminizinc-tests,globals/bin_packing/globals_bin_packing,false,,true,false,86,10000,minizinc,global,3,0,false,
libminizinc-tests,globals/bin_packing_capa/globals_bin_packing_capa,false,,true,false,84,10000,minizinc,arithmetic,0,0,false,
libminizinc-tests,globals/circuit/test_circuit,false,,true,false,85,10000,minizinc,global,3,0,false,
libminizinc-tests,globals/count/count_overloads,false,,,false,10000,10000,minizinc,linear,0,1,false,
libminizinc-tests,globals/count/globals_count,false,,true,false,87,10000,minizinc,global,6,0,false,
libminizinc-tests,globals/cumulative/github_589,false,,true,false,89,10000,minizinc,global,2,0,false,
libminizinc-tests,globals/cumulative/globals_cumulative,false,,true,false,97,10000,minizinc,global,3,0,false,
libminizinc-tests,globals/cumulative/unsat_resource_cumulative,false,,,false,10000,10000,minizinc,global,2,0,false,
libminizinc-tests,globals/cumulatives/globals_cumulatives,false,11.0,true,true,24,10000,minizinc,linear,0,1,false,
libminizinc-tests,globals/cumulatives/globals_cumulatives_ambiguous,false,,,false,10000,10000,minizinc,arithmetic,0,0,false,
libminizinc-tests,globals/cumulatives/globals_cumulatives_deprecated,false,11.0,true,true,24,10000,minizinc,linear,0,1,false,
libminizinc-tests,globals/decreasing/globals_decreasing,false,,true,false,89,10000,minizinc,arithmetic,0,0,false,
libminizinc-tests,globals/disjoint/globals_disjoint,false,,true,false,88,10000,minizinc,arithmetic,0,0,false,
libminizinc-tests,globals/distribute/globals_distribute,false,,true,false,89,10000,minizinc,arithmetic,0,0,false,
libminizinc-tests,globals/global_cardinality/globals_global_cardinality,false,,true,false,106,10000,minizinc,global,4,0,false,
libminizinc-tests,globals/global_cardinality/globals_global_cardinality_low_up,false,,true,false,89,10000,minizinc,global,2,0,false,
libminizinc-tests,globals/global_cardinality/globals_global_cardinality_low_up_opt,false,,true,false,88,10000,minizinc,global,2,0,false,
libminizinc-tests,globals/global_cardinality/globals_global_cardinality_low_up_set,false,,true,false,85,10000,minizinc,global,3,0,false,
libminizinc-tests,globals/global_cardinality/globals_global_cardinality_opt,false,,true,false,143,10000,minizinc,global,3,0,false,
libminizinc-tests,globals/global_cardinality/globals_global_cardinality_set,false,,true,false,86,10000,minizinc,global,4,0,false,
libminizinc-tests,globals/global_cardinality_closed/globals_global_cardinality_closed,false,,true,false,89,10000,minizinc,arithmetic,0,0,false,
libminizinc-tests,globals/global_cardinality_closed/globals_global_cardinality_closed_opt,false,,true,false,95,10000,minizinc,arithmetic,0,0,false,
libminizinc-tests,globals/global_cardinality_closed/globals_global_cardinality_closed_set,false,,true,false,90,10000,minizinc,arithmetic,0,0,false,
libminizinc-tests,globals/global_cardinality_closed/globals_global_cardinality_low_up_closed,false,,true,false,87,10000,minizinc,arithmetic,0,0,false,
libminizinc-tests,globals/global_cardinality_closed/globals_global_cardinality_low_up_closed_opt,false,,true,false,88,10000,minizinc,arithmetic,0,0,false,
libminizinc-tests,globals/global_cardinality_closed/globals_global_cardinality_low_up_closed_set,false,,true,false,85,10000,minizinc,arithmetic,0,0,false,
libminizinc-tests,globals/increasing/globals_increasing,false,,true,false,88,10000,minizinc,arithmetic,0,0,false,
libminizinc-tests,globals/increasing/globals_strictly_increasing_opt,false,,true,false,85,10000,minizinc,arithmetic,0,0,false,
libminizinc-tests,globals/int_set_channel/globals_int_set_channel,false,,true,false,86,10000,minizinc,arithmetic,0,0,false,
libminizinc-tests,globals/int_set_channel/test_int_set_channel2,false,,true,false,87,10000,minizinc,arithmetic,0,0,false,
libminizinc-tests,globals/inverse/globals_inverse,false,,true,false,88,10000,minizinc,global,3,0,false,
libminizinc-tests,globals/inverse/inverse_opt,false,,true,false,97,10000,minizinc,global,2,0,false,
libminizinc-tests,globals/inverse_in_range/globals_inverse_in_range,false,,true,false,109,10000,minizinc,global,1,0,false,
libminizinc-tests,globals/inverse_set/globals_inverse_set,false,,true,false,86,10000,minizinc,arithmetic,0,0,false,
libminizinc-tests,globals/lex2/globals_lex2,false,,true,false,86,10000,minizinc,arithmetic,0,0,false,
libminizinc-tests,globals/lex_chain/globals_lex_chain,false,,true,false,89,10000,minizinc,arithmetic,0,0,false,
libminizinc-tests,globals/lex_chain/globals_lex_chain__orbitope,false,,true,false,84,10000,minizinc,arithmetic,0,0,false,
libminizinc-tests,globals/lex_greater/globals_lex_greater,false,,true,false,85,10000,minizinc,global,1,0,false,
libminizinc-tests,globals/lex_greatereq/globals_lex_greatereq,false,,true,false,83,10000,minizinc,global,1,0,false,
libminizinc-tests,globals/lex_less/globals_lex_less,false,,true,false,85,10000,minizinc,global,3,0,false,
libminizinc-tests,globals/lex_less/test_bool_lex_less,false,,true,false,83,10000,minizinc,global,2,0,true,
libminizinc-tests,globals/lex_lesseq/globals_lex_lesseq,false,,true,false,84,10000,minizinc,global,3,0,false,
libminizinc-tests,globals/lex_lesseq/test_bool_lex_lesseq,false,,true,false,80,10000,minizinc,global,2,0,true,
libminizinc-tests,globals/link_set_to_booleans/globals_link_set_to_booleans,false,,true,false,86,10000,minizinc,pseudo-boolean,0,0,true,
libminizinc-tests,globals/maximum/globals_maximum_int,false,,true,false,98,10000,minizinc,global,4,0,false,
libminizinc-tests,globals/minimum/globals_minimum_int,false,,true,false,90,10000,minizinc,global,5,0,false,
libminizinc-tests,globals/nvalue/globals_nvalue,false,,true,false,87,10000,minizinc,global,4,0,false,
libminizinc-tests,globals/nvalue/nvalue_empty,false,,true,false,83,10000,minizinc,global,3,0,true,
libminizinc-tests,globals/nvalue/nvalue_total,false,,true,false,90,10000,minizinc,global,1,0,false,
libminizinc-tests,globals/partition_set/globals_partition_set,false,,true,false,88,10000,minizinc,arithmetic,0,0,false,
libminizinc-tests,globals/range/globals_range,false,,true,false,90,10000,minizinc,arithmetic,0,0,false,
libminizinc-tests,globals/regular/globals_regular,false,,true,false,88,10000,minizinc,global,4,0,false,
libminizinc-tests,globals/regular/globals_regular_regex_1,false,,true,false,86,10000,minizinc,global,1,0,false,
libminizinc-tests,globals/regular/globals_regular_regex_2,false,,true,false,86,10000,minizinc,global,1,0,false,
libminizinc-tests,globals/regular/globals_regular_regex_3,false,,true,false,89,10000,minizinc,global,1,0,false,
libminizinc-tests,globals/regular/globals_regular_regex_4,false,,true,false,85,10000,minizinc,global,1,0,false,
libminizinc-tests,globals/regular/globals_regular_regex_5,false,,true,false,86,10000,minizinc,global,1,0,false,
libminizinc-tests,globals/regular/globals_regular_regex_6,false,,true,false,93,10000,minizinc,global,1,0,false,
libminizinc-tests,globals/roots/roots_bad,false,,,false,10000,10000,minizinc,arithmetic,0,0,false,
libminizinc-tests,globals/roots/test_roots,false,,true,false,87,10000,minizinc,arithmetic,0,0,false,
libminizinc-tests,globals/roots/test_roots2,false,,true,false,84,10000,minizinc,arithmetic,0,0,false,
libminizinc-tests,globals/roots/test_roots3,false,,true,false,85,10000,minizinc,arithmetic,0,0,false,
libminizinc-tests,globals/sliding_sum/globals_sliding_sum,false,,true,false,82,10000,minizinc,arithmetic,0,0,false,
libminizinc-tests,globals/sort/globals_sort,false,,true,false,88,10000,minizinc,global,3,0,false,
libminizinc-tests,globals/strict_lex2/globals_strict_lex2,false,,true,false,87,10000,minizinc,arithmetic,0,0,false,
libminizinc-tests,globals/subcircuit/test_subcircuit,false,,true,false,88,10000,minizinc,global,2,0,false,
libminizinc-tests,globals/sum_pred/globals_sum_pred,false,,true,false,84,10000,minizinc,arithmetic,0,0,false,
libminizinc-tests,globals/table/globals_table,false,,true,false,85,10000,minizinc,global,2,0,false,
libminizinc-tests,globals/table/globals_table_opt,false,,true,false,85,10000,minizinc,global,4,0,false,
libminizinc-tests,globals/typecheck_globals,false,,true,false,136,10000,minizinc,arithmetic,0,0,false,
libminizinc-tests,globals/value_precede/globals_value_precede_int,false,,true,false,85,10000,minizinc,global,5,0,false,
libminizinc-tests,globals/value_precede/globals_value_precede_int_opt,false,,true,false,85,10000,minizinc,global,2,0,false,
libminizinc-tests,globals/value_precede/globals_value_precede_set,false,,true,false,85,10000,minizinc,global,5,0,false,
libminizinc-tests,globals/value_precede_chain/globals_value_precede_chain_int,false,,true,false,86,10000,minizinc,arithmetic,0,0,false,
libminizinc-tests,globals/value_precede_chain/globals_value_precede_chain_int_opt,false,,true,false,84,10000,minizinc,arithmetic,0,0,false,
libminizinc-tests,globals/value_precede_chain/globals_value_precede_chain_set,false,,true,false,86,10000,minizinc,arithmetic,0,0,false,
libminizinc-tests,globals/var_sqr_sym/globals_var_sqr_sym,false,,true,false,89,10000,minizinc,global,2,0,false,
libminizinc-tests,json/alias_chained_json_input,false,,,false,10000,10000,minizinc,arithmetic,0,0,false,
libminizinc-tests,json/alias_enum_json_input,false,,,false,10000,10000,minizinc,arithmetic,0,0,false,
libminizinc-tests,json/alias_nested_record_json_input,false,,,false,10000,10000,minizinc,arithmetic,0,0,false,
libminizinc-tests,json/alias_record_json_input,false,,,false,10000,10000,minizinc,arithmetic,0,0,false,
libminizinc-tests,json/alias_set_json_input,false,,,false,10000,10000,minizinc,arithmetic,0,0,false,
libminizinc-tests,json/alias_tuple_json_input,false,,,false,10000,10000,minizinc,arithmetic,0,0,false,
libminizinc-tests,json/anon_enum_json,false,,,false,10000,10000,minizinc,arithmetic,0,0,false,
libminizinc-tests,json/coerce_enum_str,false,,,false,10000,10000,minizinc,arithmetic,0,0,false,
libminizinc-tests,json/coerce_enum_str_err,false,,,false,10000,10000,minizinc,arithmetic,0,0,false,
libminizinc-tests,json/coerce_indices,false,,,false,10000,10000,minizinc,arithmetic,0,0,false,
libminizinc-tests,json/coerce_set,false,,,false,10000,10000,minizinc,arithmetic,0,0,false,
libminizinc-tests,json/enum_array_xd,false,,true,false,94,10000,minizinc,arithmetic,0,0,false,
libminizinc-tests,json/enum_constructor_basic,false,,,false,10000,10000,minizinc,arithmetic,0,0,false,
libminizinc-tests,json/enum_constructor_basic_2,false,,,false,10000,10000,minizinc,arithmetic,0,0,false,
libminizinc-tests,json/enum_constructor_int,false,,,false,10000,10000,minizinc,arithmetic,0,0,false,
libminizinc-tests,json/enum_constructor_nested,false,,,false,10000,10000,minizinc,arithmetic,0,0,false,
libminizinc-tests,json/enum_escaping,false,,true,false,84,10000,minizinc,arithmetic,0,0,false,
libminizinc-tests,json/enum_int_coercion,false,,,false,10000,10000,minizinc,arithmetic,0,0,false,
libminizinc-tests,json/float_json_exponent,false,,,false,10000,10000,minizinc,arithmetic,0,0,false,
libminizinc-tests,json/json_array2d_set,false,,,false,10000,10000,minizinc,arithmetic,0,0,false,
libminizinc-tests,json/json_enum_def,false,,,false,10000,10000,minizinc,arithmetic,0,0,false,
libminizinc-tests,json/json_enum_def_2,false,,,false,10000,10000,minizinc,arithmetic,0,0,false,
libminizinc-tests,json/json_input_1,false,,,false,10000,10000,minizinc,arithmetic,0,0,false,
libminizinc-tests,json/json_input_multidim_enum_str,false,,,false,10000,10000,minizinc,arithmetic,0,0,false,
libminizinc-tests,json/json_input_set,false,,,false,10000,10000,minizinc,arithmetic,0,0,false,
libminizinc-tests,json/json_input_str,false,,,false,10000,10000,minizinc,arithmetic,0,0,false,
libminizinc-tests,json/json_unicode_escapes,false,,,false,10000,10000,minizinc,arithmetic,0,0,false,
libminizinc-tests,json/mult_dim_enum,false,,,false,10000,10000,minizinc,arithmetic,0,0,false,
libminizinc-tests,json/record_json_input,false,,,false,10000,10000,minizinc,arithmetic,0,0,false,
libminizinc-tests,json/record_missing_opt_field_json,false,,,false,10000,10000,minizinc,arithmetic,0,0,false,
libminizinc-tests,json/test_json_array,false,,,false,10000,10000,minizinc,arithmetic,0,0,false,
libminizinc-tests,json/tuple_json_input,false,,,false,10000,10000,minizinc,arithmetic,0,0,false,
libminizinc-tests,on_restart/complete,false,,,false,10000,10000,minizinc,arithmetic,0,0,false,
libminizinc-tests,on_restart/last_val_bool,false,,,false,10000,10000,minizinc,arithmetic,0,0,false,
libminizinc-tests,on_restart/last_val_float,false,,,false,10000,10000,minizinc,arithmetic,0,0,false,
libminizinc-tests,on_restart/last_val_int,false,,,false,10000,10000,minizinc,arithmetic,0,0,false,
libminizinc-tests,on_restart/last_val_set,false,,,false,10000,10000,minizinc,arithmetic,0,0,false,
libminizinc-tests,on_restart/sol_bool,false,,,false,10000,10000,minizinc,pseudo-boolean,0,0,true,
libminizinc-tests,on_restart/sol_float,false,,,false,10000,10000,minizinc,arithmetic,0,0,false,
libminizinc-tests,on_restart/sol_int,false,,,false,10000,10000,minizinc,arithmetic,0,0,false,
libminizinc-tests,on_restart/sol_set,false,,,false,10000,10000,minizinc,linear,0,1,false,
libminizinc-tests,optional/bind_absent,false,,true,false,85,10000,minizinc,arithmetic,0,0,false,
libminizinc-tests,optional/comprehension_of_absent_1,false,,true,false,79,10000,minizinc,arithmetic,0,0,false,
libminizinc-tests,optional/comprehension_of_absent_2,false,,true,false,86,10000,minizinc,arithmetic,0,0,false,
libminizinc-tests,optional/conj_absent_1,false,,true,false,87,10000,minizinc,pseudo-boolean,0,0,true,
libminizinc-tests,optional/conj_absent_2,false,,true,false,85,10000,minizinc,pseudo-boolean,0,0,true,
libminizinc-tests,optional/fn_return_array_absent,false,,true,false,85,10000,minizinc,arithmetic,0,0,false,
libminizinc-tests,optional/opt_array_access,false,132.0,true,true,24,10000,minizinc,linear,0,1,false,
libminizinc-tests,optional/opt_array_access_absent,false,,true,false,82,10000,minizinc,arithmetic,0,0,false,
libminizinc-tests,optional/opt_array_access_absent_empty,false,,true,false,84,10000,minizinc,arithmetic,0,0,false,
libminizinc-tests,optional/opt_in_absent,false,,true,false,88,10000,minizinc,global,1,0,true,
libminizinc-tests,optional/opt_math_abs,false,,true,false,85,10000,minizinc,arithmetic,0,0,false,
libminizinc-tests,optional/opt_math_neg,false,,true,false,85,10000,minizinc,arithmetic,0,0,false,
libminizinc-tests,optional/opt_set_operations_par,false,,,false,10000,10000,minizinc,arithmetic,0,0,false,
libminizinc-tests,optional/opt_set_operations_par_float,false,,,false,10000,10000,minizinc,arithmetic,0,0,false,
libminizinc-tests,optional/opt_string_comprehension,false,,true,false,84,10000,minizinc,arithmetic,0,0,false,
libminizinc-tests,optional/opt_top_absent,false,,true,false,82,10000,minizinc,arithmetic,0,0,false,
libminizinc-tests,optional/test-opt-binop-flatten,false,,true,false,82,10000,minizinc,arithmetic,0,0,false,
libminizinc-tests,optional/test-opt-bool-1,false,,true,false,86,10000,minizinc,arithmetic,0,0,false,
libminizinc-tests,optional/test-opt-bool-2,false,,true,false,102,10000,minizinc,arithmetic,0,0,false,
libminizinc-tests,optional/test-opt-bool-3,false,,true,false,85,10000,minizinc,arithmetic,0,0,false,
libminizinc-tests,optional/test-opt-bool-4,false,,true,false,87,10000,minizinc,arithmetic,0,0,false,
libminizinc-tests,optional/test-opt-bool-5,false,,true,false,83,10000,minizinc,arithmetic,0,0,false,
libminizinc-tests,optional/test-opt-bool-6,false,,true,false,94,10000,minizinc,arithmetic,0,0,false,
libminizinc-tests,optional/test-opt-compute-bounds,false,,true,false,83,10000,minizinc,arithmetic,0,0,false,
libminizinc-tests,optional/test-opt-float-1,false,,,false,10000,10000,minizinc,linear,0,1,false,
libminizinc-tests,optional/test-opt-float-2,false,,true,false,83,10000,minizinc,arithmetic,0,0,false,
libminizinc-tests,optional/test-opt-if-then-else,false,,true,false,87,10000,minizinc,pseudo-boolean,0,0,true,
libminizinc-tests,optional/test-opt-int-1,false,,true,false,84,10000,minizinc,arithmetic,0,0,false,
libminizinc-tests,optional/test-opt-int-2,false,,true,false,85,10000,minizinc,linear,0,1,false,
libminizinc-tests,optional/test-opt-int-3,false,,true,false,85,10000,minizinc,arithmetic,0,0,false,
libminizinc-tests,optional/test_bug_456,false,,true,false,81,10000,minizinc,arithmetic,0,0,false,
libminizinc-tests,optional/test_count_set,false,,true,false,84,10000,minizinc,global,1,0,false,
libminizinc-tests,optional/test_deopt_absent,false,,true,false,85,10000,minizinc,pseudo-boolean,0,0,true,
libminizinc-tests,optional/test_if_then_else_opt_bool,false,,true,false,90,10000,minizinc,pseudo-boolean,0,0,true,
libminizinc-tests,optional/test_if_then_else_opt_float,false,,,false,10000,10000,minizinc,pseudo-boolean,0,0,true,
libminizinc-tests,optional/test_if_then_else_opt_int,false,,true,false,89,10000,minizinc,pseudo-boolean,0,0,true,
libminizinc-tests,optional/test_if_then_else_var_opt_bool,false,,true,false,82,10000,minizinc,pseudo-boolean,0,0,true,
libminizinc-tests,optional/test_if_then_else_var_opt_float,false,,,false,10000,10000,minizinc,pseudo-boolean,0,0,true,
libminizinc-tests,optional/test_if_then_else_var_opt_int,false,,true,false,83,10000,minizinc,pseudo-boolean,0,0,true,
libminizinc-tests,optional/test_opt_comprehension,false,,true,false,84,10000,minizinc,pseudo-boolean,0,0,true,
libminizinc-tests,optional/test_opt_dom_empty,false,,true,false,87,10000,minizinc,arithmetic,0,0,false,
libminizinc-tests,optional/test_opt_dom_empty_no_absent_zero,false,,true,false,85,10000,minizinc,arithmetic,0,0,false,
libminizinc-tests,optional/test_opt_max,false,,true,false,140,10000,minizinc,global,1,0,false,
libminizinc-tests,optional/test_opt_min,false,,true,false,139,10000,minizinc,global,1,0,false,
libminizinc-tests,optional/test_optional_not_absent,false,,true,false,83,10000,minizinc,arithmetic,0,0,false,
libminizinc-tests,optional/var_opt_set_alias,false,,,false,10000,10000,minizinc,arithmetic,0,0,false,
libminizinc-tests,optional/var_opt_set_bounds,false,,,false,10000,10000,minizinc,arithmetic,0,0,false,
libminizinc-tests,optional/var_opt_set_card_syntax,false,,,false,10000,10000,minizinc,arithmetic,0,0,false,
libminizinc-tests,optional/var_opt_set_comprehension,false,,,false,10000,10000,minizinc,pseudo-boolean,0,0,true,
libminizinc-tests,optional/var_opt_set_comprehension_float,false,,,false,10000,10000,minizinc,pseudo-boolean,0,0,true,
libminizinc-tests,optional/var_opt_set_data,false,,,false,10000,10000,minizinc,arithmetic,0,0,false,
libminizinc-tests,optional/var_opt_set_default,false,,,false,10000,10000,minizinc,arithmetic,0,0,false,
libminizinc-tests,optional/var_opt_set_domain,false,,,false,10000,10000,minizinc,pseudo-boolean,0,0,true,
libminizinc-tests,optional/var_opt_set_element,false,,,false,10000,10000,minizinc,arithmetic,0,0,false,
libminizinc-tests,optional/var_opt_set_element_nd,false,,,false,10000,10000,minizinc,arithmetic,0,0,false,
libminizinc-tests,optional/var_opt_set_element_opt_index,false,,,false,10000,10000,minizinc,arithmetic,0,0,false,
libminizinc-tests,optional/var_opt_set_enum,false,,,false,10000,10000,minizinc,arithmetic,0,0,false,
libminizinc-tests,optional/var_opt_set_enumerate,false,,,false,10000,10000,minizinc,pseudo-boolean,0,0,true,
libminizinc-tests,optional/var_opt_set_eq,false,,,false,10000,10000,minizinc,arithmetic,0,0,false,
libminizinc-tests,optional/var_opt_set_eq_absent,false,,,false,10000,10000,minizinc,arithmetic,0,0,false,
libminizinc-tests,optional/var_opt_set_operations,false,,,false,10000,10000,minizinc,arithmetic,0,0,false,
libminizinc-tests,optional/var_opt_set_operations_mixed,false,,,false,10000,10000,minizinc,arithmetic,0,0,false,
libminizinc-tests,optional/var_opt_set_overload,false,,,false,10000,10000,minizinc,arithmetic,0,0,false,
libminizinc-tests,optional/var_opt_set_poly,false,,,false,10000,10000,minizinc,arithmetic,0,0,false,
libminizinc-tests,optional/var_opt_set_relations,false,,,false,10000,10000,minizinc,pseudo-boolean,0,0,true,
libminizinc-tests,output/arg-reif-output,false,,true,false,88,10000,minizinc,arithmetic,0,0,false,
libminizinc-tests,output/array-ann,false,,true,false,83,10000,minizinc,arithmetic,0,0,false,
libminizinc-tests,output/array_of_array,false,,true,false,84,10000,minizinc,arithmetic,0,0,false,
libminizinc-tests,output/bug288a,false,,true,false,85,10000,minizinc,arithmetic,0,0,false,
libminizinc-tests,output/bug288b,false,,true,false,84,10000,minizinc,arithmetic,0,0,false,
libminizinc-tests,output/bug288c,false,,true,false,86,10000,minizinc,arithmetic,0,0,false,
libminizinc-tests,output/ctx_ann,false,,true,false,83,10000,minizinc,arithmetic,0,0,false,
libminizinc-tests,output/dzn_output_array,false,,true,false,82,10000,minizinc,pseudo-boolean,0,0,true,
libminizinc-tests,output/enum_constructor_functions,false,,true,false,86,10000,minizinc,arithmetic,0,0,false,
libminizinc-tests,output/format_justified_enums,false,,true,false,88,10000,minizinc,arithmetic,0,0,false,
libminizinc-tests,output/json_ann,false,,true,false,89,10000,minizinc,arithmetic,0,0,false,
libminizinc-tests,output/json_multidim,false,,true,false,140,10000,minizinc,arithmetic,0,0,false,
libminizinc-tests,output/local_output,false,1.0,true,true,0,10000,minizinc,linear,0,1,false,
libminizinc-tests,output/mzn_bottom1,false,,true,false,89,10000,minizinc,arithmetic,0,0,false,
libminizinc-tests,output/mzn_bottom2,false,,true,false,85,10000,minizinc,arithmetic,0,0,false,
libminizinc-tests,output/mzn_bottom3,false,,true,false,83,10000,minizinc,arithmetic,0,0,false,
libminizinc-tests,output/mzn_bottom4,false,,true,false,83,10000,minizinc,arithmetic,0,0,false,
libminizinc-tests,output/mzn_bottom5,false,,true,false,81,10000,minizinc,arithmetic,0,0,false,
libminizinc-tests,output/mzn_bottom6,false,,true,false,93,10000,minizinc,arithmetic,0,0,false,
libminizinc-tests,output/name_only_overload_output,false,,true,false,86,10000,minizinc,arithmetic,0,0,false,
libminizinc-tests,output/no_output_reverse_mapped_var,false,0.0,true,true,0,10000,minizinc,linear,0,1,false,
libminizinc-tests,output/operator_overloads_ozn,false,,,false,10000,10000,minizinc,arithmetic,0,0,false,
libminizinc-tests,output/opt_par_fn_output,false,,,false,10000,10000,minizinc,pseudo-boolean,0,0,true,
libminizinc-tests,output/opt_set_enum,false,,true,false,84,10000,minizinc,arithmetic,0,0,false,
libminizinc-tests,output/output_annotations_1,false,3.0,true,true,0,10000,minizinc,arithmetic,0,0,false,
libminizinc-tests,output/output_annotations_2,false,,true,false,82,10000,minizinc,arithmetic,0,0,false,
libminizinc-tests,output/output_annotations_3,true,6.0,true,true,0,10000,minizinc,linear,0,1,false,
libminizinc-tests,output/output_annotations_4,true,9.0,true,true,0,10000,minizinc,arithmetic,0,0,false,
libminizinc-tests,output/output_anon_enum,false,,true,false,88,10000,minizinc,arithmetic,0,0,false,
libminizinc-tests,output/output_make_arg_par,false,2.0,true,true,0,10000,minizinc,arithmetic,0,0,false,
libminizinc-tests,output/output_mixed_opt_array,false,,true,false,86,10000,minizinc,arithmetic,0,0,false,
libminizinc-tests,output/output_sections_1,false,,true,false,82,10000,minizinc,arithmetic,0,0,false,
libminizinc-tests,output/output_sections_2,false,,true,false,85,10000,minizinc,arithmetic,0,0,false,
libminizinc-tests,output/output_sections_3,true,9.0,true,true,0,10000,minizinc,arithmetic,0,0,false,
libminizinc-tests,output/output_sections_4,true,10.0,true,true,0,10000,minizinc,arithmetic,0,0,false,
libminizinc-tests,output/output_sections_5,true,10.0,true,true,0,10000,minizinc,arithmetic,0,0,false,
libminizinc-tests,output/output_sections_6,true,10.0,true,true,0,10000,minizinc,arithmetic,0,0,false,
libminizinc-tests,output/output_sections_7,false,,true,false,89,10000,minizinc,arithmetic,0,0,false,
libminizinc-tests,output/output_shadowed_variables,false,1.0,true,true,0,10000,minizinc,arithmetic,0,0,false,
libminizinc-tests,output/quoted_id_ozn,false,,true,false,84,10000,minizinc,arithmetic,0,0,false,
libminizinc-tests,output/record_access_printing,false,2.0,true,true,0,10000,minizinc,arithmetic,0,0,false,
libminizinc-tests,output/show2d_empty,false,,true,false,84,10000,minizinc,arithmetic,0,0,false,
libminizinc-tests,output/show3d_empty,false,,true,false,85,10000,minizinc,arithmetic,0,0,false,
libminizinc-tests,output/show_empty,false,,true,false,82,10000,minizinc,arithmetic,0,0,false,
libminizinc-tests,output/show_float,false,,true,false,84,10000,minizinc,arithmetic,0,0,false,
libminizinc-tests,output/show_float_set,false,,true,false,80,10000,minizinc,arithmetic,0,0,false,
libminizinc-tests,output/show_int,false,,true,false,85,10000,minizinc,arithmetic,0,0,false,
libminizinc-tests,output/show_int_set,false,,true,false,86,10000,minizinc,arithmetic,0,0,false,
libminizinc-tests,output/test-in-output,false,,true,false,85,10000,minizinc,arithmetic,0,0,false,
libminizinc-tests,output/test_array_dzn_output,false,,true,false,86,10000,minizinc,arithmetic,0,0,false,
libminizinc-tests,output/test_bug_975,false,,true,false,85,10000,minizinc,linear,0,1,false,
libminizinc-tests,output/tuple_interpolation,false,,,false,10000,10000,minizinc,arithmetic,0,0,false,
libminizinc-tests,output/var_enum,false,,true,true,0,10000,minizinc,arithmetic,0,0,false,
libminizinc-tests,output/very_empty,false,,true,false,83,10000,minizinc,arithmetic,0,0,false,
libminizinc-tests,output/very_empty_set,false,,true,false,85,10000,minizinc,arithmetic,0,0,false,
libminizinc-tests,param_file/file_resolution/includes/included,false,,,false,10000,10000,minizinc,arithmetic,0,0,false,
libminizinc-tests,param_file/file_resolution/inner_directory/checker.mzc,false,,,false,10000,10000,minizinc,arithmetic,0,0,false,
libminizinc-tests,param_file/file_resolution/inner_directory/model_file,false,,,false,10000,10000,minizinc,arithmetic,0,0,false,
libminizinc-tests,param_file/param_file_array,false,,,false,10000,10000,minizinc,arithmetic,0,0,false,
libminizinc-tests,param_file/param_file_blacklist,false,,,false,10000,10000,minizinc,arithmetic,0,0,false,
libminizinc-tests,param_file/param_file_nested_object,false,,true,false,84,10000,minizinc,arithmetic,0,0,false,
libminizinc-tests,param_file/param_file_recursive,false,,,false,10000,10000,minizinc,arithmetic,0,0,false,
libminizinc-tests,param_file/param_file_resolution,false,,,false,10000,10000,minizinc,arithmetic,0,0,false,
libminizinc-tests,regression/abs_bug,false,3.0,true,true,0,10000,minizinc,linear,0,1,false,
libminizinc-tests,regression/absent_id_crash,false,,true,false,82,10000,minizinc,arithmetic,0,0,false,
libminizinc-tests,regression/arg-reif-array-float,false,,true,false,84,10000,minizinc,arithmetic,0,0,false,
libminizinc-tests,regression/arg-reif-array-int,false,,true,false,83,10000,minizinc,arithmetic,0,0,false,
libminizinc-tests,regression/arg-reif-float,false,,true,false,84,10000,minizinc,arithmetic,0,0,false,
libminizinc-tests,regression/arg-reif-int,false,,true,false,88,10000,minizinc,arithmetic,0,0,false,
libminizinc-tests,regression/arg-reif-int-set,false,,true,false,88,10000,minizinc,arithmetic,0,0,false,
libminizinc-tests,regression/array_of_empty_sets,false,,true,false,83,10000,minizinc,arithmetic,0,0,false,
libminizinc-tests,regression/array_set_element_nosets,false,,true,false,83,10000,minizinc,arithmetic,0,0,false,
libminizinc-tests,regression/array_var_set_element_nosets,false,,true,false,84,10000,minizinc,arithmetic,0,0,false,
libminizinc-tests,regression/arrayaccess_compose_enum,false,,true,false,85,10000,minizinc,arithmetic,0,0,false,
libminizinc-tests,regression/assign_reverse_map,false,,true,false,81,10000,minizinc,global,1,0,true,
libminizinc-tests,regression/big_array_lit,false,,true,false,128,10000,minizinc,arithmetic,0,0,false,
libminizinc-tests,regression/bind-defines-var,false,,,false,10000,10000,minizinc,pseudo-boolean,0,0,true,
libminizinc-tests,regression/binop_mult_gclock,false,,true,false,1674,10000,minizinc,linear,0,1,false,
libminizinc-tests,regression/bizarre,false,,true,false,88,10000,minizinc,arithmetic,0,0,false,
libminizinc-tests,regression/bool2float_let,false,,true,false,81,10000,minizinc,arithmetic,0,0,false,
libminizinc-tests,regression/bool_array_arg_context,false,,true,false,88,10000,minizinc,arithmetic,0,0,false,
libminizinc-tests,regression/bounds_for_linear_01_max_0,false,-1.0,true,true,0,10000,minizinc,arithmetic,0,0,false,
libminizinc-tests,regression/bounds_for_linear_01_max_1,false,-3.0,true,true,0,10000,minizinc,arithmetic,0,0,false,
libminizinc-tests,regression/bounds_for_linear_01_min_0,false,1.0,true,true,0,10000,minizinc,arithmetic,0,0,false,
libminizinc-tests,regression/bounds_for_linear_01_min_1,false,-1.0,true,true,0,10000,minizinc,arithmetic,0,0,false,
libminizinc-tests,regression/bug109,false,,true,false,87,10000,minizinc,linear,0,1,false,
libminizinc-tests,regression/bug110,false,,true,false,87,10000,minizinc,arithmetic,0,0,false,
libminizinc-tests,regression/bug131,false,,true,false,93,10000,minizinc,arithmetic,0,0,false,
libminizinc-tests,regression/bug141,false,,true,false,81,10000,minizinc,linear,0,1,false,
libminizinc-tests,regression/bug202,false,,,false,10000,10000,minizinc,arithmetic,0,0,false,
libminizinc-tests,regression/bug212,false,,true,false,84,10000,minizinc,arithmetic,0,0,false,
libminizinc-tests,regression/bug222,true,11.0,true,true,332,10000,minizinc,linear,0,2,false,
libminizinc-tests,regression/bug244,false,,true,false,90,10000,minizinc,arithmetic,0,0,false,
libminizinc-tests,regression/bug256,false,,true,false,84,10000,minizinc,arithmetic,0,0,false,
libminizinc-tests,regression/bug256b,false,,true,false,86,10000,minizinc,arithmetic,0,0,false,
libminizinc-tests,regression/bug259,false,62.0,true,true,83,10000,minizinc,linear,0,34,false,
libminizinc-tests,regression/bug269,false,,true,false,142,10000,minizinc,global,3,0,false,
libminizinc-tests,regression/bug282,false,,true,false,96,10000,minizinc,arithmetic,0,0,false,
libminizinc-tests,regression/bug283,false,,true,false,83,10000,minizinc,pseudo-boolean,0,0,true,
libminizinc-tests,regression/bug284,false,,true,false,401,10000,minizinc,global,2,0,false,
libminizinc-tests,regression/bug287,false,,true,false,101,10000,minizinc,global,3,0,false,
libminizinc-tests,regression/bug290_orig,false,,true,false,82,10000,minizinc,linear,0,2,false,
libminizinc-tests,regression/bug290_simple,false,,true,false,82,10000,minizinc,linear,0,2,false,
libminizinc-tests,regression/bug312,false,1.0,true,true,0,10000,minizinc,global,2,0,false,
libminizinc-tests,regression/bug318_orig,false,-1.099511627776E12,true,true,1,10000,minizinc,global,2,0,false,
libminizinc-tests,regression/bug335,false,9.0,true,true,107,10000,minizinc,global,2,0,false,
libminizinc-tests,regression/bug337,false,,true,false,83,10000,minizinc,arithmetic,0,0,false,
libminizinc-tests,regression/bug337_mod,false,,true,false,82,10000,minizinc,arithmetic,0,0,false,
libminizinc-tests,regression/bug341,false,,true,false,80,10000,minizinc,global,1,0,false,
libminizinc-tests,regression/bug347,false,,true,false,87,10000,minizinc,global,2,0,false,
libminizinc-tests,regression/bug380,false,,true,false,90,10000,minizinc,global,2,0,true,
libminizinc-tests,regression/bug45,false,,true,false,83,10000,minizinc,linear,0,1,false,
libminizinc-tests,regression/bug52,false,,true,false,86,10000,minizinc,arithmetic,0,0,false,
libminizinc-tests,regression/bug532,false,,true,false,84,10000,minizinc,arithmetic,0,0,false,
libminizinc-tests,regression/bug534,false,,true,false,83,10000,minizinc,arithmetic,0,0,false,
libminizinc-tests,regression/bug536,false,,true,false,83,10000,minizinc,arithmetic,0,0,false,
libminizinc-tests,regression/bug552,false,,true,false,86,10000,minizinc,arithmetic,0,0,false,
libminizinc-tests,regression/bug565,false,,true,false,84,10000,minizinc,pseudo-boolean,0,0,true,
libminizinc-tests,regression/bug570,false,,true,false,84,10000,minizinc,arithmetic,0,0,false,
libminizinc-tests,regression/bug620,false,,,false,10000,10000,minizinc,pseudo-boolean,0,0,true,
libminizinc-tests,regression/bug635,false,,true,false,86,10000,minizinc,arithmetic,0,0,false,
libminizinc-tests,regression/bug67,false,,true,false,84,10000,minizinc,arithmetic,0,0,false,
libminizinc-tests,regression/bug68b,false,,true,false,84,10000,minizinc,arithmetic,0,0,false,
libminizinc-tests,regression/bug69_1,false,,,false,10000,10000,minizinc,arithmetic,0,0,false,
libminizinc-tests,regression/bug69_2,false,,true,false,84,10000,minizinc,arithmetic,0,0,false,
libminizinc-tests,regression/bug69_3,false,,true,false,83,10000,minizinc,arithmetic,0,0,false,
libminizinc-tests,regression/bug69_4,false,,true,false,84,10000,minizinc,arithmetic,0,0,false,
libminizinc-tests,regression/bug70,false,,true,false,98,10000,minizinc,arithmetic,0,0,false,
libminizinc-tests,regression/bug71_1,false,,,false,10000,10000,minizinc,arithmetic,0,0,false,
libminizinc-tests,regression/bug71_2,false,,true,false,83,10000,minizinc,arithmetic,0,0,false,
libminizinc-tests,regression/bug82,false,,true,false,115,10000,minizinc,pseudo-boolean,0,0,true,
libminizinc-tests,regression/bug85,false,3.0,true,true,0,10000,minizinc,global,2,0,false,
libminizinc-tests,regression/bug_08,false,-2.0,true,true,0,10000,minizinc,arithmetic,0,0,false,
libminizinc-tests,regression/bug_629,false,,true,false,82,10000,minizinc,arithmetic,0,0,false,
libminizinc-tests,regression/bug_empty_enum_extension,false,,true,false,96,10000,minizinc,global,2,0,false,
libminizinc-tests,regression/bug_opt_polymorphic,false,,true,false,86,10000,minizinc,arithmetic,0,0,false,
libminizinc-tests,regression/bug_r7995,false,6.0,true,true,2,10000,minizinc,linear,0,3,false,
libminizinc-tests,regression/card_flatten_lb,false,0.0,true,true,0,10000,minizinc,arithmetic,0,0,false,
libminizinc-tests,regression/cardinality_atmost_partition,false,,true,false,140,10000,minizinc,global,2,1,false,
libminizinc-tests,regression/change_partition,false,,true,false,144,10000,minizinc,linear,0,1,false,
libminizinc-tests,regression/check_dom_float_array,false,,true,false,82,10000,minizinc,arithmetic,0,0,false,
libminizinc-tests,regression/checker_array_annotations,false,,true,false,82,10000,minizinc,arithmetic,0,0,false,
libminizinc-tests,regression/checker_array_annotations.mzc,false,,,false,10000,10000,minizinc,arithmetic,0,0,false,
libminizinc-tests,regression/checker_mzn_check_var,false,,true,false,85,10000,minizinc,arithmetic,0,0,false,
libminizinc-tests,regression/checker_mzn_check_var.mzc,false,,,false,10000,10000,minizinc,arithmetic,0,0,false,
libminizinc-tests,regression/checker_opt,true,10.0,true,true,0,10000,minizinc,arithmetic,0,0,false,
libminizinc-tests,regression/checker_opt.mzc,false,,,false,10000,10000,minizinc,arithmetic,0,0,false,
libminizinc-tests,regression/checker_opt_int,false,,true,false,83,10000,minizinc,arithmetic,0,0,false,
libminizinc-tests,regression/checker_opt_int.mzc,false,,true,false,86,10000,minizinc,arithmetic,0,0,false,
libminizinc-tests,regression/checker_params,true,2.0,true,true,1,10000,minizinc,arithmetic,0,0,false,
libminizinc-tests,regression/checker_params.mzc,false,,,false,10000,10000,minizinc,arithmetic,0,0,false,
libminizinc-tests,regression/checker_same_var,true,5.0,true,true,0,10000,minizinc,arithmetic,0,0,false,
libminizinc-tests,regression/checker_same_var.mzc,true,,true,true,0,10000,minizinc,arithmetic,0,0,false,
libminizinc-tests,regression/checker_var_bug,false,,true,false,83,10000,minizinc,arithmetic,0,0,false,
libminizinc-tests,regression/checker_var_bug.mzc,false,,true,false,87,10000,minizinc,arithmetic,0,0,false,
libminizinc-tests,regression/checker_var_opt_set,false,,,false,10000,10000,minizinc,arithmetic,0,0,false,
libminizinc-tests,regression/checker_var_opt_set.mzc,false,,,false,10000,10000,minizinc,arithmetic,0,0,false,
libminizinc-tests,regression/coerce_set_to_array_1,false,,true,false,86,10000,minizinc,arithmetic,0,0,false,
libminizinc-tests,regression/coerce_set_to_array_2,false,,,false,10000,10000,minizinc,arithmetic,0,0,false,
libminizinc-tests,regression/coercion_par,false,,true,false,82,10000,minizinc,pseudo-boolean,0,0,true,
libminizinc-tests,regression/comp_in_empty_set,false,,true,false,81,10000,minizinc,arithmetic,0,0,false,
libminizinc-tests,regression/comprehension_where,false,,true,false,84,10000,minizinc,arithmetic,0,0,false,
libminizinc-tests,regression/constructor_of_set,false,,true,false,83,10000,minizinc,arithmetic,0,0,false,
libminizinc-tests,regression/cse_array_lit,false,,true,false,83,10000,minizinc,arithmetic,0,0,false,
libminizinc-tests,regression/cyclic_include,false,,,false,10000,10000,minizinc,arithmetic,0,0,false,
libminizinc-tests,regression/decision_tree_binary,false,,true,false,84,10000,minizinc,arithmetic,0,0,false,
libminizinc-tests,regression/dim_1_struct_merge,false,,true,false,81,10000,minizinc,arithmetic,0,0,false,
libminizinc-tests,regression/empty-array1d,false,,true,false,80,10000,minizinc,pseudo-boolean,0,0,true,
libminizinc-tests,regression/enigma_1568,false,,true,false,190,10000,minizinc,global,1,0,false,
libminizinc-tests,regression/eq_infinity,false,,true,false,82,10000,minizinc,arithmetic,0,0,false,
libminizinc-tests,regression/error_in_comprehension,false,,,false,10000,10000,minizinc,arithmetic,0,0,false,
libminizinc-tests,regression/flat_cv_call,true,4.0,true,true,0,10000,minizinc,linear,0,1,false,
libminizinc-tests,regression/flat_cv_let,true,4.0,true,true,0,10000,minizinc,linear,0,1,false,
libminizinc-tests,regression/flat_set_lit,false,,true,false,82,10000,minizinc,arithmetic,0,0,false,
libminizinc-tests,regression/flatten_comp_in,false,,true,false,83,10000,minizinc,arithmetic,0,0,false,
libminizinc-tests,regression/flatten_comp_in2,false,,true,false,86,10000,minizinc,arithmetic,0,0,false,
libminizinc-tests,regression/flipstrip_simple,false,,true,false,79,10000,minizinc,arithmetic,0,0,false,
libminizinc-tests,regression/float_card,false,,true,false,83,10000,minizinc,arithmetic,0,0,false,
libminizinc-tests,regression/float_ceil_floor,false,,,false,10000,10000,minizinc,arithmetic,0,0,false,
libminizinc-tests,regression/float_div_crash,false,,,false,10000,10000,minizinc,arithmetic,0,0,false,
libminizinc-tests,regression/float_mod_crash,false,,,false,10000,10000,minizinc,arithmetic,0,0,false,
libminizinc-tests,regression/float_opt_crash,false,,,false,10000,10000,minizinc,arithmetic,0,0,false,
libminizinc-tests,regression/float_set_operations_par,false,,,false,10000,10000,minizinc,arithmetic,0,0,false,
libminizinc-tests,regression/follow_id_absent_crash,false,,true,false,95,10000,minizinc,arithmetic,0,0,false,
libminizinc-tests,regression/github537,false,,true,false,97,10000,minizinc,linear,0,1,false,
libminizinc-tests,regression/github_1008,false,,true,false,87,10000,minizinc,arithmetic,0,0,false,
libminizinc-tests,regression/github_1009,false,,,false,10000,10000,minizinc,arithmetic,0,0,false,
libminizinc-tests,regression/github_1012,false,,true,false,95,10000,minizinc,arithmetic,0,0,false,
libminizinc-tests,regression/github_1014,false,,true,false,91,10000,minizinc,arithmetic,0,0,false,
libminizinc-tests,regression/github_1020,false,,,false,10000,10000,minizinc,linear,0,1,false,
libminizinc-tests,regression/github_1022,false,,true,false,93,10000,minizinc,arithmetic,0,0,false,
libminizinc-tests,regression/github_1023,false,,,false,10000,10000,minizinc,arithmetic,0,0,false,
libminizinc-tests,regression/github_1030,false,,true,false,147,10000,minizinc,arithmetic,0,0,false,
libminizinc-tests,regression/github_1054,false,,true,false,91,10000,minizinc,arithmetic,0,0,false,
libminizinc-tests,regression/github_638_reduced,false,,true,false,84,10000,minizinc,arithmetic,0,0,false,
libminizinc-tests,regression/github_639_part1,false,,true,false,86,10000,minizinc,arithmetic,0,0,false,
libminizinc-tests,regression/github_639_part2,false,,true,false,79,10000,minizinc,arithmetic,0,0,false,
libminizinc-tests,regression/github_644_a,false,,true,false,86,10000,minizinc,arithmetic,0,0,false,
libminizinc-tests,regression/github_644_b,false,,true,false,91,10000,minizinc,arithmetic,0,0,false,
libminizinc-tests,regression/github_644_c,false,,true,false,83,10000,minizinc,global,1,0,false,
libminizinc-tests,regression/github_644_d,false,,true,false,83,10000,minizinc,arithmetic,0,0,false,
libminizinc-tests,regression/github_644_e,false,,true,false,89,10000,minizinc,arithmetic,0,0,false,
libminizinc-tests,regression/github_646,false,,true,false,86,10000,minizinc,linear,0,1,false,
libminizinc-tests,regression/github_648_par_array_decl,false,,,false,10000,10000,minizinc,arithmetic,0,0,false,
libminizinc-tests,regression/github_648_par_decl,false,,,false,10000,10000,minizinc,arithmetic,0,0,false,
libminizinc-tests,regression/github_656,false,,,false,10000,10000,minizinc,arithmetic,0,0,false,
libminizinc-tests,regression/github_660a,false,,,false,10000,10000,minizinc,arithmetic,0,0,false,
libminizinc-tests,regression/github_660b,false,,,false,10000,10000,minizinc,arithmetic,0,0,false,
libminizinc-tests,regression/github_661_part1,false,,,false,10000,10000,minizinc,arithmetic,0,0,false,
libminizinc-tests,regression/github_661_part2,false,,true,false,92,10000,minizinc,arithmetic,0,0,false,
libminizinc-tests,regression/github_664,false,,true,false,91,10000,minizinc,arithmetic,0,0,false,
libminizinc-tests,regression/github_666,false,,,false,10000,10000,minizinc,arithmetic,0,0,false,
libminizinc-tests,regression/github_667,false,,true,false,88,10000,minizinc,pseudo-boolean,0,0,true,
libminizinc-tests,regression/github_668,false,,true,false,93,10000,minizinc,pseudo-boolean,0,0,true,
libminizinc-tests,regression/github_669,false,,true,false,96,10000,minizinc,arithmetic,0,0,false,
libminizinc-tests,regression/github_670,false,,true,false,94,10000,minizinc,arithmetic,0,0,false,
libminizinc-tests,regression/github_671,false,,true,false,91,10000,minizinc,pseudo-boolean,0,0,true,
libminizinc-tests,regression/github_673,false,,true,false,90,10000,minizinc,arithmetic,0,0,false,
libminizinc-tests,regression/github_674,false,,true,false,120,10000,minizinc,global,1,0,true,
libminizinc-tests,regression/github_675a,false,,true,false,127,10000,minizinc,pseudo-boolean,0,0,true,
libminizinc-tests,regression/github_675b,false,,true,false,105,10000,minizinc,arithmetic,0,0,false,
libminizinc-tests,regression/github_680,false,,,false,10000,10000,minizinc,arithmetic,0,0,false,
libminizinc-tests,regression/github_681,false,,true,false,110,10000,minizinc,pseudo-boolean,0,0,true,
libminizinc-tests,regression/github_683,false,,true,false,85,10000,minizinc,global,1,0,false,
libminizinc-tests,regression/github_685,false,,true,false,82,10000,minizinc,global,5,0,true,
libminizinc-tests,regression/github_687,false,,true,false,84,10000,minizinc,arithmetic,0,0,false,
libminizinc-tests,regression/github_691,false,,true,false,85,10000,minizinc,arithmetic,0,0,false,
libminizinc-tests,regression/github_693_part1,false,,,false,10000,10000,minizinc,pseudo-boolean,0,0,true,
libminizinc-tests,regression/github_693_part2,false,,true,false,89,10000,minizinc,global,2,0,false,
libminizinc-tests,regression/github_695,false,,true,false,91,10000,minizinc,arithmetic,0,0,false,
libminizinc-tests,regression/github_700,false,,true,false,114,10000,minizinc,arithmetic,0,0,false,
libminizinc-tests,regression/github_700_bad_sol,false,,true,false,131,10000,minizinc,arithmetic,0,0,false,
libminizinc-tests,regression/github_716,false,,true,false,95,10000,minizinc,pseudo-boolean,0,0,true,
libminizinc-tests,regression/github_719,false,,true,false,85,10000,minizinc,arithmetic,0,0,false,
libminizinc-tests,regression/github_725,false,,,false,10000,10000,minizinc,global,84,45,false,
libminizinc-tests,regression/github_726,false,,true,false,90,10000,minizinc,arithmetic,0,0,false,
libminizinc-tests,regression/github_728,false,,true,false,84,10000,minizinc,global,1,0,false,
libminizinc-tests,regression/github_730,false,,,false,10000,10000,minizinc,pseudo-boolean,0,0,true,
libminizinc-tests,regression/github_732,false,,true,false,88,10000,minizinc,arithmetic,0,0,false,
libminizinc-tests,regression/github_747,false,,true,false,83,10000,minizinc,arithmetic,0,0,false,
libminizinc-tests,regression/github_748,false,,true,false,88,10000,minizinc,pseudo-boolean,0,0,true,
libminizinc-tests,regression/github_749,false,,true,false,87,10000,minizinc,global,1,0,true,
libminizinc-tests,regression/github_752,false,,true,false,153,10000,minizinc,global,1,0,false,
libminizinc-tests,regression/github_754,false,,true,false,94,10000,minizinc,pseudo-boolean,0,0,true,
libminizinc-tests,regression/github_758,false,,true,false,90,10000,minizinc,pseudo-boolean,0,0,true,
libminizinc-tests,regression/github_760,false,,true,false,79,10000,minizinc,arithmetic,0,0,false,
libminizinc-tests,regression/github_761,false,,true,false,92,10000,minizinc,arithmetic,0,0,false,
libminizinc-tests,regression/github_762,false,,true,false,90,10000,minizinc,pseudo-boolean,0,0,true,
libminizinc-tests,regression/github_765,false,,,false,10000,10000,minizinc,arithmetic,0,0,false,
libminizinc-tests,regression/github_766,false,,true,false,84,10000,minizinc,arithmetic,0,0,false,
libminizinc-tests,regression/github_768a,false,,true,false,95,10000,minizinc,arithmetic,0,0,false,
libminizinc-tests,regression/github_768b,false,1.0,true,true,0,10000,minizinc,arithmetic,0,0,false,
libminizinc-tests,regression/github_771,false,,true,false,88,10000,minizinc,arithmetic,0,0,false,
libminizinc-tests,regression/github_773,false,2.0,true,true,0,10000,minizinc,arithmetic,0,0,false,
libminizinc-tests,regression/github_776,false,,true,false,87,10000,minizinc,arithmetic,0,0,false,
libminizinc-tests,regression/github_778,false,,true,false,105,10000,minizinc,arithmetic,0,0,false,
libminizinc-tests,regression/github_779,false,,,false,10000,10000,minizinc,arithmetic,0,0,false,
libminizinc-tests,regression/github_783,false,,true,false,80,10000,minizinc,arithmetic,0,0,false,
libminizinc-tests,regression/github_785,false,,,false,10000,10000,minizinc,pseudo-boolean,0,0,true,
libminizinc-tests,regression/github_792,false,,true,false,86,10000,minizinc,pseudo-boolean,0,0,true,
libminizinc-tests,regression/github_793,false,,true,false,83,10000,minizinc,arithmetic,0,0,false,
libminizinc-tests,regression/github_798,false,,,false,10000,10000,minizinc,global,1,0,false,
libminizinc-tests,regression/github_802,false,,true,false,97,10000,minizinc,arithmetic,0,0,false,
libminizinc-tests,regression/github_803,false,,true,false,83,10000,minizinc,linear,0,1,false,
libminizinc-tests,regression/github_805,false,,true,false,83,10000,minizinc,arithmetic,0,0,false,
libminizinc-tests,regression/github_806,false,,true,false,87,10000,minizinc,arithmetic,0,0,false,
libminizinc-tests,regression/github_807,false,,true,false,87,10000,minizinc,arithmetic,0,0,false,
libminizinc-tests,regression/github_809,false,,true,false,87,10000,minizinc,arithmetic,0,0,false,
libminizinc-tests,regression/github_810a,false,,true,false,83,10000,minizinc,pseudo-boolean,0,0,true,
libminizinc-tests,regression/github_810b,false,,true,false,89,10000,minizinc,pseudo-boolean,0,0,true,
libminizinc-tests,regression/github_813,false,,true,false,82,10000,minizinc,pseudo-boolean,0,0,true,
libminizinc-tests,regression/github_818,false,,true,false,87,10000,minizinc,arithmetic,0,0,false,
libminizinc-tests,regression/github_821,false,,true,false,87,10000,minizinc,arithmetic,0,0,false,
libminizinc-tests,regression/github_822,false,,true,false,87,10000,minizinc,arithmetic,0,0,false,
libminizinc-tests,regression/github_823,false,,true,false,85,10000,minizinc,arithmetic,0,0,false,
libminizinc-tests,regression/github_826,false,,true,false,88,10000,minizinc,pseudo-boolean,0,0,true,
libminizinc-tests,regression/github_828,false,,,false,10000,10000,minizinc,arithmetic,0,0,false,
libminizinc-tests,regression/github_832,false,,,false,10000,10000,minizinc,pseudo-boolean,0,0,true,
libminizinc-tests,regression/github_842,false,,true,false,90,10000,minizinc,arithmetic,0,0,false,
libminizinc-tests,regression/github_844,false,,true,false,86,10000,minizinc,arithmetic,0,0,false,
libminizinc-tests,regression/github_845,false,,true,false,90,10000,minizinc,pseudo-boolean,0,0,true,
libminizinc-tests,regression/github_848,false,,true,false,85,10000,minizinc,arithmetic,0,0,false,
libminizinc-tests,regression/github_856,false,,true,false,84,10000,minizinc,arithmetic,0,0,false,
libminizinc-tests,regression/github_858,false,,true,false,84,10000,minizinc,arithmetic,0,0,false,
libminizinc-tests,regression/github_865,false,,,false,10000,10000,minizinc,global,2,0,false,
libminizinc-tests,regression/github_867,false,,,false,10000,10000,minizinc,arithmetic,0,0,false,
libminizinc-tests,regression/github_879,false,,true,false,92,10000,minizinc,arithmetic,0,0,false,
libminizinc-tests,regression/github_887,false,,true,false,101,10000,minizinc,arithmetic,0,0,false,
libminizinc-tests,regression/github_892,false,,true,false,86,10000,minizinc,arithmetic,0,0,false,
libminizinc-tests,regression/github_897,false,3.0,true,true,0,10000,minizinc,linear,0,1,false,
libminizinc-tests,regression/github_900,false,,true,false,92,10000,minizinc,arithmetic,0,0,false,
libminizinc-tests,regression/github_901,false,,true,false,79,10000,minizinc,linear,0,1,false,
libminizinc-tests,regression/github_902a,false,,,false,10000,10000,minizinc,arithmetic,0,0,false,
libminizinc-tests,regression/github_902b,false,,,false,10000,10000,minizinc,arithmetic,0,0,false,
libminizinc-tests,regression/github_905,false,,true,false,100,10000,minizinc,arithmetic,0,0,false,
libminizinc-tests,regression/github_912,false,,,false,10000,10000,minizinc,arithmetic,0,0,false,
libminizinc-tests,regression/github_919,false,1.0,true,true,0,10000,minizinc,arithmetic,0,0,false,
libminizinc-tests,regression/github_954,false,,true,false,98,10000,minizinc,arithmetic,0,0,false,
libminizinc-tests,regression/github_964,false,,,false,10000,10000,minizinc,global,1,0,true,
libminizinc-tests,regression/github_966,false,,true,false,87,10000,minizinc,arithmetic,0,0,false,
libminizinc-tests,regression/github_997,false,,,false,10000,10000,minizinc,global,3,1,false,
libminizinc-tests,regression/hundred_doors_unoptimized,false,,true,false,158,10000,minizinc,arithmetic,0,0,false,
libminizinc-tests,regression/if_then_else_absent,false,,true,false,89,10000,minizinc,pseudo-boolean,0,0,true,
libminizinc-tests,regression/in_array_eval_error,false,,true,false,87,10000,minizinc,arithmetic,0,0,false,
libminizinc-tests,regression/int2float_subst,false,,,false,10000,10000,minizinc,arithmetic,0,0,false,
libminizinc-tests,regression/int_float_set_coercion,false,,,false,10000,10000,minizinc,global,1,0,false,
libminizinc-tests,regression/int_times,false,,true,false,94,10000,minizinc,arithmetic,0,0,false,
libminizinc-tests,regression/is_fixed,false,,true,false,103,10000,minizinc,arithmetic,0,0,false,
libminizinc-tests,regression/is_fixed_comp,false,,true,false,106,10000,minizinc,pseudo-boolean,0,0,true,
libminizinc-tests,regression/lb_ub_dom_array_opt,false,,true,false,100,10000,minizinc,arithmetic,0,0,false,
libminizinc-tests,regression/let_domain_from_generator,false,,true,false,108,10000,minizinc,arithmetic,0,0,false,
libminizinc-tests,regression/linear_bool_elem_bug,false,,true,false,111,10000,minizinc,arithmetic,0,0,false,
libminizinc-tests,regression/makepar_output,false,,true,false,112,10000,minizinc,arithmetic,0,0,false,
libminizinc-tests,regression/move_where_clause,false,,true,false,112,10000,minizinc,linear,0,1,false,
libminizinc-tests,regression/multi_goal_hierarchy_error,false,,true,false,99,10000,minizinc,arithmetic,0,0,false,
libminizinc-tests,regression/multidim_concat_elem_type,false,,,false,10000,10000,minizinc,arithmetic,0,0,false,
libminizinc-tests,regression/negated_set_in_partial,false,,,false,10000,10000,minizinc,arithmetic,0,0,false,
libminizinc-tests,regression/nested_clause,false,,true,false,83,10000,minizinc,arithmetic,0,0,false,
libminizinc-tests,regression/no_macro,false,,true,false,94,10000,minizinc,arithmetic,0,0,false,
libminizinc-tests,regression/non-set-array-ti-location,false,,,false,10000,10000,minizinc,arithmetic,0,0,false,
libminizinc-tests,regression/non_pos_pow,false,,true,false,90,10000,minizinc,arithmetic,0,0,false,
libminizinc-tests,regression/nosets_369,false,,true,false,85,10000,minizinc,arithmetic,0,0,false,
libminizinc-tests,regression/nosets_set_search,false,,true,false,82,10000,minizinc,arithmetic,0,0,false,
libminizinc-tests,regression/opt_minmax,false,,,false,10000,10000,minizinc,linear,0,2,false,
libminizinc-tests,regression/opt_noncontiguous_domain,false,,true,false,87,10000,minizinc,arithmetic,0,0,false,
libminizinc-tests,regression/opt_removed_items,false,,true,false,87,10000,minizinc,arithmetic,0,0,false,
libminizinc-tests,regression/output_2d_array_enum,false,,true,false,97,10000,minizinc,arithmetic,0,0,false,
libminizinc-tests,regression/output_fn_toplevel_var,false,,true,false,84,10000,minizinc,arithmetic,0,0,false,
libminizinc-tests,regression/output_only_fn,false,,true,false,85,10000,minizinc,arithmetic,0,0,false,
libminizinc-tests,regression/output_only_no_rhs,false,,,false,10000,10000,minizinc,arithmetic,0,0,false,
libminizinc-tests,regression/output_reverse_map_alias_chain,false,,true,false,93,10000,minizinc,pseudo-boolean,0,0,true,
libminizinc-tests,regression/overloading,false,,true,false,106,10000,minizinc,pseudo-boolean,0,0,true,
libminizinc-tests,regression/par_opt_dom,false,,true,false,98,10000,minizinc,arithmetic,0,0,false,
libminizinc-tests,regression/par_opt_equal,false,,true,false,95,10000,minizinc,arithmetic,0,0,false,
libminizinc-tests,regression/parse_assignments,false,,true,false,100,10000,minizinc,pseudo-boolean,0,0,true,
libminizinc-tests,regression/parse_assignments.mzc,false,,,false,10000,10000,minizinc,arithmetic,0,0,false,
libminizinc-tests,regression/parser_location,false,,,false,10000,10000,minizinc,arithmetic,0,0,false,
libminizinc-tests,regression/polymorphic_operator_par,false,,,false,10000,10000,minizinc,arithmetic,0,0,false,
libminizinc-tests,regression/polymorphic_var_and_par,false,1.0,true,true,0,10000,minizinc,arithmetic,0,0,false,
libminizinc-tests,regression/pow_undefined,false,,,false,10000,10000,minizinc,arithmetic,0,0,false,
libminizinc-tests,regression/pred_param_r7550,false,53.0,true,true,92,10000,minizinc,global,2,1,false,
libminizinc-tests,regression/round,false,,true,false,95,10000,minizinc,arithmetic,0,0,false,
libminizinc-tests,regression/seq_search_bug,false,,true,false,165,10000,minizinc,arithmetic,0,0,false,
libminizinc-tests,regression/set_inequality_par,false,,true,false,92,10000,minizinc,arithmetic,0,0,false,
libminizinc-tests,regression/set_var_par_out_of_domain,false,,,false,10000,10000,minizinc,global,3,0,false,
libminizinc-tests,regression/slice_enum_indexset,false,,true,false,91,10000,minizinc,global,2,0,false,
libminizinc-tests,regression/string-test-arg,false,,true,false,77,10000,minizinc,arithmetic,0,0,false,
libminizinc-tests,regression/subsets_100,false,,true,false,168,10000,minizinc,linear,0,1,false,
libminizinc-tests,regression/test_annotation_on_exists,false,,true,false,88,10000,minizinc,pseudo-boolean,0,0,true,
libminizinc-tests,regression/test_bool2int,false,,true,false,86,10000,minizinc,arithmetic,0,0,false,
libminizinc-tests,regression/test_bug218,false,,true,false,102,10000,minizinc,linear,0,1,false,
libminizinc-tests,regression/test_bug218_inc,false,,,false,10000,10000,minizinc,linear,0,1,false,
libminizinc-tests,regression/test_bug359,false,,true,false,81,10000,minizinc,arithmetic,0,0,false,
libminizinc-tests,regression/test_bug45,false,,true,false,83,10000,minizinc,linear,0,1,false,
libminizinc-tests,regression/test_bug53,false,,true,false,85,10000,minizinc,arithmetic,0,0,false,
libminizinc-tests,regression/test_bug54,false,,true,false,89,10000,minizinc,arithmetic,0,0,false,
libminizinc-tests,regression/test_bug55,false,,true,false,81,10000,minizinc,arithmetic,0,0,false,
libminizinc-tests,regression/test_bug57,false,,true,false,82,10000,minizinc,arithmetic,0,0,false,
libminizinc-tests,regression/test_bug65,false,,true,false,146,10000,minizinc,global,1,0,false,
libminizinc-tests,regression/test_bug66,false,,true,false,76,10000,minizinc,arithmetic,0,0,false,
libminizinc-tests,regression/test_bug67,false,,,false,10000,10000,minizinc,arithmetic,0,0,false,
libminizinc-tests,regression/test_bug70,false,,true,false,90,10000,minizinc,arithmetic,0,0,false,
libminizinc-tests,regression/test_bug71,false,,true,false,90,10000,minizinc,arithmetic,0,0,false,
libminizinc-tests,regression/test_bug72,false,,true,false,77,10000,minizinc,pseudo-boolean,0,0,true,
libminizinc-tests,regression/test_bug_129,false,,true,false,83,10000,minizinc,arithmetic,0,0,false,
libminizinc-tests,regression/test_bug_476,false,,true,false,81,10000,minizinc,arithmetic,0,0,false,
libminizinc-tests,regression/test_bug_483,false,,true,false,81,10000,minizinc,pseudo-boolean,0,0,true,
libminizinc-tests,regression/test_bug_493,false,,true,false,82,10000,minizinc,arithmetic,0,0,false,
libminizinc-tests,regression/test_bug_494,false,,true,false,88,10000,minizinc,arithmetic,0,0,false,
libminizinc-tests,regression/test_bug_520,false,,true,false,91,10000,minizinc,arithmetic,0,0,false,
libminizinc-tests,regression/test_bug_521,false,,true,false,81,10000,minizinc,arithmetic,0,0,false,
libminizinc-tests,regression/test_bug_527,false,,true,false,74,10000,minizinc,global,1,0,false,
libminizinc-tests,regression/test_bug_529,false,,true,false,90,10000,minizinc,arithmetic,0,0,false,
libminizinc-tests,regression/test_bug_588,false,,true,false,89,10000,minizinc,arithmetic,0,0,false,
libminizinc-tests,regression/test_bug_637,false,,true,false,78,10000,minizinc,arithmetic,0,0,false,
libminizinc-tests,regression/test_bug_851,false,,true,false,81,10000,minizinc,arithmetic,0,0,false,
libminizinc-tests,regression/test_bug_859,false,,true,false,84,10000,minizinc,arithmetic,0,0,false,
libminizinc-tests,regression/test_bug_860,false,,true,false,82,10000,minizinc,arithmetic,0,0,false,
libminizinc-tests,regression/test_bug_864,false,,true,false,88,10000,minizinc,arithmetic,0,0,false,
libminizinc-tests,regression/test_bug_891,false,,true,false,86,10000,minizinc,arithmetic,0,0,false,
libminizinc-tests,regression/test_bug_911,false,,true,false,79,10000,minizinc,linear,0,1,false,
libminizinc-tests,regression/test_bug_array_sum_bounds,false,,true,false,88,10000,minizinc,linear,0,1,false,
libminizinc-tests,regression/test_bug_ite_array_eq,false,,true,false,86,10000,minizinc,pseudo-boolean,0,0,true,
libminizinc-tests,regression/test_bug_pred_arg,false,,true,false,84,10000,minizinc,arithmetic,0,0,false,
libminizinc-tests,regression/test_equality_of_indirect_annotations,false,,true,false,86,10000,minizinc,arithmetic,0,0,false,
libminizinc-tests,regression/test_github_30,false,,true,false,86,10000,minizinc,arithmetic,0,0,false,
libminizinc-tests,regression/test_multioutput,false,,true,false,81,10000,minizinc,arithmetic,0,0,false,
libminizinc-tests,regression/test_not_in,false,,true,false,84,10000,minizinc,arithmetic,0,0,false,
libminizinc-tests,regression/test_opt_bool_impl,false,,true,false,85,10000,minizinc,pseudo-boolean,0,0,true,
libminizinc-tests,regression/test_opt_exists_forall,false,,true,false,83,10000,minizinc,pseudo-boolean,0,0,true,
libminizinc-tests,regression/test_output_array_of_set,false,,true,false,89,10000,minizinc,arithmetic,0,0,false,
libminizinc-tests,regression/test_output_checker,false,,true,false,88,10000,minizinc,arithmetic,0,0,false,
libminizinc-tests,regression/test_output_checker.mzc,false,,,false,10000,10000,minizinc,arithmetic,0,0,false,
libminizinc-tests,regression/test_output_string_var,false,,true,false,79,10000,minizinc,arithmetic,0,0,false,
libminizinc-tests,regression/test_parout,false,,true,false,87,10000,minizinc,arithmetic,0,0,false,
libminizinc-tests,regression/test_seq_precede_chain_set,false,,true,false,153,10000,minizinc,arithmetic,0,0,false,
libminizinc-tests,regression/test_slice_1d_array,false,,true,false,87,10000,minizinc,arithmetic,0,0,false,
libminizinc-tests,regression/ti_error_location,false,,,false,10000,10000,minizinc,arithmetic,0,0,false,
libminizinc-tests,regression/ts_bug,false,48.0,true,true,23,10000,minizinc,global,2,2,false,
libminizinc-tests,regression/type_specialise_array_return,false,,true,false,79,10000,minizinc,arithmetic,0,0,false,
libminizinc-tests,regression/user_operator_bool_arg,false,,true,false,78,10000,minizinc,arithmetic,0,0,false,
libminizinc-tests,regression/var_bool_comp,false,,true,false,80,10000,minizinc,pseudo-boolean,0,0,true,
libminizinc-tests,regression/var_opt_unconstrained,false,,true,false,78,10000,minizinc,arithmetic,0,0,false,
libminizinc-tests,regression/var_self_assign_bug,false,,true,false,78,10000,minizinc,arithmetic,0,0,false,
libminizinc-tests,regression/warm_start,false,,true,false,78,10000,minizinc,arithmetic,0,0,false,
libminizinc-tests,regression/where-forall-bug,false,,true,false,72,10000,minizinc,pseudo-boolean,0,0,true,
libminizinc-tests,regression/xor_mixed_context,false,,true,false,75,10000,minizinc,linear,0,3,false,
libminizinc-tests,search/int_choice_1,false,,true,false,120,10000,minizinc,arithmetic,0,0,false,
libminizinc-tests,search/int_choice_2,false,,true,false,118,10000,minizinc,arithmetic,0,0,false,
libminizinc-tests,search/int_choice_6,false,,true,false,123,10000,minizinc,arithmetic,0,0,false,
libminizinc-tests,search/int_var_select_1,false,,true,false,123,10000,minizinc,arithmetic,0,0,false,
libminizinc-tests,search/int_var_select_2,false,,true,false,123,10000,minizinc,arithmetic,0,0,false,
libminizinc-tests,search/int_var_select_3,false,,true,false,122,10000,minizinc,arithmetic,0,0,false,
libminizinc-tests,search/int_var_select_4,false,,true,false,123,10000,minizinc,arithmetic,0,0,false,
libminizinc-tests,search/int_var_select_6,false,,true,false,121,10000,minizinc,arithmetic,0,0,false,
libminizinc-tests,search/test-ff1,true,11.0,true,true,1,10000,minizinc,arithmetic,0,0,false,
libminizinc-tests,search/test-ff2,false,,true,false,87,10000,minizinc,arithmetic,0,0,false,
libminizinc-tests,search/test-ff3,false,,true,false,83,10000,minizinc,arithmetic,0,0,false,
libminizinc-tests,search/test-large1,true,13.0,true,true,1,10000,minizinc,arithmetic,0,0,false,
libminizinc-tests,search/test-med1,false,,true,false,84,10000,minizinc,arithmetic,0,0,false,
libminizinc-tests,search/test-small1,true,11.0,true,true,0,10000,minizinc,arithmetic,0,0,false,
libminizinc-tests,syntax/anon_var_inverse,false,,,false,10000,10000,minizinc,global,1,0,false,
libminizinc-tests,syntax/array_2d_mixed_index,false,,,false,10000,10000,minizinc,arithmetic,0,0,false,
libminizinc-tests,syntax/bad_int_literal,false,,,false,10000,10000,minizinc,arithmetic,0,0,false,
libminizinc-tests,syntax/bare_comma_interpolation,false,,,false,10000,10000,minizinc,arithmetic,0,0,false,
libminizinc-tests,syntax/concat_precedence,false,,true,false,88,10000,minizinc,arithmetic,0,0,false,
libminizinc-tests,syntax/deprecated_double_equals_assignment,false,,true,false,88,10000,minizinc,arithmetic,0,0,false,
libminizinc-tests,syntax/empty_backtick_operator,false,,,false,10000,10000,minizinc,arithmetic,0,0,false,
libminizinc-tests,syntax/empty_quoted_identifier,false,,,false,10000,10000,minizinc,arithmetic,0,0,false,
libminizinc-tests,syntax/enum_string_members,false,,,false,10000,10000,minizinc,arithmetic,0,0,false,
libminizinc-tests,syntax/future_arg_default,false,,,false,10000,10000,minizinc,arithmetic,0,0,false,
libminizinc-tests,syntax/future_case,false,,,false,10000,10000,minizinc,arithmetic,0,0,false,
libminizinc-tests,syntax/future_class,false,,,false,10000,10000,minizinc,arithmetic,0,0,false,
libminizinc-tests,syntax/future_destructuring,false,,,false,10000,10000,minizinc,arithmetic,0,0,false,
libminizinc-tests,syntax/future_lambda,false,,,false,10000,10000,minizinc,arithmetic,0,0,false,
libminizinc-tests,syntax/future_lambda_identifier,false,,true,false,81,10000,minizinc,arithmetic,0,0,false,
libminizinc-tests,syntax/future_op_identifier,false,,true,false,81,10000,minizinc,arithmetic,0,0,false,
libminizinc-tests,syntax/future_operation_type,false,,,false,10000,10000,minizinc,arithmetic,0,0,false,
libminizinc-tests,syntax/inverse_operation_decl,false,,true,false,83,10000,minizinc,global,1,0,false,
libminizinc-tests,syntax/missing_semicolon,false,,,false,10000,10000,minizinc,arithmetic,0,0,false,
libminizinc-tests,syntax/unicode_escape_bounds,false,,,false,10000,10000,minizinc,arithmetic,0,0,false,
libminizinc-tests,syntax/unterminated_string,false,,,false,10000,10000,minizinc,arithmetic,0,0,false,
libminizinc-tests,test-globals-float,false,,,false,10000,10000,minizinc,global,6,0,false,
libminizinc-tests,types/alias,false,,true,false,87,10000,minizinc,arithmetic,0,0,false,
libminizinc-tests,types/alias_call,false,,true,false,88,10000,minizinc,arithmetic,0,0,false,
libminizinc-tests,types/alias_extern_dom,false,,true,false,83,10000,minizinc,arithmetic,0,0,false,
libminizinc-tests,types/alias_set_of_array,false,,,false,10000,10000,minizinc,arithmetic,0,0,false,
libminizinc-tests,types/any_tiid_par_var,false,,true,false,84,10000,minizinc,arithmetic,0,0,false,
libminizinc-tests,types/array_of_array,false,,true,false,154,10000,minizinc,arithmetic,0,0,false,
libminizinc-tests,types/array_of_array_alias,false,,true,false,150,10000,minizinc,arithmetic,0,0,false,
libminizinc-tests,types/array_of_tuple_of_top,false,,true,false,82,10000,minizinc,arithmetic,0,0,false,
libminizinc-tests,types/array_of_tuple_of_var_opt_set,false,,,false,10000,10000,minizinc,arithmetic,0,0,false,
libminizinc-tests,types/array_of_var_opt_set,false,,,false,10000,10000,minizinc,arithmetic,0,0,false,
libminizinc-tests,types/array_var_opt_set_comprehension,false,,,false,10000,10000,minizinc,arithmetic,0,0,false,
libminizinc-tests,types/common_record,false,,,false,10000,10000,minizinc,arithmetic,0,0,false,
libminizinc-tests,types/common_struct_bottom,false,,true,false,88,10000,minizinc,arithmetic,0,0,false,
libminizinc-tests,types/comprehension_of_absent_any_1,false,,,false,10000,10000,minizinc,arithmetic,0,0,false,
libminizinc-tests,types/comprehension_type,false,,true,false,85,10000,minizinc,global,1,0,false,
libminizinc-tests,types/cv_comprehension,false,,true,false,87,10000,minizinc,arithmetic,0,0,false,
libminizinc-tests,types/enum2int_binop,false,,true,false,82,10000,minizinc,arithmetic,0,0,false,
libminizinc-tests,types/enum_decl,false,,true,false,94,10000,minizinc,arithmetic,0,0,false,
libminizinc-tests,types/enum_refl,false,,true,false,81,10000,minizinc,arithmetic,0,0,false,
libminizinc-tests,types/enum_tiid_coercion,false,,true,false,86,10000,minizinc,pseudo-boolean,0,0,true,
libminizinc-tests,types/enum_tiid_struct_mismatch_record_in,false,,,false,10000,10000,minizinc,arithmetic,0,0,false,
libminizinc-tests,types/enum_tiid_struct_mismatch_tuple,false,,,false,10000,10000,minizinc,arithmetic,0,0,false,
libminizinc-tests,types/github_647,false,,true,false,86,10000,minizinc,arithmetic,0,0,false,
libminizinc-tests,types/if_then_else_bottom_struct,false,,true,false,87,10000,minizinc,arithmetic,0,0,false,
libminizinc-tests,types/if_then_else_nested_struct,false,,true,false,83,10000,minizinc,pseudo-boolean,0,0,true,
libminizinc-tests,types/if_then_else_struct,false,,true,false,83,10000,minizinc,arithmetic,0,0,false,
libminizinc-tests,types/indexed_array_decl,false,,true,false,82,10000,minizinc,global,1,0,false,
libminizinc-tests,types/indexed_array_decl_composite,false,,true,false,84,10000,minizinc,global,3,0,false,
libminizinc-tests,types/indexed_array_decl_enum,false,,true,false,87,10000,minizinc,global,1,0,false,
libminizinc-tests,types/indexed_array_decl_float,false,,true,false,91,10000,minizinc,global,1,0,false,
libminizinc-tests,types/indexed_array_decl_func_set,false,,true,false,81,10000,minizinc,global,1,0,false,
libminizinc-tests,types/indexed_array_decl_let,false,,true,false,81,10000,minizinc,linear,0,1,false,
libminizinc-tests,types/indexed_array_decl_multi_id_error,false,,,false,10000,10000,minizinc,arithmetic,0,0,false,
libminizinc-tests,types/indexed_array_decl_param_error,false,,,false,10000,10000,minizinc,arithmetic,0,0,false,
libminizinc-tests,types/indexed_array_decl_type_error,false,,,false,10000,10000,minizinc,arithmetic,0,0,false,
libminizinc-tests,types/indexed_array_decl_where_error,false,,,false,10000,10000,minizinc,arithmetic,0,0,false,
libminizinc-tests,types/indexed_array_decl_with_set_card,false,,true,false,89,10000,minizinc,global,2,0,false,
libminizinc-tests,types/list_infinity_equiv,false,,true,false,84,10000,minizinc,arithmetic,0,0,false,
libminizinc-tests,types/list_infinity_lb_error,false,,,false,10000,10000,minizinc,arithmetic,0,0,false,
libminizinc-tests,types/list_nested_not_coerced,false,,,false,10000,10000,minizinc,arithmetic,0,0,false,
libminizinc-tests,types/list_of_list,false,,true,false,88,10000,minizinc,arithmetic,0,0,false,
libminizinc-tests,types/list_param_1based,false,,true,false,88,10000,minizinc,arithmetic,0,0,false,
libminizinc-tests,types/list_param_enum2int,false,,true,false,84,10000,minizinc,arithmetic,0,0,false,
libminizinc-tests,types/list_param_nested,false,,true,false,84,10000,minizinc,arithmetic,0,0,false,
libminizinc-tests,types/list_param_not_coerced,false,,,false,10000,10000,minizinc,arithmetic,0,0,false,
libminizinc-tests,types/list_param_struct,false,,true,false,83,10000,minizinc,arithmetic,0,0,false,
libminizinc-tests,types/list_param_var,false,,true,false,88,10000,minizinc,linear,0,1,false,
libminizinc-tests,types/list_struct_not_coerced,false,,,false,10000,10000,minizinc,arithmetic,0,0,false,
libminizinc-tests,types/list_var_output,false,,,false,10000,10000,minizinc,arithmetic,0,0,false,
libminizinc-tests,types/name_only_overload_ambiguous_named,false,,,false,10000,10000,minizinc,arithmetic,0,0,false,
libminizinc-tests,types/name_only_overload_ambiguous_positional,false,,,false,10000,10000,minizinc,arithmetic,0,0,false,
libminizinc-tests,types/name_only_overload_relational,false,,true,false,84,10000,minizinc,arithmetic,0,0,false,
libminizinc-tests,types/named_args_all_default_ambiguous,false,,,false,10000,10000,minizinc,arithmetic,0,0,false,
libminizinc-tests,types/named_args_builtin_positional,false,,true,false,87,10000,minizinc,linear,0,1,false,
libminizinc-tests,types/named_args_builtin_rejected,false,,,false,10000,10000,minizinc,linear,0,3,false,
libminizinc-tests,types/named_args_default_basic,false,,true,false,85,10000,minizinc,arithmetic,0,0,false,
libminizinc-tests,types/named_args_default_flatzinc,false,,,false,10000,10000,minizinc,arithmetic,0,0,false,
libminizinc-tests,types/named_args_default_forward_ref,false,,,false,10000,10000,minizinc,arithmetic,0,0,false,
libminizinc-tests,types/named_args_default_named,false,,true,false,82,10000,minizinc,arithmetic,0,0,false,
libminizinc-tests,types/named_args_default_overload_ambiguity,false,,,false,10000,10000,minizinc,arithmetic,0,0,false,
libminizinc-tests,types/named_args_default_specificity,false,,true,false,85,10000,minizinc,arithmetic,0,0,false,
libminizinc-tests,types/named_args_default_trailing,false,,,false,10000,10000,minizinc,arithmetic,0,0,false,
libminizinc-tests,types/named_args_double_bound,false,,,false,10000,10000,minizinc,arithmetic,0,0,false,
libminizinc-tests,types/named_args_duplicate_named,false,,,false,10000,10000,minizinc,global,1,0,false,
libminizinc-tests,types/named_args_in_generator_call,false,,,false,10000,10000,minizinc,global,1,0,false,
libminizinc-tests,types/named_args_mixed,false,,true,false,83,10000,minizinc,arithmetic,0,0,false,
libminizinc-tests,types/named_args_name_only_overload,false,,true,false,83,10000,minizinc,arithmetic,0,0,false,
libminizinc-tests,types/named_args_overload_by_name,false,,true,false,86,10000,minizinc,arithmetic,0,0,false,
libminizinc-tests,types/named_args_overload_disambig,false,,true,false,87,10000,minizinc,arithmetic,0,0,false,
libminizinc-tests,types/named_args_overload_true_duplicate,false,,,false,10000,10000,minizinc,arithmetic,0,0,false,
libminizinc-tests,types/named_args_parse,false,,true,false,84,10000,minizinc,arithmetic,0,0,false,
libminizinc-tests,types/named_args_permuted_overload,false,,,false,10000,10000,minizinc,arithmetic,0,0,false,
libminizinc-tests,types/named_args_permuted_overload_default,false,,,false,10000,10000,minizinc,arithmetic,0,0,false,
libminizinc-tests,types/named_args_poly,false,,true,false,83,10000,minizinc,arithmetic,0,0,false,
libminizinc-tests,types/named_args_pos_after_named,false,,,false,10000,10000,minizinc,arithmetic,0,0,false,
libminizinc-tests,types/named_args_positional_only_permutation,false,,true,false,82,10000,minizinc,arithmetic,0,0,false,
libminizinc-tests,types/named_args_reif,false,,true,false,87,10000,minizinc,arithmetic,0,0,false,
libminizinc-tests,types/named_args_reif_overload,false,,true,false,84,10000,minizinc,arithmetic,0,0,false,
libminizinc-tests,types/named_args_renamed_lib_positional,false,,true,false,83,10000,minizinc,arithmetic,0,0,false,
libminizinc-tests,types/named_args_swap_order,false,,true,false,83,10000,minizinc,arithmetic,0,0,false,
libminizinc-tests,types/named_args_underscore,false,,,false,10000,10000,minizinc,arithmetic,0,0,false,
libminizinc-tests,types/named_args_unknown_param,false,,,false,10000,10000,minizinc,arithmetic,0,0,false,
libminizinc-tests,types/nested_index_set_mismatch,false,,,false,10000,10000,minizinc,arithmetic,0,0,false,
libminizinc-tests,types/nested_type_inst_id,false,,,false,10000,10000,minizinc,arithmetic,0,0,false,
libminizinc-tests,types/non_contig_enum,false,,true,false,86,10000,minizinc,arithmetic,0,0,false,
libminizinc-tests,types/non_uniform_array,false,,,false,10000,10000,minizinc,arithmetic,0,0,false,
libminizinc-tests,types/nonbool_constraint,false,,,false,10000,10000,minizinc,arithmetic,0,0,false,
libminizinc-tests,types/nonbool_constraint_let,false,,,false,10000,10000,minizinc,arithmetic,0,0,false,
libminizinc-tests,types/opt_alias._int,false,,true,false,83,10000,minizinc,arithmetic,0,0,false,
libminizinc-tests,types/opt_alias._record,false,,true,false,83,10000,minizinc,arithmetic,0,0,false,
libminizinc-tests,types/opt_alias._tuple,false,,true,false,87,10000,minizinc,arithmetic,0,0,false,
libminizinc-tests,types/opt_array_access_tuple,false,,,false,10000,10000,minizinc,arithmetic,0,0,false,
libminizinc-tests,types/opt_struct_array_field,false,,true,false,82,10000,minizinc,global,1,0,false,
libminizinc-tests,types/opt_struct_coerce,false,,true,false,82,10000,minizinc,arithmetic,0,0,false,
libminizinc-tests,types/opt_struct_decl,false,,true,false,83,10000,minizinc,arithmetic,0,0,false,
libminizinc-tests,types/opt_struct_field_access,false,,true,false,82,10000,minizinc,arithmetic,0,0,false,
libminizinc-tests,types/opt_struct_field_access_array,false,,,false,10000,10000,minizinc,arithmetic,0,0,false,
libminizinc-tests,types/opt_struct_occurs,false,,true,false,83,10000,minizinc,arithmetic,0,0,false,
libminizinc-tests,types/opt_struct_show,false,,true,false,81,10000,minizinc,arithmetic,0,0,false,
libminizinc-tests,types/opt_struct_var_field_record,false,,,false,10000,10000,minizinc,arithmetic,0,0,false,
libminizinc-tests,types/opt_struct_var_field_tuple,false,,,false,10000,10000,minizinc,arithmetic,0,0,false,
libminizinc-tests,types/opt_struct_var_record,false,,,false,10000,10000,minizinc,arithmetic,0,0,false,
libminizinc-tests,types/opt_struct_var_tuple,false,,,false,10000,10000,minizinc,arithmetic,0,0,false,
libminizinc-tests,types/overload_inst_tuple_return,false,,true,false,81,10000,minizinc,arithmetic,0,0,false,
libminizinc-tests,types/par_struct_tiid,false,,true,false,84,10000,minizinc,arithmetic,0,0,false,
libminizinc-tests,types/par_version_name_only_overload,false,,true,false,82,10000,minizinc,arithmetic,0,0,false,
libminizinc-tests,types/polymorphic_overloading,false,,true,false,83,10000,minizinc,arithmetic,0,0,false,
libminizinc-tests,types/record_access_error,false,,,false,10000,10000,minizinc,arithmetic,0,0,false,
libminizinc-tests,types/record_access_success,false,,true,false,82,10000,minizinc,linear,0,1,false,
libminizinc-tests,types/record_array_access_error,false,,,false,10000,10000,minizinc,arithmetic,0,0,false,
libminizinc-tests,types/record_binop_par,false,,true,false,82,10000,minizinc,arithmetic,0,0,false,
libminizinc-tests,types/record_binop_var,false,,true,false,82,10000,minizinc,arithmetic,0,0,false,
libminizinc-tests,types/record_comprehensions,false,,true,false,84,10000,minizinc,arithmetic,0,0,false,
libminizinc-tests,types/record_decl_error,false,,,false,10000,10000,minizinc,arithmetic,0,0,false,
libminizinc-tests,types/record_in_checker,false,,true,false,81,10000,minizinc,arithmetic,0,0,false,
libminizinc-tests,types/record_in_checker.mzc,false,,,false,10000,10000,minizinc,arithmetic,0,0,false,
libminizinc-tests,types/record_ite_error,false,,,false,10000,10000,minizinc,arithmetic,0,0,false,
libminizinc-tests,types/record_lit_dup,false,,,false,10000,10000,minizinc,arithmetic,0,0,false,
libminizinc-tests,types/record_missing_opt_field_dzn,false,,,false,10000,10000,minizinc,arithmetic,0,0,false,
libminizinc-tests,types/record_missing_opt_field_dzn_error,false,,,false,10000,10000,minizinc,arithmetic,0,0,false,
libminizinc-tests,types/record_missing_opt_field_model_error,false,,,false,10000,10000,minizinc,arithmetic,0,0,false,
libminizinc-tests,types/record_nested,false,,true,false,96,10000,minizinc,arithmetic,0,0,false,
libminizinc-tests,types/record_output,false,,true,false,93,10000,minizinc,pseudo-boolean,0,0,true,
libminizinc-tests,types/record_subtyping,false,,true,false,81,10000,minizinc,arithmetic,0,0,false,
libminizinc-tests,types/record_var_element,true,12.0,true,true,1,10000,minizinc,arithmetic,0,0,false,
libminizinc-tests,types/record_var_ite,false,,true,false,94,10000,minizinc,pseudo-boolean,0,0,true,
libminizinc-tests,types/set_cardinality,false,,true,false,91,10000,minizinc,global,1,0,false,
libminizinc-tests,types/set_cardinality_aoa,false,,true,false,101,10000,minizinc,arithmetic,0,0,false,
libminizinc-tests,types/set_cardinality_bad_type_float,false,,,false,10000,10000,minizinc,arithmetic,0,0,false,
libminizinc-tests,types/set_cardinality_bad_type_string,false,,,false,10000,10000,minizinc,arithmetic,0,0,false,
libminizinc-tests,types/set_cardinality_composite,false,,true,false,82,10000,minizinc,arithmetic,0,0,false,
libminizinc-tests,types/set_cardinality_composite_param_error,false,,,false,10000,10000,minizinc,arithmetic,0,0,false,
libminizinc-tests,types/set_cardinality_int,false,,true,false,90,10000,minizinc,arithmetic,0,0,false,
libminizinc-tests,types/set_cardinality_param_error,false,,,false,10000,10000,minizinc,arithmetic,0,0,false,
libminizinc-tests,types/specialise_large_struct,false,,true,false,80,10000,minizinc,arithmetic,0,0,false,
libminizinc-tests,types/struct_any_array_element_projection,false,,true,false,86,10000,minizinc,global,2,0,false,
libminizinc-tests,types/struct_any_par_field_projection,false,,true,false,86,10000,minizinc,arithmetic,0,0,false,
libminizinc-tests,types/struct_array_coercion,false,,true,false,86,10000,minizinc,arithmetic,0,0,false,
libminizinc-tests,types/struct_array_projection_array_access,false,,true,false,88,10000,minizinc,linear,0,1,false,
libminizinc-tests,types/struct_array_projection_array_field,false,,true,false,94,10000,minizinc,global,2,0,false,
libminizinc-tests,types/struct_array_projection_array_field_var_access,false,,,false,10000,10000,minizinc,global,1,0,false,
libminizinc-tests,types/struct_array_projection_struct_field,false,,true,false,93,10000,minizinc,global,2,0,false,
libminizinc-tests,types/struct_bind_1,false,,true,false,80,10000,minizinc,arithmetic,0,0,false,
libminizinc-tests,types/struct_bind_2,false,,true,false,87,10000,minizinc,arithmetic,0,0,false,
libminizinc-tests,types/struct_domain_1,false,,true,false,90,10000,minizinc,arithmetic,0,0,false,
libminizinc-tests,types/struct_domain_2,false,,true,false,84,10000,minizinc,arithmetic,0,0,false,
libminizinc-tests,types/struct_domain_3,false,,true,false,82,10000,minizinc,arithmetic,0,0,false,
libminizinc-tests,types/struct_domain_4,false,,true,false,91,10000,minizinc,arithmetic,0,0,false,
libminizinc-tests,types/struct_domain_5,false,,,false,10000,10000,minizinc,arithmetic,0,0,false,
libminizinc-tests,types/struct_domain_6,false,,,false,10000,10000,minizinc,arithmetic,0,0,false,
libminizinc-tests,types/struct_index_sets_1,false,,,false,10000,10000,minizinc,arithmetic,0,0,false,
libminizinc-tests,types/struct_index_sets_2,false,,,false,10000,10000,minizinc,arithmetic,0,0,false,
libminizinc-tests,types/struct_member_paths,false,,true,false,84,10000,minizinc,arithmetic,0,0,false,
libminizinc-tests,types/struct_opt_supertype,false,,true,false,96,10000,minizinc,arithmetic,0,0,false,
libminizinc-tests,types/struct_par_function_version,false,,true,false,105,10000,minizinc,pseudo-boolean,0,0,true,
libminizinc-tests,types/struct_return_ti_1,false,,true,false,114,10000,minizinc,arithmetic,0,0,false,
libminizinc-tests,types/struct_return_ti_2,false,,true,false,121,10000,minizinc,arithmetic,0,0,false,
libminizinc-tests,types/struct_return_ti_3,false,,,false,10000,10000,minizinc,arithmetic,0,0,false,
libminizinc-tests,types/struct_return_ti_4,false,,,false,10000,10000,minizinc,arithmetic,0,0,false,
libminizinc-tests,types/struct_specialise,false,,true,false,83,10000,minizinc,arithmetic,0,0,false,
libminizinc-tests,types/struct_specialise_return,false,,true,false,86,10000,minizinc,arithmetic,0,0,false,
libminizinc-tests,types/test_any_enum_typeinstid,false,,true,false,79,10000,minizinc,pseudo-boolean,0,0,true,
libminizinc-tests,types/test_enum_constr_set,false,,true,false,91,10000,minizinc,arithmetic,0,0,false,
libminizinc-tests,types/tuple_access_error1,false,,,false,10000,10000,minizinc,arithmetic,0,0,false,
libminizinc-tests,types/tuple_access_error2,false,,,false,10000,10000,minizinc,arithmetic,0,0,false,
libminizinc-tests,types/tuple_access_success,false,,true,false,78,10000,minizinc,linear,0,1,false,
libminizinc-tests,types/tuple_array_access_error,false,,,false,10000,10000,minizinc,arithmetic,0,0,false,
libminizinc-tests,types/tuple_binop_par,false,,true,false,133,10000,minizinc,arithmetic,0,0,false,
libminizinc-tests,types/tuple_binop_var,false,,true,false,117,10000,minizinc,arithmetic,0,0,false,
libminizinc-tests,types/tuple_comprehensions,false,,true,false,89,10000,minizinc,arithmetic,0,0,false,
libminizinc-tests,types/tuple_if_then_else,false,,true,false,85,10000,minizinc,pseudo-boolean,0,0,true,
libminizinc-tests,types/tuple_in_fixed,false,,true,false,88,10000,minizinc,global,1,0,false,
libminizinc-tests,types/tuple_int_set_of_int_specialisation,false,,true,false,87,10000,minizinc,arithmetic,0,0,false,
libminizinc-tests,types/tuple_ite_error,false,,,false,10000,10000,minizinc,arithmetic,0,0,false,
libminizinc-tests,types/tuple_ite_error_ann,false,,,false,10000,10000,minizinc,pseudo-boolean,0,0,true,
libminizinc-tests,types/tuple_ite_error_float_set,false,,,false,10000,10000,minizinc,pseudo-boolean,0,0,true,
libminizinc-tests,types/tuple_ite_error_string,false,,,false,10000,10000,minizinc,pseudo-boolean,0,0,true,
libminizinc-tests,types/tuple_lit,false,,true,false,89,10000,minizinc,arithmetic,0,0,false,
libminizinc-tests,types/tuple_mkpar,false,,true,false,86,10000,minizinc,arithmetic,0,0,false,
libminizinc-tests,types/tuple_output,false,,true,false,89,10000,minizinc,pseudo-boolean,0,0,true,
libminizinc-tests,types/tuple_subtyping,false,,true,false,90,10000,minizinc,arithmetic,0,0,false,
libminizinc-tests,types/tuple_var_element,true,12.0,true,true,1,10000,minizinc,arithmetic,0,0,false,
libminizinc-tests,types/tuple_var_ite,false,,true,false,82,10000,minizinc,pseudo-boolean,0,0,true,
libminizinc-tests,types/tuple_var_set_output_nosets,false,,true,false,87,10000,minizinc,pseudo-boolean,0,0,true,
libminizinc-tests,types/type_specialise_name_only_overload,false,,true,false,90,10000,minizinc,arithmetic,0,0,false,
libminizinc-tests,types/type_specialise_param_arrays,false,,true,false,89,10000,minizinc,arithmetic,0,0,false,
libminizinc-tests,types/type_specialise_struct_domain,false,,true,false,84,10000,minizinc,arithmetic,0,0,false,
libminizinc-tests,types/var_ann_a,false,,,false,10000,10000,minizinc,arithmetic,0,0,false,
libminizinc-tests,types/var_ann_b,false,,,false,10000,10000,minizinc,pseudo-boolean,0,0,true,
libminizinc-tests,types/var_ann_comprehension,false,,,false,10000,10000,minizinc,pseudo-boolean,0,0,true,
libminizinc-tests,types/var_array_access_ann,false,,,false,10000,10000,minizinc,arithmetic,0,0,false,
libminizinc-tests,types/var_array_access_float_set,false,,,false,10000,10000,minizinc,arithmetic,0,0,false,
libminizinc-tests,types/var_array_access_string,false,,,false,10000,10000,minizinc,arithmetic,0,0,false,
libminizinc-tests,types/var_array_access_tuple_ann,false,,,false,10000,10000,minizinc,arithmetic,0,0,false,
libminizinc-tests,types/var_array_access_tuple_float_set,false,,,false,10000,10000,minizinc,arithmetic,0,0,false,
libminizinc-tests,types/var_array_access_tuple_string,false,,,false,10000,10000,minizinc,arithmetic,0,0,false,
libminizinc-tests,types/var_opt_set_if_then_else,false,,,false,10000,10000,minizinc,pseudo-boolean,0,0,true,
libminizinc-tests,types/var_opt_set_of_bool,false,,,false,10000,10000,minizinc,arithmetic,0,0,false,
libminizinc-tests,types/var_opt_set_of_float,false,,,false,10000,10000,minizinc,arithmetic,0,0,false,
libminizinc-tests,types/var_opt_tiid_opt_set_of_float,false,,true,false,85,10000,minizinc,pseudo-boolean,0,0,true,
libminizinc-tests,types/var_set_bool,false,,,false,10000,10000,minizinc,arithmetic,0,0,false,
libminizinc-tests,types/var_set_comprehension_tuple,false,,,false,10000,10000,minizinc,arithmetic,0,0,false,
libminizinc-tests,types/var_set_float,false,,,false,10000,10000,minizinc,arithmetic,0,0,false,
libminizinc-tests,types/var_set_float_comprehension,false,,,false,10000,10000,minizinc,pseudo-boolean,0,0,true,
libminizinc-tests,types/var_set_tiid_float,false,,true,false,87,10000,minizinc,arithmetic,0,0,false,
libminizinc-tests,types/var_string_a,false,,,false,10000,10000,minizinc,pseudo-boolean,0,0,true,
libminizinc-tests,types/var_string_b,false,,,false,10000,10000,minizinc,pseudo-boolean,0,0,true,
libminizinc-tests,types/var_string_comprehension,false,,,false,10000,10000,minizinc,pseudo-boolean,0,0,true,
libminizinc-tests,types/var_tiid_set_of_float,false,,true,false,87,10000,minizinc,pseudo-boolean,0,0,true,
libminizinc-tests,types/var_tiid_string,false,,true,false,81,10000,minizinc,arithmetic,0,0,false,
libminizinc-tests,types/var_tiid_struct_par_field,false,,true,false,81,10000,minizinc,arithmetic,0,0,false,
libminizinc-tests,types/var_where_comprehension_tuple,false,,,false,10000,10000,minizinc,pseudo-boolean,0,0,true,
libminizinc-tests,visualisation/test_vis_ann,false,,true,false,87,10000,minizinc,arithmetic,0,0,false,
libminizinc-tests,visualisation/test_vis_custom,false,,true,false,82,10000,minizinc,arithmetic,0,0,false,
mzn-challenge,2008/debruijn_binary/02_03,false,,,false,10000,10000,minizinc,global,9,1,false,
mzn-challenge,2008/debruijn_binary/02_07,false,,,false,10000,10000,minizinc,global,9,1,false,
mzn-challenge,2008/debruijn_binary/02_08,false,,,false,10000,10000,minizinc,global,9,1,false,
mzn-challenge,2008/debruijn_binary/02_09,false,,,false,10000,10000,minizinc,global,9,1,false,
mzn-challenge,2008/debruijn_binary/02_10,false,,,false,10000,10000,minizinc,global,9,1,false,
mzn-challenge,2008/debruijn_binary/03_06,false,,,false,10000,10000,minizinc,global,9,1,false,
mzn-challenge,2008/debruijn_binary/03_07,false,,,false,10000,10000,minizinc,global,9,1,false,
mzn-challenge,2008/debruijn_binary/03_08,false,,,false,10000,10000,minizinc,global,9,1,false,
mzn-challenge,2008/debruijn_binary/04_06,false,,,false,10000,10000,minizinc,global,9,1,false,
mzn-challenge,2008/debruijn_binary/04_07,false,,,false,10000,10000,minizinc,global,9,1,false,
mzn-challenge,2008/debruijn_binary/04_08,false,,,false,10000,10000,minizinc,global,9,1,false,
mzn-challenge,2008/nmseq/020,false,,,false,10000,10000,minizinc,linear,0,1,false,
mzn-challenge,2008/nmseq/040,false,,,false,10000,10000,minizinc,linear,0,1,false,
mzn-challenge,2008/nmseq/060,false,,,false,10000,10000,minizinc,linear,0,1,false,
mzn-challenge,2008/nmseq/080,false,,,false,10000,10000,minizinc,linear,0,1,false,
mzn-challenge,2008/nmseq/100,false,,,false,10000,10000,minizinc,linear,0,1,false,
mzn-challenge,2008/nmseq/150,false,,,false,10000,10000,minizinc,linear,0,1,false,
mzn-challenge,2008/nmseq/200,false,,,false,10000,10000,minizinc,linear,0,1,false,
mzn-challenge,2008/nmseq/300,false,,,false,10000,10000,minizinc,linear,0,1,false,
mzn-challenge,2008/nmseq/400,false,,,false,10000,10000,minizinc,linear,0,1,false,
mzn-challenge,2008/nmseq/500,false,,,false,10000,10000,minizinc,linear,0,1,false,
mzn-challenge,2008/pentominoes-int/01,false,,,false,10000,10000,minizinc,global,1,0,false,
mzn-challenge,2008/pentominoes-int/02,false,,,false,10000,10000,minizinc,global,1,0,false,
mzn-challenge,2008/pentominoes-int/03,false,,,false,10000,10000,minizinc,global,1,0,false,
mzn-challenge,2008/pentominoes-int/04,false,,,false,10000,10000,minizinc,global,1,0,false,
mzn-challenge,2008/pentominoes-int/05,false,,,false,10000,10000,minizinc,global,1,0,false,
mzn-challenge,2008/pentominoes-int/06,false,,,false,10000,10000,minizinc,global,1,0,false,
mzn-challenge,2008/pentominoes-int/07,false,,,false,10000,10000,minizinc,global,1,0,false,
mzn-challenge,2008/quasigroup7/05,false,,,false,10000,10000,minizinc,global,4,0,false,
mzn-challenge,2008/quasigroup7/06,false,,,false,10000,10000,minizinc,global,4,0,false,
mzn-challenge,2008/quasigroup7/07,false,,,false,10000,10000,minizinc,global,4,0,false,
mzn-challenge,2008/quasigroup7/08,false,,,false,10000,10000,minizinc,global,4,0,false,
mzn-challenge,2008/quasigroup7/09,false,,,false,10000,10000,minizinc,global,4,0,false,
mzn-challenge,2008/quasigroup7/10,false,,,false,10000,10000,minizinc,global,4,0,false,
mzn-challenge,2008/quasigroup7/11,false,,,false,10000,10000,minizinc,global,4,0,false,
mzn-challenge,2008/quasigroup7/12,false,,,false,10000,10000,minizinc,global,4,0,false,
mzn-challenge,2008/quasigroup7/13,false,,,false,10000,10000,minizinc,global,4,0,false,
mzn-challenge,2008/quasigroup7/14,false,,,false,10000,10000,minizinc,global,4,0,false,
mzn-challenge,2008/radiation/01,false,,,false,10000,10000,minizinc,linear,0,6,false,
mzn-challenge,2008/radiation/02,false,,,false,10000,10000,minizinc,linear,0,6,false,
mzn-challenge,2008/radiation/03,false,,,false,10000,10000,minizinc,linear,0,6,false,
mzn-challenge,2008/radiation/04,false,,,false,10000,10000,minizinc,linear,0,6,false,
mzn-challenge,2008/radiation/05,false,,,false,10000,10000,minizinc,linear,0,6,false,
mzn-challenge,2008/radiation/06,false,,,false,10000,10000,minizinc,linear,0,6,false,
mzn-challenge,2008/radiation/07,false,,,false,10000,10000,minizinc,linear,0,6,false,
mzn-challenge,2008/radiation/08,false,,,false,10000,10000,minizinc,linear,0,6,false,
mzn-challenge,2008/radiation/09,false,,,false,10000,10000,minizinc,linear,0,6,false,
mzn-challenge,2008/rcpsp/00,false,,,false,10000,10000,minizinc,global,2,1,false,
mzn-challenge,2008/rcpsp/01,false,,,false,10000,10000,minizinc,global,2,1,false,
mzn-challenge,2008/rcpsp/02,false,,,false,10000,10000,minizinc,global,2,1,false,
mzn-challenge,2008/rcpsp/03,false,,,false,10000,10000,minizinc,global,2,1,false,
mzn-challenge,2008/rcpsp/04,false,,,false,10000,10000,minizinc,global,2,1,false,
mzn-challenge,2008/rcpsp/05,false,,,false,10000,10000,minizinc,global,2,1,false,
mzn-challenge,2008/rcpsp/06,false,,,false,10000,10000,minizinc,global,2,1,false,
mzn-challenge,2008/rcpsp/07,false,,,false,10000,10000,minizinc,global,2,1,false,
mzn-challenge,2008/rcpsp/08,false,,,false,10000,10000,minizinc,global,2,1,false,
mzn-challenge,2008/rcpsp/09,false,,,false,10000,10000,minizinc,global,2,1,false,
mzn-challenge,2008/search_stress/04_04,false,,,false,10000,10000,minizinc,arithmetic,0,0,false,
mzn-challenge,2008/search_stress/08_04,false,,,false,10000,10000,minizinc,arithmetic,0,0,false,
mzn-challenge,2008/search_stress/08_08,false,,,false,10000,10000,minizinc,arithmetic,0,0,false,
mzn-challenge,2008/shortest_path/00,false,88.0,true,true,16,10000,minizinc,linear,0,8,false,
mzn-challenge,2008/shortest_path/01,false,42.0,true,true,22,10000,minizinc,linear,0,8,false,
mzn-challenge,2008/shortest_path/02,false,59.0,true,true,15,10000,minizinc,linear,0,8,false,
mzn-challenge,2008/shortest_path/03,false,226.0,true,true,82,10000,minizinc,linear,0,8,false,
mzn-challenge,2008/shortest_path/04,false,111.0,true,true,87,10000,minizinc,linear,0,8,false,
mzn-challenge,2008/shortest_path/05,false,224.0,true,true,24,10000,minizinc,linear,0,8,false,
mzn-challenge,2008/shortest_path/06,false,57.0,true,true,26,10000,minizinc,linear,0,8,false,
mzn-challenge,2008/shortest_path/07,false,411.0,true,true,43,10000,minizinc,linear,0,8,false,
mzn-challenge,2008/shortest_path/08,false,144.0,true,true,39,10000,minizinc,linear,0,8,false,
mzn-challenge,2008/shortest_path/09,false,549.0,true,true,621,10000,minizinc,linear,0,8,false,
mzn-challenge,2008/slow_convergence/0100,false,,true,false,160,10000,minizinc,arithmetic,0,0,false,
mzn-challenge,2008/slow_convergence/0200,false,,true,false,104,10000,minizinc,arithmetic,0,0,false,
mzn-challenge,2008/slow_convergence/0300,false,,true,false,1477,10000,minizinc,arithmetic,0,0,false,
mzn-challenge,2008/slow_convergence/0400,false,,true,false,2868,10000,minizinc,arithmetic,0,0,false,
mzn-challenge,2008/slow_convergence/0500,false,,true,false,6087,10000,minizinc,arithmetic,0,0,false,
mzn-challenge,2008/slow_convergence/0600,false,,true,false,9990,10000,minizinc,arithmetic,0,0,false,
mzn-challenge,2008/slow_convergence/0700,false,,,false,10000,10000,minizinc,arithmetic,0,0,false,
mzn-challenge,2008/slow_convergence/0800,false,,,false,10000,10000,minizinc,arithmetic,0,0,false,
mzn-challenge,2008/slow_convergence/0900,false,,,false,10000,10000,minizinc,arithmetic,0,0,false,
mzn-challenge,2008/slow_convergence/1000,false,,,false,10000,10000,minizinc,arithmetic,0,0,false,
mzn-challenge,2008/trucking/01,false,,,false,10000,10000,minizinc,linear,0,5,false,
mzn-challenge,2008/trucking/02,false,,,false,10000,10000,minizinc,linear,0,5,false,
mzn-challenge,2008/trucking/03,false,,,false,10000,10000,minizinc,linear,0,5,false,
mzn-challenge,2008/trucking/04,false,,,false,10000,10000,minizinc,linear,0,5,false,
mzn-challenge,2008/trucking/05,false,,,false,10000,10000,minizinc,linear,0,5,false,
mzn-challenge,2008/trucking/06,false,,,false,10000,10000,minizinc,linear,0,5,false,
mzn-challenge,2008/trucking/07,false,,,false,10000,10000,minizinc,linear,0,5,false,
mzn-challenge,2008/trucking/08,false,,,false,10000,10000,minizinc,linear,0,5,false,
mzn-challenge,2008/trucking/09,false,,,false,10000,10000,minizinc,linear,0,5,false,
mzn-challenge,2008/trucking/10,false,,,false,10000,10000,minizinc,linear,0,5,false,
mzn-challenge,2008/trucking/11,false,,,false,10000,10000,minizinc,linear,0,5,false,
mzn-challenge,2008/trucking/12,false,,,false,10000,10000,minizinc,linear,0,5,false,
mzn-challenge,2008/trucking/13,false,,,false,10000,10000,minizinc,linear,0,5,false,
mzn-challenge,2008/trucking/14,false,,,false,10000,10000,minizinc,linear,0,5,false,
mzn-challenge,2008/trucking/15,false,,,false,10000,10000,minizinc,linear,0,5,false,
mzn-challenge,2009/black-hole/01,false,,,false,10000,10000,minizinc,global,5,0,false,
mzn-challenge,2009/black-hole/03,false,,,false,10000,10000,minizinc,global,5,0,false,
mzn-challenge,2009/black-hole/05,false,,,false,10000,10000,minizinc,global,5,0,false,
mzn-challenge,2009/black-hole/07,false,,,false,10000,10000,minizinc,global,5,0,false,
mzn-challenge,2009/black-hole/09,false,,,false,10000,10000,minizinc,global,5,0,false,
mzn-challenge,2009/black-hole/11,false,,,false,10000,10000,minizinc,global,5,0,false,
mzn-challenge,2009/black-hole/13,false,,,false,10000,10000,minizinc,global,5,0,false,
mzn-challenge,2009/black-hole/15,false,,,false,10000,10000,minizinc,global,5,0,false,
mzn-challenge,2009/black-hole/17,false,,,false,10000,10000,minizinc,global,5,0,false,
mzn-challenge,2009/black-hole/19,false,,,false,10000,10000,minizinc,global,5,0,false,
mzn-challenge,2009/fillomino/08,false,,,false,10000,10000,minizinc,linear,0,2,false,
mzn-challenge,2009/fillomino/11,false,,,false,10000,10000,minizinc,linear,0,2,false,
mzn-challenge,2009/fillomino/13,false,,,false,10000,10000,minizinc,linear,0,2,false,
mzn-challenge,2009/fillomino/14,false,,,false,10000,10000,minizinc,linear,0,2,false,
mzn-challenge,2009/fillomino/15,false,,,false,10000,10000,minizinc,linear,0,2,false,
mzn-challenge,2009/fillomino/16,false,,,false,10000,10000,minizinc,linear,0,2,false,
mzn-challenge,2009/fillomino/17,false,,,false,10000,10000,minizinc,linear,0,2,false,
mzn-challenge,2009/fillomino/18,false,,,false,10000,10000,minizinc,linear,0,2,false,
mzn-challenge,2009/fillomino/20,false,,,false,10000,10000,minizinc,linear,0,2,false,
mzn-challenge,2009/fillomino/21,false,,,false,10000,10000,minizinc,linear,0,2,false,
mzn-challenge,2009/nonogram/non_awful_2,false,,,false,10000,10000,minizinc,global,1,0,false,
mzn-challenge,2009/nonogram/non_awful_4,false,,,false,10000,10000,minizinc,global,1,0,false,
mzn-challenge,2009/nonogram/non_fast_1,false,,,false,10000,10000,minizinc,global,1,0,false,
mzn-challenge,2009/nonogram/non_fast_10,false,,,false,10000,10000,minizinc,global,1,0,false,
mzn-challenge,2009/nonogram/non_fast_11,false,,,false,10000,10000,minizinc,global,1,0,false,
mzn-challenge,2009/nonogram/non_fast_5,false,,,false,10000,10000,minizinc,global,1,0,false,
mzn-challenge,2009/nonogram/non_fast_7,false,,,false,10000,10000,minizinc,global,1,0,false,
mzn-challenge,2009/nonogram/non_fast_9,false,,,false,10000,10000,minizinc,global,1,0,false,
mzn-challenge,2009/nonogram/non_med_2,false,,,false,10000,10000,minizinc,global,1,0,false,
mzn-challenge,2009/nonogram/non_med_4,false,,,false,10000,10000,minizinc,global,1,0,false,
mzn-challenge,2009/open_stacks/gp50by50_1,false,,,false,10000,10000,minizinc,global,1,3,false,
mzn-challenge,2009/open_stacks/nrwsLarger4_1,false,,,false,10000,10000,minizinc,global,1,3,false,
mzn-challenge,2009/open_stacks/problem_15_15_1,false,,,false,10000,10000,minizinc,global,1,3,false,
mzn-challenge,2009/open_stacks/problem_20_10_1,false,,,false,10000,10000,minizinc,global,1,3,false,
mzn-challenge,2009/open_stacks/wbo_15_30_1,false,,,false,10000,10000,minizinc,global,1,3,false,
mzn-challenge,2009/open_stacks/wbo_30_15_1,false,,,false,10000,10000,minizinc,global,1,3,false,
mzn-challenge,2009/open_stacks/wbo_30_30_1,false,,,false,10000,10000,minizinc,global,1,3,false,
mzn-challenge,2009/open_stacks/wbop_20_10_1,false,,,false,10000,10000,minizinc,global,1,3,false,
mzn-challenge,2009/open_stacks/wbp_20_10_1,false,,,false,10000,10000,minizinc,global,1,3,false,
mzn-challenge,2009/open_stacks/wbp_30_10_1,false,,,false,10000,10000,minizinc,global,1,3,false,
mzn-challenge,2009/p1f/03,false,,,false,10000,10000,minizinc,global,19,1,false,
mzn-challenge,2009/p1f/04,false,,,false,10000,10000,minizinc,global,19,1,false,
mzn-challenge,2009/p1f/05,false,,,false,10000,10000,minizinc,global,19,1,false,
mzn-challenge,2009/p1f/06,false,,,false,10000,10000,minizinc,global,19,1,false,
mzn-challenge,2009/p1f/07,false,,,false,10000,10000,minizinc,global,19,1,false,
mzn-challenge,2009/p1f/08,false,,,false,10000,10000,minizinc,global,19,1,false,
mzn-challenge,2009/p1f/09,false,,,false,10000,10000,minizinc,global,19,1,false,
mzn-challenge,2009/p1f/10,false,,,false,10000,10000,minizinc,global,19,1,false,
mzn-challenge,2009/p1f/11,false,,,false,10000,10000,minizinc,global,19,1,false,
mzn-challenge,2009/p1f/12,false,,,false,10000,10000,minizinc,global,19,1,false,
mzn-challenge,2009/prop_stress/0100,false,,,false,10000,10000,minizinc,arithmetic,0,0,false,
mzn-challenge,2009/prop_stress/0200,false,,,false,10000,10000,minizinc,arithmetic,0,0,false,
mzn-challenge,2009/prop_stress/0300,false,,,false,10000,10000,minizinc,arithmetic,0,0,false,
mzn-challenge,2009/prop_stress/0400,false,,,false,10000,10000,minizinc,arithmetic,0,0,false,
mzn-challenge,2009/prop_stress/0500,false,,,false,10000,10000,minizinc,arithmetic,0,0,false,
mzn-challenge,2009/prop_stress/0600,false,,,false,10000,10000,minizinc,arithmetic,0,0,false,
mzn-challenge,2009/prop_stress/0700,false,,,false,10000,10000,minizinc,arithmetic,0,0,false,
mzn-challenge,2009/prop_stress/0800,false,,,false,10000,10000,minizinc,arithmetic,0,0,false,
mzn-challenge,2009/prop_stress/0900,false,,,false,10000,10000,minizinc,arithmetic,0,0,false,
mzn-challenge,2009/prop_stress/1000,false,,,false,10000,10000,minizinc,arithmetic,0,0,false,
mzn-challenge,2009/rectangle-packing/rpp05_true,false,,,false,10000,10000,minizinc,global,2,2,true,
mzn-challenge,2009/rectangle-packing/rpp09_false,false,,,false,10000,10000,minizinc,global,2,2,true,
mzn-challenge,2009/rectangle-packing/rpp12_true,false,,,false,10000,10000,minizinc,global,2,2,true,
mzn-challenge,2009/rectangle-packing/rpp14_false,false,,,false,10000,10000,minizinc,global,2,2,true,
mzn-challenge,2009/rectangle-packing/rpp15_true,false,,,false,10000,10000,minizinc,global,2,2,true,
mzn-challenge,2009/rectangle-packing/rpp19_false,false,,,false,10000,10000,minizinc,global,2,2,true,
mzn-challenge,2009/rectangle-packing/rpp22_true,false,,,false,10000,10000,minizinc,global,2,2,true,
mzn-challenge,2009/rectangle-packing/rpp24_false,false,,,false,10000,10000,minizinc,global,2,2,true,
mzn-challenge,2009/rectangle-packing/rpp26_true,false,,,false,10000,10000,minizinc,global,2,2,true,
mzn-challenge,2009/rectangle-packing/rpp30_false,false,,,false,10000,10000,minizinc,global,2,2,true,
mzn-challenge,2009/roster/chicroster_dataset_11,false,,,false,10000,10000,minizinc,global,5,3,false,
mzn-challenge,2009/roster/chicroster_dataset_14,false,,,false,10000,10000,minizinc,global,5,3,false,
mzn-challenge,2009/roster/chicroster_dataset_17,false,,,false,10000,10000,minizinc,global,5,3,false,
mzn-challenge,2009/roster/chicroster_dataset_3,false,,,false,10000,10000,minizinc,global,5,3,false,
mzn-challenge,2009/roster/chicroster_dataset_5,false,,,false,10000,10000,minizinc,global,5,3,false,
mzn-challenge,2009/roster/chicroster_dataset_7,false,,,false,10000,10000,minizinc,global,5,3,false,
mzn-challenge,2009/roster/chicroster_dataset_8,false,,,false,10000,10000,minizinc,global,5,3,false,
mzn-challenge,2009/roster/chicroster_dataset_large_13,false,,,false,10000,10000,minizinc,global,5,3,false,
mzn-challenge,2009/roster/chicroster_dataset_large_15,false,,,false,10000,10000,minizinc,global,5,3,false,
mzn-challenge,2009/roster/chicroster_dataset_large_19,false,,,false,10000,10000,minizinc,global,5,3,false,
mzn-challenge,2009/search_stress2/02_07,false,,,false,10000,10000,minizinc,linear,0,2,false,
mzn-challenge,2009/search_stress2/03_06,false,,,false,10000,10000,minizinc,linear,0,2,false,
mzn-challenge,2009/search_stress2/04_05,false,,,false,10000,10000,minizinc,linear,0,2,false,
mzn-challenge,2009/search_stress2/04_06,false,,,false,10000,10000,minizinc,linear,0,2,false,
mzn-challenge,2009/search_stress2/05_05,false,,,false,10000,10000,minizinc,linear,0,2,false,
mzn-challenge,2009/search_stress2/05_06,false,,,false,10000,10000,minizinc,linear,0,2,false,
mzn-challenge,2009/search_stress2/06_04,false,,,false,10000,10000,minizinc,linear,0,2,false,
mzn-challenge,2009/search_stress2/06_05,false,,,false,10000,10000,minizinc,linear,0,2,false,
mzn-challenge,2009/search_stress2/06_06,false,,,false,10000,10000,minizinc,linear,0,2,false,
mzn-challenge,2009/search_stress2/07_02,false,,,false,10000,10000,minizinc,linear,0,2,false,
mzn-challenge,2009/still_life/still_life_5,false,,,false,10000,10000,minizinc,global,1,6,false,
mzn-challenge,2009/still_life/still_life_6,false,,,false,10000,10000,minizinc,global,1,6,false,
mzn-challenge,2009/still_life/still_life_7,false,,,false,10000,10000,minizinc,global,1,6,false,
mzn-challenge,2009/still_life/still_life_9,false,,,false,10000,10000,minizinc,global,1,6,false,
mzn-challenge,2009/vrp/A-n34-k5.vrp,false,,,false,10000,10000,minizinc,linear,0,5,false,
mzn-challenge,2009/vrp/A-n44-k7.vrp,false,,,false,10000,10000,minizinc,linear,0,5,false,
mzn-challenge,2009/vrp/A-n55-k9.vrp,false,,,false,10000,10000,minizinc,linear,0,5,false,
mzn-challenge,2009/vrp/A-n65-k9.vrp,false,,,false,10000,10000,minizinc,linear,0,5,false,
mzn-challenge,2009/vrp/B-n39-k5.vrp,false,,,false,10000,10000,minizinc,linear,0,5,false,
mzn-challenge,2009/vrp/B-n50-k8.vrp,false,,,false,10000,10000,minizinc,linear,0,5,false,
mzn-challenge,2009/vrp/B-n64-k9.vrp,false,,,false,10000,10000,minizinc,linear,0,5,false,
mzn-challenge,2009/vrp/P-n19-k2.vrp,false,,,false,10000,10000,minizinc,linear,0,5,false,
mzn-challenge,2009/vrp/P-n45-k5.vrp,false,,,false,10000,10000,minizinc,linear,0,5,false,
mzn-challenge,2009/vrp/P-n55-k7.vrp,false,,,false,10000,10000,minizinc,linear,0,5,false,
mzn-challenge,2010/bacp,false,30.0,true,true,44,10000,minizinc,arithmetic,0,0,false,
mzn-challenge,2010/costas_array/14,false,,true,false,1537,10000,minizinc,global,6,0,false,
mzn-challenge,2010/costas_array/15,false,,true,false,6891,10000,minizinc,global,6,0,false,
mzn-challenge,2010/costas_array/16,false,,,false,10000,10000,minizinc,global,6,0,false,
mzn-challenge,2010/costas_array/17,false,,,false,10000,10000,minizinc,global,6,0,false,
mzn-challenge,2010/costas_array/19,false,,,false,10000,10000,minizinc,global,6,0,false,
mzn-challenge,2010/depot_placement/a280_4,false,,,false,10000,10000,minizinc,global,6,3,false,
mzn-challenge,2010/depot_placement/a280_6,false,,,false,10000,10000,minizinc,global,6,3,false,
mzn-challenge,2010/depot_placement/att48_5,false,,,false,10000,10000,minizinc,global,6,3,false,
mzn-challenge,2010/depot_placement/rat99_4,false,,,false,10000,10000,minizinc,global,6,3,false,
mzn-challenge,2010/depot_placement/rat99_5,false,,,false,10000,10000,minizinc,global,6,3,false,
mzn-challenge,2010/depot_placement/rat99_6,false,,,false,10000,10000,minizinc,global,6,3,false,
mzn-challenge,2010/depot_placement/st70_4,false,,,false,10000,10000,minizinc,global,6,3,false,
mzn-challenge,2010/depot_placement/st70_5,false,,,false,10000,10000,minizinc,global,6,3,false,
mzn-challenge,2010/depot_placement/st70_6,false,,,false,10000,10000,minizinc,global,6,3,false,
mzn-challenge,2010/depot_placement/ts225_5,false,,,false,10000,10000,minizinc,global,6,3,false,
mzn-challenge,2010/depot_placement/u159_4,false,,,false,10000,10000,minizinc,global,6,3,false,
mzn-challenge,2010/depot_placement/u159_6,false,,,false,10000,10000,minizinc,global,6,3,false,
mzn-challenge,2010/depot_placement/ulysses16_5,false,,,false,10000,10000,minizinc,global,6,3,false,
mzn-challenge,2010/depot_placement/ulysses22_4,false,,,false,10000,10000,minizinc,global,6,3,false,
mzn-challenge,2010/depot_placement/ulysses22_6,false,,,false,10000,10000,minizinc,global,6,3,false,
mzn-challenge,2010/filters/ar_1_1,false,34.0,true,true,70,10000,minizinc,global,3,0,false,
mzn-challenge,2010/filters/ar_1_3,false,16.0,true,true,75,10000,minizinc,global,3,0,false,
mzn-challenge,2010/filters/ar_2_4,false,11.0,true,true,5,10000,minizinc,global,3,0,false,
mzn-challenge,2010/filters/dct_1_2,false,32.0,true,true,75,10000,minizinc,global,3,0,false,
mzn-challenge,2010/filters/dct_2_3,false,16.0,true,true,2211,10000,minizinc,global,3,0,false,
mzn-challenge,2010/filters/dct_3_4,false,11.0,true,true,1251,10000,minizinc,global,3,0,false,
mzn-challenge,2010/filters/ewf_4_3,false,17.0,true,true,58,10000,minizinc,global,3,0,false,
mzn-challenge,2010/filters/fir16_1_2,false,19.0,true,true,76,10000,minizinc,global,3,0,false,
mzn-challenge,2010/filters/fir_1_2,false,15.0,true,true,76,10000,minizinc,global,3,0,false,
mzn-challenge,2010/filters/fir_2_2,false,11.0,true,true,81,10000,minizinc,global,3,0,false,
mzn-challenge,2010/ghoulomb/3-10-20,false,,,false,10000,10000,minizinc,global,6,0,false,
mzn-challenge,2010/ghoulomb/3-7-20,false,,,false,10000,10000,minizinc,global,6,0,false,
mzn-challenge,2010/ghoulomb/3-8-20,false,,,false,10000,10000,minizinc,global,6,0,false,
mzn-challenge,2010/ghoulomb/3-9-16,false,,,false,10000,10000,minizinc,global,6,0,false,
mzn-challenge,2010/ghoulomb/4-10-16,false,,,false,10000,10000,minizinc,global,6,0,false,
mzn-challenge,2010/ghoulomb/4-7-16,false,,,false,10000,10000,minizinc,global,6,0,false,
mzn-challenge,2010/ghoulomb/4-8-16,false,,,false,10000,10000,minizinc,global,6,0,false,
mzn-challenge,2010/ghoulomb/4-9-10,false,,,false,10000,10000,minizinc,global,6,0,false,
mzn-challenge,2010/ghoulomb/4-9-14,false,,,false,10000,10000,minizinc,global,6,0,false,
mzn-challenge,2010/ghoulomb/4-9-18,false,,,false,10000,10000,minizinc,global,6,0,false,
mzn-challenge,2010/grid_colouring/10_10,false,4.0,true,false,316,10000,minizinc,arithmetic,0,0,false,
mzn-challenge,2010/grid_colouring/12_13,false,4.0,true,false,457,10000,minizinc,arithmetic,0,0,false,
mzn-challenge,2010/grid_colouring/15_16,false,5.0,true,false,762,10000,minizinc,arithmetic,0,0,false,
mzn-challenge,2010/grid_colouring/5_6,false,3.0,true,true,1627,10000,minizinc,arithmetic,0,0,false,
mzn-challenge,2010/grid_colouring/7_8,false,3.0,true,true,1351,10000,minizinc,arithmetic,0,0,false,
mzn-challenge,2010/rcpsp_max/psp_c_314,false,,,false,10000,10000,minizinc,global,1,1,true,
mzn-challenge,2010/rcpsp_max/psp_c_51,false,,,false,10000,10000,minizinc,global,1,1,true,
mzn-challenge,2010/rcpsp_max/psp_d_244,false,,,false,10000,10000,minizinc,global,1,1,true,
mzn-challenge,2010/rcpsp_max/psp_d_335,false,,,false,10000,10000,minizinc,global,1,1,true,
mzn-challenge,2010/rcpsp_max/psp_j20_34,false,,,false,10000,10000,minizinc,global,1,1,true,
mzn-challenge,2010/rcpsp_max/psp_j30_123,false,,,false,10000,10000,minizinc,global,1,1,true,
mzn-challenge,2010/rcpsp_max/psp_j30_169,false,,,false,10000,10000,minizinc,global,1,1,true,
mzn-challenge,2010/rcpsp_max/psp_j30_33,false,,,false,10000,10000,minizinc,global,1,1,true,
mzn-challenge,2010/rcpsp_max/psp_ubo200_57,false,,,false,10000,10000,minizinc,global,1,1,true,
mzn-challenge,2010/rcpsp_max/psp_ubo500_33,false,,,false,10000,10000,minizinc,global,1,1,true,
mzn-challenge,2010/solbat/sb_12_12_5_0,false,,true,false,1195,10000,minizinc,global,1,6,false,
mzn-challenge,2010/solbat/sb_12_12_5_2,false,,true,false,2463,10000,minizinc,global,1,6,false,
mzn-challenge,2010/solbat/sb_12_12_5_4,false,,true,false,2388,10000,minizinc,global,1,6,false,
mzn-challenge,2010/solbat/sb_12_12_6_1,false,,true,false,586,10000,minizinc,global,1,6,false,
mzn-challenge,2010/solbat/sb_12_12_6_3,false,,true,false,310,10000,minizinc,global,1,6,false,
mzn-challenge,2010/solbat/sb_13_13_5_0,false,,true,false,3020,10000,minizinc,global,1,6,false,
mzn-challenge,2010/solbat/sb_13_13_6_4,false,,true,false,1058,10000,minizinc,global,1,6,false,
mzn-challenge,2010/solbat/sb_14_14_6_1,false,,true,false,3158,10000,minizinc,global,1,6,false,
mzn-challenge,2010/solbat/sb_14_14_6_3,false,,true,false,1723,10000,minizinc,global,1,6,false,
mzn-challenge,2010/solbat/sb_15_15_6_0,false,,true,false,2226,10000,minizinc,global,1,6,false,
mzn-challenge,2010/solbat/sb_15_15_6_2,false,,true,false,2900,10000,minizinc,global,1,6,false,
mzn-challenge,2010/solbat/sb_15_15_6_4,false,,true,false,5613,10000,minizinc,global,1,6,false,
mzn-challenge,2010/solbat/sb_15_15_7_0,false,,true,false,1935,10000,minizinc,global,1,6,false,
mzn-challenge,2010/solbat/sb_15_15_7_2,false,,true,false,2577,10000,minizinc,global,1,6,false,
mzn-challenge,2010/solbat/sb_15_15_7_4,false,,true,false,2358,10000,minizinc,global,1,6,false,
mzn-challenge,2010/sugiyama/g3_8_8_2,false,2.0,true,true,49,10000,minizinc,global,1,5,false,
mzn-challenge,2010/sugiyama/g3_8_8_4,false,2.0,true,true,62,10000,minizinc,global,1,5,false,
mzn-challenge,2010/sugiyama/g3_8_8_6,false,2.0,true,true,116,10000,minizinc,global,1,5,false,
mzn-challenge,2010/sugiyama/g4_7_7_7_3,false,7.0,true,true,146,10000,minizinc,global,1,5,false,
mzn-challenge,2010/sugiyama/g5_7_7_7_7_2,false,11.0,true,true,497,10000,minizinc,global,1,5,false,
mzn-challenge,2010/wwtp_random/ex05100_2600_100,false,,,false,10000,10000,minizinc,linear,0,1,false,
mzn-challenge,2010/wwtp_random/ex12300_2600_100,false,,,false,10000,10000,minizinc,linear,0,1,false,
mzn-challenge,2010/wwtp_random/ex16000_2600_100,false,,,false,10000,10000,minizinc,linear,0,1,false,
mzn-challenge,2010/wwtp_random/ex19500_2600_100,false,,,false,10000,10000,minizinc,linear,0,1,false,
mzn-challenge,2010/wwtp_random/ex23200_2600_100,false,,,false,10000,10000,minizinc,linear,0,1,false,
mzn-challenge,2010/wwtp_real/ex04240_2400_100,false,,,false,10000,10000,minizinc,linear,0,1,false,
mzn-challenge,2010/wwtp_real/ex05680_2400_100,false,,,false,10000,10000,minizinc,linear,0,1,false,
mzn-challenge,2010/wwtp_real/ex07120_2400_100,false,,,false,10000,10000,minizinc,linear,0,1,false,
mzn-challenge,2010/wwtp_real/ex08560_2400_100,false,,,false,10000,10000,minizinc,linear,0,1,false,
mzn-challenge,2010/wwtp_real/ex10000_2400_100,false,,,false,10000,10000,minizinc,linear,0,1,false,
mzn-challenge,2011/bacp,false,38.0,true,true,100,10000,minizinc,arithmetic,0,0,false,
mzn-challenge,2011/black-hole/10,false,,,false,10000,10000,minizinc,global,7,0,false,
mzn-challenge,2011/black-hole/14,false,,true,false,1577,10000,minizinc,global,7,0,false,
mzn-challenge,2011/black-hole/17,false,,,false,10000,10000,minizinc,global,7,0,false,
mzn-challenge,2011/black-hole/20,false,,true,false,3986,10000,minizinc,global,7,0,false,
mzn-challenge,2011/black-hole/9,false,,true,false,1880,10000,minizinc,global,7,0,false,
mzn-challenge,2011/carpet-cutting/mzn_rnd_test.04,false,1144.0,true,false,200,10000,minizinc,global,3,10,false,
mzn-challenge,2011/carpet-cutting/mzn_rnd_test.07,false,2652.0,true,false,471,10000,minizinc,global,3,10,false,
mzn-challenge,2011/carpet-cutting/mzn_rnd_test.08,false,3549.0,true,false,2146,10000,minizinc,global,3,10,false,
mzn-challenge,2011/carpet-cutting/mzn_rnd_test.15,false,2400.0,true,false,164,10000,minizinc,global,3,10,false,
mzn-challenge,2011/carpet-cutting/mzn_rnd_test.18,false,1696.0,true,false,295,10000,minizinc,global,3,10,false,
mzn-challenge,2011/costas-array/14,false,,true,false,1695,10000,minizinc,global,6,0,false,
mzn-challenge,2011/costas-array/15,false,,true,false,7644,10000,minizinc,global,6,0,false,
mzn-challenge,2011/costas-array/16,false,,,false,10000,10000,minizinc,global,6,0,false,
mzn-challenge,2011/costas-array/17,false,,,false,10000,10000,minizinc,global,6,0,false,
mzn-challenge,2011/costas-array/18,false,,,false,10000,10000,minizinc,global,6,0,false,
mzn-challenge,2011/cyclic-rcpsp/easy_4,false,540.0,true,true,244,10000,minizinc,global,2,2,false,
mzn-challenge,2011/cyclic-rcpsp/easy_6,false,660.0,true,true,3360,10000,minizinc,global,2,2,false,
mzn-challenge,2011/cyclic-rcpsp/hard_11,false,1275.0,true,false,219,10000,minizinc,global,2,2,false,
mzn-challenge,2011/cyclic-rcpsp/medium_1,false,585.0,true,true,3067,10000,minizinc,global,2,2,false,
mzn-challenge,2011/cyclic-rcpsp/medium_3,false,3132.0,true,true,8404,10000,minizinc,global,2,2,false,
mzn-challenge,2011/depot-placement/att48_5,false,13814.0,true,true,1079,10000,minizinc,global,6,3,false,
mzn-challenge,2011/depot-placement/rat99_5,false,107.0,true,true,686,10000,minizinc,global,6,3,false,
mzn-challenge,2011/depot-placement/st70_6,false,210.0,true,false,1285,10000,minizinc,global,6,3,false,
mzn-challenge,2011/depot-placement/ts225_6,false,6000.0,true,true,933,10000,minizinc,global,6,3,false,
mzn-challenge,2011/depot-placement/ulysses16_5,false,4331.0,true,true,701,10000,minizinc,global,6,3,false,
mzn-challenge,2011/fast-food/ff10,false,704.0,true,true,203,10000,minizinc,linear,0,1,false,
mzn-challenge,2011/fast-food/ff2,false,1957.0,true,true,169,10000,minizinc,linear,0,1,false,
mzn-challenge,2011/fast-food/ff21,false,583.0,true,true,306,10000,minizinc,linear,0,1,false,
mzn-challenge,2011/fast-food/ff53,false,1.0,true,true,107,10000,minizinc,linear,0,1,false,
mzn-challenge,2011/fast-food/ff71,false,16.0,true,true,67,10000,minizinc,linear,0,1,false,
mzn-challenge,2011/fillomino/08,false,,true,false,170,10000,minizinc,linear,0,2,false,
mzn-challenge,2011/fillomino/13,false,,true,false,183,10000,minizinc,linear,0,2,false,
mzn-challenge,2011/fillomino/15,false,,true,false,124,10000,minizinc,linear,0,2,false,
mzn-challenge,2011/fillomino/17,false,,true,false,151,10000,minizinc,linear,0,2,false,
mzn-challenge,2011/fillomino/19,false,,true,false,135,10000,minizinc,linear,0,2,false,
mzn-challenge,2011/grid-colouring/10_10,false,4.0,true,false,316,10000,minizinc,arithmetic,0,0,false,
mzn-challenge,2011/grid-colouring/12_13,false,4.0,true,false,457,10000,minizinc,arithmetic,0,0,false,
mzn-challenge,2011/grid-colouring/15_16,false,5.0,true,false,762,10000,minizinc,arithmetic,0,0,false,
mzn-challenge,2011/grid-colouring/5_6,false,3.0,true,true,1627,10000,minizinc,arithmetic,0,0,false,
mzn-challenge,2011/grid-colouring/7_8,false,3.0,true,true,1351,10000,minizinc,arithmetic,0,0,false,
mzn-challenge,2011/nonogram/non_awful_1,false,,true,false,914,10000,minizinc,global,1,0,false,
mzn-challenge,2011/nonogram/non_fast_3,false,,true,false,457,10000,minizinc,global,1,0,false,
mzn-challenge,2011/nonogram/non_fast_6,false,,true,false,1536,10000,minizinc,global,1,0,false,
mzn-challenge,2011/nonogram/non_med_1,false,,true,false,768,10000,minizinc,global,1,0,false,
mzn-challenge,2011/nonogram/non_med_3,false,,true,false,686,10000,minizinc,global,1,0,false,
mzn-challenge,2011/open-stacks/problem_10_20_1,false,7.0,true,false,404,10000,minizinc,global,1,3,false,
mzn-challenge,2011/open-stacks/problem_15_15,false,7.0,true,false,349,10000,minizinc,global,1,3,false,
mzn-challenge,2011/open-stacks/problem_30_15_1,false,14.0,true,false,592,10000,minizinc,global,1,3,false,
mzn-challenge,2011/open-stacks/wbo_20_20_1,false,3.0,true,true,2459,10000,minizinc,global,1,3,false,
mzn-challenge,2011/open-stacks/wbp_15_30_1,false,6.0,true,false,925,10000,minizinc,global,1,3,false,
mzn-challenge,2011/pattern-set-mining/german-credit-k1,true,402.0,true,true,4202,10000,minizinc,global,1,5,true,
mzn-challenge,2011/pattern-set-mining/hepatitis-k2,true,96.0,true,false,569,10000,minizinc,global,1,5,true,
mzn-challenge,2011/pattern-set-mining/pendigits-k1,true,,,false,10000,10000,minizinc,global,1,5,true,
mzn-challenge,2011/pattern-set-mining/sonar-k2,true,,,false,10000,10000,minizinc,global,1,5,true,
mzn-challenge,2011/pattern-set-mining/vehicle-k1,true,148.0,true,true,3991,10000,minizinc,global,1,5,true,
mzn-challenge,2011/pentominoes/02,false,,true,false,6412,10000,minizinc,global,1,0,false,
mzn-challenge,2011/pentominoes/04,false,,,false,10000,10000,minizinc,global,1,0,false,
mzn-challenge,2011/pentominoes/05,false,,true,false,8525,10000,minizinc,global,1,0,false,
mzn-challenge,2011/pentominoes/06,false,,true,false,5908,10000,minizinc,global,1,0,false,
mzn-challenge,2011/pentominoes/07,false,,,false,10000,10000,minizinc,global,1,0,false,
mzn-challenge,2011/prize-collecting/25-5-5-9,true,65.0,true,true,228,10000,minizinc,linear,0,3,false,
mzn-challenge,2011/prize-collecting/28-4-7-4,true,58.0,true,true,362,10000,minizinc,linear,0,3,false,
mzn-challenge,2011/prize-collecting/30-5-6-7,true,64.0,true,true,663,10000,minizinc,linear,0,3,false,
mzn-challenge,2011/prize-collecting/32-4-8-0,true,115.0,true,true,504,10000,minizinc,linear,0,3,false,
mzn-challenge,2011/prize-collecting/32-4-8-2,true,92.0,true,true,350,10000,minizinc,linear,0,3,false,
mzn-challenge,2011/roster/chicroster_dataset_10,false,18.0,true,true,109,10000,minizinc,linear,0,2,false,
mzn-challenge,2011/roster/chicroster_dataset_12,false,19.0,true,true,105,10000,minizinc,linear,0,2,false,
mzn-challenge,2011/roster/chicroster_dataset_large_16,false,0.0,true,true,89,10000,minizinc,linear,0,2,false,
mzn-challenge,2011/roster/chicroster_dataset_large_18,false,0.0,true,true,89,10000,minizinc,linear,0,2,false,
mzn-challenge,2011/roster/chicroster_dataset_large_20,false,0.0,true,true,1417,10000,minizinc,linear,0,2,false,
mzn-challenge,2011/ship-schedule/4Ships,true,371850.0,true,true,1172,10000,minizinc,global,4,8,false,
mzn-challenge,2011/ship-schedule/5ShipsMixed,true,289650.0,true,true,1380,10000,minizinc,global,4,8,false,
mzn-challenge,2011/ship-schedule/6ShipsMixedUnconst,true,288900.0,true,true,392,10000,minizinc,global,4,8,false,
mzn-challenge,2011/ship-schedule/7ShipsUnconst,true,699750.0,true,true,2207,10000,minizinc,global,4,8,false,
mzn-challenge,2011/ship-schedule/8Ships,true,873230.0,true,true,4448,10000,minizinc,global,4,8,false,
mzn-challenge,2011/solbat/sb_12_12_5_3,false,,true,false,2435,10000,minizinc,global,1,6,false,
mzn-challenge,2011/solbat/sb_13_13_5_1,false,,true,false,2652,10000,minizinc,global,1,6,false,
mzn-challenge,2011/solbat/sb_13_13_5_3,false,,true,false,2266,10000,minizinc,global,1,6,false,
mzn-challenge,2011/solbat/sb_14_14_6_2,false,,true,false,2824,10000,minizinc,global,1,6,false,
mzn-challenge,2011/solbat/sb_15_15_7_3,false,,true,false,2070,10000,minizinc,global,1,6,false,
mzn-challenge,2011/table-layout/en-1000-1274-line521,false,5377.0,true,true,50,10000,minizinc,global,4,3,false,
mzn-challenge,2011/table-layout/en-1000-1439-line292,false,3101.0,true,true,70,10000,minizinc,global,4,3,false,
mzn-challenge,2011/table-layout/en-1000-1615-line479,false,2455.0,true,true,50,10000,minizinc,global,4,3,false,
mzn-challenge,2011/table-layout/en-1250-1074-line298,false,2987.0,true,true,94,10000,minizinc,global,4,3,false,
mzn-challenge,2011/table-layout/en-760-310-line795,false,1604.0,true,true,43,10000,minizinc,global,4,3,false,
mzn-challenge,2011/vrp/A-n32-k5.vrp,false,799.0,true,false,216,10000,minizinc,linear,0,5,false,
mzn-challenge,2011/vrp/A-n64-k9.vrp,false,1478.0,true,false,898,10000,minizinc,linear,0,5,false,
mzn-challenge,2011/vrp/B-n43-k6.vrp,false,750.0,true,false,345,10000,minizinc,linear,0,5,false,
mzn-challenge,2011/vrp/B-n56-k7.vrp,false,732.0,true,false,576,10000,minizinc,linear,0,5,false,
mzn-challenge,2011/vrp/P-n50-k10.vrp,false,736.0,true,false,455,10000,minizinc,linear,0,5,false,
mzn-challenge,2011/wwtpp-real/ex02840_2400_100,false,,,false,10000,10000,minizinc,linear,0,1,false,
mzn-challenge,2011/wwtpp-real/ex04020_2400_100,false,,,false,10000,10000,minizinc,linear,0,1,false,
mzn-challenge,2011/wwtpp-real/ex04140_2400_100,false,,,false,10000,10000,minizinc,linear,0,1,false,
mzn-challenge,2011/wwtpp-real/ex05080_2400_100,false,,,false,10000,10000,minizinc,linear,0,1,false,
mzn-challenge,2011/wwtpp-real/ex05160_2400_100,false,,true,false,1283,10000,minizinc,linear,0,1,false,
mzn-challenge,2012/amaze/2012-03-08,false,746.0,true,false,8462,10000,minizinc,global,3,2,false,
mzn-challenge,2012/amaze/2012-03-15,false,1429.0,true,true,1427,10000,minizinc,global,3,2,false,
mzn-challenge,2012/amaze/2012-03-19,false,447.0,true,true,150,10000,minizinc,global,3,2,false,
mzn-challenge,2012/amaze/2012-06-22,false,928.0,true,true,387,10000,minizinc,global,3,2,false,
mzn-challenge,2012/amaze/2012-06-29,false,,,false,10000,10000,minizinc,global,3,2,false,
mzn-challenge,2012/amaze/2012-07-04,false,481.0,true,true,944,10000,minizinc,global,3,2,false,
mzn-challenge,2012/amaze2/2012-03-08,false,,,false,10000,10000,minizinc,linear,0,3,false,
mzn-challenge,2012/amaze2/2012-03-15,false,,true,false,1481,10000,minizinc,linear,0,3,false,
mzn-challenge,2012/amaze2/2012-06-22,false,,true,false,1060,10000,minizinc,linear,0,3,false,
mzn-challenge,2012/amaze2/2012-06-28,false,,true,false,208,10000,minizinc,linear,0,3,false,
mzn-challenge,2012/amaze2/2012-06-29,false,,,false,10000,10000,minizinc,linear,0,3,false,
mzn-challenge,2012/amaze2/2012-07-04,false,,,false,10000,10000,minizinc,linear,0,3,false,
mzn-challenge,2012/carpet-cutting/mzn_rnd_test.05,false,1122.0,true,false,185,10000,minizinc,global,3,9,false,
mzn-challenge,2012/carpet-cutting/mzn_rnd_test.10,false,4328.0,true,false,715,10000,minizinc,global,3,9,false,
mzn-challenge,2012/carpet-cutting/mzn_rnd_test.14,false,1880.0,true,false,202,10000,minizinc,global,3,9,false,
mzn-challenge,2012/carpet-cutting/mzn_rnd_test.16,false,1154.0,true,false,170,10000,minizinc,global,3,9,false,
mzn-challenge,2012/carpet-cutting/mzn_rnd_test.17,false,2048.0,true,false,211,10000,minizinc,global,3,9,false,
mzn-challenge,2012/fast-food/ff3,false,1330.0,true,true,383,10000,minizinc,linear,0,3,false,
mzn-challenge,2012/fast-food/ff58,false,1154.0,true,false,175,10000,minizinc,linear,0,3,false,
mzn-challenge,2012/fast-food/ff59,false,242.0,true,true,395,10000,minizinc,linear,0,3,false,
mzn-challenge,2012/fast-food/ff61,false,152.0,true,true,404,10000,minizinc,linear,0,3,false,
mzn-challenge,2012/fast-food/ff63,false,103.0,true,true,253,10000,minizinc,linear,0,3,false,
mzn-challenge,2012/filters/ar_1_2,false,18.0,true,true,736,10000,minizinc,global,3,0,false,
mzn-challenge,2012/filters/dct_1_1,false,34.0,true,true,74,10000,minizinc,global,3,0,false,
mzn-challenge,2012/filters/ewf_1_1,false,28.0,true,true,74,10000,minizinc,global,3,0,false,
mzn-challenge,2012/filters/fir16_1_1,false,35.0,true,true,72,10000,minizinc,global,3,0,false,
mzn-challenge,2012/filters/fir_1_1,false,18.0,true,true,70,10000,minizinc,global,3,0,false,
mzn-challenge,2012/league/model100-21-12,false,1219934.0,true,false,1821,10000,minizinc,global,1,3,false,
mzn-challenge,2012/league/model20-3-5,false,49984.0,true,true,17,10000,minizinc,global,1,3,false,
mzn-challenge,2012/league/model30-4-6,false,79973.0,true,true,62,10000,minizinc,global,1,3,false,
mzn-challenge,2012/league/model50-4-4,false,99971.0,true,true,332,10000,minizinc,global,1,3,false,
mzn-challenge,2012/league/model55-3-12,false,109949.0,true,true,585,10000,minizinc,global,1,3,false,
mzn-challenge,2012/league/model90-18-20,false,379915.0,true,false,1424,10000,minizinc,global,1,3,false,
mzn-challenge,2012/mspsp/easy_01,false,26.0,true,true,26,10000,minizinc,global,3,3,true,
mzn-challenge,2012/mspsp/hard_01,false,35.0,true,true,36,10000,minizinc,global,3,3,true,
mzn-challenge,2012/mspsp/hard_03,false,30.0,true,true,114,10000,minizinc,global,3,3,true,
mzn-challenge,2012/mspsp/medium_02,false,15.0,true,true,5,10000,minizinc,global,3,3,true,
mzn-challenge,2012/mspsp/medium_03,false,26.0,true,true,26,10000,minizinc,global,3,3,true,
mzn-challenge,2012/mspsp/medium_05,false,18.0,true,true,73,10000,minizinc,global,3,3,true,
mzn-challenge,2012/nonogram/non_awful_3,false,,true,false,518,10000,minizinc,global,1,0,false,
mzn-challenge,2012/nonogram/non_awful_5,false,,true,false,420,10000,minizinc,global,1,0,false,
mzn-challenge,2012/nonogram/non_fast_11,false,,true,false,847,10000,minizinc,global,1,0,false,
mzn-challenge,2012/nonogram/non_fast_4,false,,true,false,331,10000,minizinc,global,1,0,false,
mzn-challenge,2012/nonogram/non_fast_8,false,,true,false,487,10000,minizinc,global,1,0,false,
mzn-challenge,2012/parity-learning/44_22_5.2,false,,,false,10000,10000,minizinc,pseudo-boolean,0,1,true,
mzn-challenge,2012/parity-learning/44_22_5.3,false,2.0,true,true,6919,10000,minizinc,pseudo-boolean,0,1,true,
mzn-challenge,2012/parity-learning/48_24_6.1,false,,,false,10000,10000,minizinc,pseudo-boolean,0,1,true,
mzn-challenge,2012/parity-learning/48_24_6.2,false,,,false,10000,10000,minizinc,pseudo-boolean,0,1,true,
mzn-challenge,2012/parity-learning/52_26_6.1,false,,,false,10000,10000,minizinc,pseudo-boolean,0,1,true,
mzn-challenge,2012/parity-learning/52_26_6.2,false,,,false,10000,10000,minizinc,pseudo-boolean,0,1,true,
mzn-challenge,2012/parity-learning/52_26_6.3,false,1.0,true,true,8839,10000,minizinc,pseudo-boolean,0,1,true,
mzn-challenge,2012/pattern-set-mining-k1/ionosphere,true,,,false,10000,10000,minizinc,global,3,5,true,
mzn-challenge,2012/pattern-set-mining-k1/mushroom,true,,,false,10000,10000,minizinc,global,3,5,true,
mzn-challenge,2012/pattern-set-mining-k2/audiology,true,54.0,true,true,71,10000,minizinc,global,3,5,true,
mzn-challenge,2012/pattern-set-mining-k2/german-credit,true,56.0,true,false,7489,10000,minizinc,global,3,5,true,
mzn-challenge,2012/pattern-set-mining-k2/segment,true,,,false,10000,10000,minizinc,global,3,5,true,
mzn-challenge,2012/project-planning,false,17.0,true,true,779,10000,minizinc,global,24,0,false,
mzn-challenge,2012/radiation/m06_15_15,false,711.0,true,true,739,10000,minizinc,linear,0,6,false,
mzn-challenge,2012/radiation/m07_07_20,false,856.0,true,true,107,10000,minizinc,linear,0,6,false,
mzn-challenge,2012/radiation/m12_10_20,false,5086.0,true,false,626,10000,minizinc,linear,0,6,false,
mzn-challenge,2012/radiation/m18_12_05,false,17903.0,true,false,4416,10000,minizinc,linear,0,6,false,
mzn-challenge,2012/radiation/m40_10_02,false,,,false,10000,10000,minizinc,linear,0,6,false,
mzn-challenge,2012/ship-schedule/5Ships,true,483650.0,true,true,1500,10000,minizinc,global,3,11,false,
mzn-challenge,2012/ship-schedule/6ShipsMixed,true,301650.0,true,true,488,10000,minizinc,global,3,11,false,
mzn-challenge,2012/ship-schedule/7ShipsMixed,true,407850.0,true,true,615,10000,minizinc,global,3,11,false,
mzn-challenge,2012/ship-schedule/7ShipsMixedUnconst,true,389100.0,true,true,508,10000,minizinc,global,3,11,false,
mzn-challenge,2012/ship-schedule/8ShipsUnconst,true,834150.0,true,true,2076,10000,minizinc,global,3,11,false,
mzn-challenge,2012/solbat/sb_12_12_5_1,false,,true,false,2683,10000,minizinc,global,1,6,false,
mzn-challenge,2012/solbat/sb_13_13_5_4,false,,true,false,3235,10000,minizinc,global,1,6,false,
mzn-challenge,2012/solbat/sb_14_14_6_0,false,,true,false,1119,10000,minizinc,global,1,6,false,
mzn-challenge,2012/solbat/sb_14_14_6_4,false,,true,false,3199,10000,minizinc,global,1,6,false,
mzn-challenge,2012/solbat/sb_15_15_6_3,false,,true,false,2364,10000,minizinc,global,1,6,false,
mzn-challenge,2012/still-life-wastage/09,true,43.0,true,false,210,10000,minizinc,linear,0,3,false,
mzn-challenge,2012/still-life-wastage/10,true,54.0,true,false,248,10000,minizinc,linear,0,3,false,
mzn-challenge,2012/still-life-wastage/11,true,63.0,true,false,268,10000,minizinc,linear,0,3,false,
mzn-challenge,2012/still-life-wastage/12,true,76.0,true,false,362,10000,minizinc,linear,0,3,false,
mzn-challenge,2012/still-life-wastage/13,true,88.0,true,false,463,10000,minizinc,linear,0,3,false,
mzn-challenge,2012/tpp/tpp_3_3_30_1,false,190.0,true,true,149,10000,minizinc,global,3,6,false,
mzn-challenge,2012/tpp/tpp_3_5_20_1,false,127.0,true,true,200,10000,minizinc,global,3,6,false,
mzn-challenge,2012/tpp/tpp_5_3_20_1,false,141.0,true,true,206,10000,minizinc,global,3,6,false,
mzn-challenge,2012/tpp/tpp_5_5_20_1,false,115.0,true,true,773,10000,minizinc,global,3,6,false,
mzn-challenge,2012/tpp/tpp_7_3_20_1,false,125.0,true,true,384,10000,minizinc,global,3,6,false,
mzn-challenge,2012/tpp/tpp_7_5_20_1,false,105.0,true,true,1145,10000,minizinc,global,3,6,false,
mzn-challenge,2012/tpp/tpp_7_5_30_1,false,124.0,true,true,1379,10000,minizinc,global,3,6,false,
mzn-challenge,2012/train/instance.12,false,73020.0,true,false,213,10000,minizinc,global,1,3,false,
mzn-challenge,2012/train/instance.15,false,81740.0,true,true,9380,10000,minizinc,global,1,3,false,
mzn-challenge,2012/train/instance.2,false,71820.0,true,false,212,10000,minizinc,global,1,3,false,
mzn-challenge,2012/train/instance.3,false,72570.0,true,false,227,10000,minizinc,global,1,3,false,
mzn-challenge,2012/train/instance.6,false,28290.0,true,true,1486,10000,minizinc,global,1,3,false,
mzn-challenge,2012/train/instance.7,false,71920.0,true,false,223,10000,minizinc,global,1,3,false,
mzn-challenge,2012/vrp/A-n38-k5.vrp,false,753.0,true,false,274,10000,minizinc,linear,0,5,false,
mzn-challenge,2012/vrp/A-n62-k8.vrp,false,1335.0,true,false,814,10000,minizinc,linear,0,5,false,
mzn-challenge,2012/vrp/B-n51-k7.vrp,false,1034.0,true,false,475,10000,minizinc,linear,0,5,false,
mzn-challenge,2012/vrp/P-n20-k2.vrp,false,218.0,true,false,126,10000,minizinc,linear,0,5,false,
mzn-challenge,2012/vrp/P-n60-k15.vrp,false,1013.0,true,false,749,10000,minizinc,linear,0,5,false,
mzn-challenge,2013/black-hole/12,false,,true,false,4127,10000,minizinc,global,7,0,false,
mzn-challenge,2013/black-hole/16,false,,true,false,4021,10000,minizinc,global,7,0,false,
mzn-challenge,2013/black-hole/18,false,,true,false,1949,10000,minizinc,global,7,0,false,
mzn-challenge,2013/black-hole/4,false,,true,false,4422,10000,minizinc,global,7,0,false,
mzn-challenge,2013/black-hole/6,false,,,false,10000,10000,minizinc,global,7,0,false,
mzn-challenge,2013/cargo/challenge04_1s_626,false,714.0,true,true,3249,10000,minizinc,global,6,5,false,
mzn-challenge,2013/cargo/challenge05_1s_954,false,2883.0,true,true,2116,10000,minizinc,global,6,5,false,
mzn-challenge,2013/cargo/challenge07_1s_133,false,328.0,true,true,4325,10000,minizinc,global,6,5,false,
mzn-challenge,2013/cargo/challenge08_222f_3475,false,40144.0,true,false,3891,10000,minizinc,global,6,5,false,
mzn-challenge,2013/cargo/challenge10_15966f_2060,false,22486.0,true,false,3162,10000,minizinc,global,6,5,false,
mzn-challenge,2013/celar/CELAR6-SUB2,false,2746.0,true,false,473,10000,minizinc,linear,0,3,false,
mzn-challenge,2013/celar/CELAR6-SUB3,false,3079.0,true,false,520,10000,minizinc,linear,0,3,false,
mzn-challenge,2013/celar/CELAR7-SUB3,false,203460.0,true,false,516,10000,minizinc,linear,0,3,false,
mzn-challenge,2013/celar/graph11,false,147413.0,true,false,3167,10000,minizinc,linear,0,3,false,
mzn-challenge,2013/celar/scen06,false,4759.0,true,false,1077,10000,minizinc,linear,0,3,false,
mzn-challenge,2013/filters/ar_2_3,false,15.0,true,true,78,10000,minizinc,global,3,0,false,
mzn-challenge,2013/filters/dct_2_2,false,18.0,true,true,1257,10000,minizinc,global,3,0,false,
mzn-challenge,2013/filters/dfq_1_1,false,4.0,true,true,7,10000,minizinc,global,3,0,false,
mzn-challenge,2013/filters/ewf_2_1,false,21.0,true,true,79,10000,minizinc,global,3,0,false,
mzn-challenge,2013/filters/fir_2_3,false,10.0,true,true,10,10000,minizinc,global,3,0,false,
mzn-challenge,2013/fjsp/easy01,false,253.0,true,true,18,10000,minizinc,global,1,4,true,
mzn-challenge,2013/fjsp/easy02,false,11.0,true,true,76,10000,minizinc,global,1,4,true,
mzn-challenge,2013/fjsp/hard19,false,4951.0,true,false,239,10000,minizinc,global,1,4,true,
mzn-challenge,2013/fjsp/med04,false,3214.0,true,false,1455,10000,minizinc,global,1,4,true,
mzn-challenge,2013/fjsp/med10,false,908.0,true,true,6138,10000,minizinc,global,1,4,true,
mzn-challenge,2013/ghoulomb/3-11-29,false,,,false,10000,10000,minizinc,global,6,0,false,
mzn-challenge,2013/ghoulomb/3-9-16,false,44.0,true,true,1178,10000,minizinc,global,6,0,false,
mzn-challenge,2013/ghoulomb/4-9-10,false,44.0,true,true,519,10000,minizinc,global,6,0,false,
mzn-challenge,2013/ghoulomb/4-9-20,false,44.0,true,true,7628,10000,minizinc,global,6,0,false,
mzn-challenge,2013/ghoulomb/5-7-22,false,,,false,10000,10000,minizinc,global,6,0,false,
mzn-challenge,2013/javarouting,false,,true,false,81,10000,minizinc,arithmetic,0,0,false,
mzn-challenge,2013/l2p/l2p1,false,6.0,true,true,281,10000,minizinc,global,3,4,false,
mzn-challenge,2013/l2p/l2p12,false,5.0,true,true,915,10000,minizinc,global,3,4,false,
mzn-challenge,2013/l2p/l2p13,false,6.0,true,true,1620,10000,minizinc,global,3,4,false,
mzn-challenge,2013/l2p/l2p16,false,7.0,true,true,4027,10000,minizinc,global,3,4,false,
mzn-challenge,2013/l2p/l2p2,false,8.0,true,false,5858,10000,minizinc,global,3,4,false,
mzn-challenge,2013/league/model15-4-3,false,290.0,true,true,35,10000,minizinc,global,2,3,false,
mzn-challenge,2013/league/model20-5-4,false,185.0,true,true,118,10000,minizinc,global,2,3,false,
mzn-challenge,2013/league/model30-8-4,false,479.0,true,true,3014,10000,minizinc,global,2,3,false,
mzn-challenge,2013/league/model40-5-11,false,264.0,true,false,266,10000,minizinc,global,2,3,false,
mzn-challenge,2013/league/model55-13-15,false,745.0,true,false,557,10000,minizinc,global,2,3,false,
mzn-challenge,2013/mario/mario_easy_2,true,628.0,true,true,77,10000,minizinc,global,2,2,false,
mzn-challenge,2013/mario/mario_easy_4,true,545.0,true,true,95,10000,minizinc,global,2,2,false,
mzn-challenge,2013/mario/mario_n_medium_2,true,1053.0,true,true,742,10000,minizinc,global,2,2,false,
mzn-challenge,2013/mario/mario_n_medium_4,true,832.0,true,true,455,10000,minizinc,global,2,2,false,
mzn-challenge,2013/mario/mario_t_hard_1,true,4783.0,true,true,3576,10000,minizinc,global,2,2,false,
mzn-challenge,2013/nmseq/143,false,,,false,10000,10000,minizinc,linear,0,1,false,
mzn-challenge,2013/nmseq/202,false,,,false,10000,10000,minizinc,linear,0,1,false,
mzn-challenge,2013/nmseq/395,false,,,false,10000,10000,minizinc,linear,0,1,false,
mzn-challenge,2013/nmseq/478,false,,,false,10000,10000,minizinc,linear,0,1,false,
mzn-challenge,2013/nmseq/99,false,,true,false,8337,10000,minizinc,linear,0,1,false,
mzn-challenge,2013/nonogram/dom_06,false,,true,false,234,10000,minizinc,global,1,0,false,
mzn-challenge,2013/nonogram/dom_08,false,,true,false,311,10000,minizinc,global,1,0,false,
mzn-challenge,2013/nonogram/dom_10,false,,true,false,509,10000,minizinc,global,1,0,false,
mzn-challenge,2013/nonogram/dom_12,false,,true,false,893,10000,minizinc,global,1,0,false,
mzn-challenge,2013/nonogram/dom_14,false,,true,false,1182,10000,minizinc,global,1,0,false,
mzn-challenge,2013/on-call-rostering/10s-150d,false,5.0,true,true,3880,10000,minizinc,global,4,2,false,
mzn-challenge,2013/on-call-rostering/10s-50d,false,0.0,true,true,272,10000,minizinc,global,4,2,false,
mzn-challenge,2013/on-call-rostering/20s-200d,false,9.0,true,false,8632,10000,minizinc,global,4,2,false,
mzn-challenge,2013/on-call-rostering/4s-10d,false,1.0,true,true,52,10000,minizinc,global,4,2,false,
mzn-challenge,2013/on-call-rostering/4s-23d,false,2.0,true,true,64,10000,minizinc,global,4,2,false,
mzn-challenge,2013/pattern-set-mining/anneal-k1,true,494.0,true,true,1987,10000,minizinc,global,3,5,true,
mzn-challenge,2013/pattern-set-mining/hypothyroid-k1,true,7.0,true,false,9459,10000,minizinc,global,3,5,true,
mzn-challenge,2013/pattern-set-mining/kr-vs-kp-k2,true,,,false,10000,10000,minizinc,global,3,5,true,
mzn-challenge,2013/pattern-set-mining/splice-1-k1,true,,,false,10000,10000,minizinc,global,3,5,true,
mzn-challenge,2013/pattern-set-mining/yeast-k2,true,34.0,true,false,6216,10000,minizinc,global,3,5,true,
mzn-challenge,2013/pentominoes-int/02,false,,true,false,6538,10000,minizinc,global,1,0,false,
mzn-challenge,2013/pentominoes-int/04,false,,,false,10000,10000,minizinc,global,1,0,false,
mzn-challenge,2013/pentominoes-int/05,false,,true,false,8337,10000,minizinc,global,1,0,false,
mzn-challenge,2013/pentominoes-int/06,false,,true,false,5828,10000,minizinc,global,1,0,false,
mzn-challenge,2013/pentominoes-int/07,false,,,false,10000,10000,minizinc,global,1,0,false,
mzn-challenge,2013/proteindesign12/1HZ5.12p.19aa.usingEref_self,false,,,false,10000,10000,minizinc,global,3,2,false,
mzn-challenge,2013/proteindesign12/1HZ5.12p.9aa.usingEref_self,false,1476.0,true,false,8848,10000,minizinc,global,3,2,false,
mzn-challenge,2013/proteindesign12/1PGB.11p.9aa.usingEref_self,false,1209.0,true,false,6702,10000,minizinc,global,3,2,false,
mzn-challenge,2013/proteindesign12/1UBI.13p.9aa.usingEref_self,false,1531.0,true,false,7525,10000,minizinc,global,3,2,false,
mzn-challenge,2013/proteindesign12/2TRX.11p.8aa.usingEref_self,false,1747.0,true,true,7321,10000,minizinc,global,3,2,false,
mzn-challenge,2013/radiation/i6-11,false,895.0,true,true,601,10000,minizinc,linear,0,6,false,
mzn-challenge,2013/radiation/i6-7,false,635.0,true,true,108,10000,minizinc,linear,0,6,false,
mzn-challenge,2013/radiation/i7-15,false,1308.0,true,true,9746,10000,minizinc,linear,0,6,false,
mzn-challenge,2013/radiation/i8-7,false,1046.0,true,true,208,10000,minizinc,linear,0,6,false,
mzn-challenge,2013/radiation/i9-23,false,4358.0,true,false,1586,10000,minizinc,linear,0,6,false,
mzn-challenge,2013/rcpsp/11,false,77.0,true,false,238,10000,minizinc,global,2,1,false,
mzn-challenge,2013/rcpsp/12,false,38.0,true,true,1349,10000,minizinc,global,2,1,false,
mzn-challenge,2013/rcpsp/13,false,78.0,true,true,690,10000,minizinc,global,2,1,false,
mzn-challenge,2013/rcpsp/14,false,132.0,true,false,767,10000,minizinc,global,2,1,false,
mzn-challenge,2013/rcpsp/15,false,,,false,10000,10000,minizinc,global,2,1,false,
mzn-challenge,2013/rubik,false,,true,false,311,10000,minizinc,pseudo-boolean,0,0,true,
mzn-challenge,2013/vrp/A-n33-k6.vrp,false,745.0,true,false,218,10000,minizinc,linear,0,6,false,
mzn-challenge,2013/vrp/A-n63-k10.vrp,false,1349.0,true,false,846,10000,minizinc,linear,0,6,false,
mzn-challenge,2013/vrp/B-n52-k7.vrp,false,761.0,true,false,515,10000,minizinc,linear,0,6,false,
mzn-challenge,2013/vrp/P-n16-k8.vrp,false,450.0,true,true,7808,10000,minizinc,linear,0,6,false,
mzn-challenge,2013/vrp/P-n51-k10.vrp,false,753.0,true,false,503,10000,minizinc,linear,0,6,false,
mzn-challenge,2014/amaze/2012-04-27,false,,true,false,320,10000,minizinc,global,4,2,false,
mzn-challenge,2014/amaze/2012-05-31,false,,true,false,291,10000,minizinc,global,4,2,false,
mzn-challenge,2014/amaze/2012-06-15,false,,true,false,797,10000,minizinc,global,4,2,false,
mzn-challenge,2014/amaze/mod2012-03-19,false,,,false,10000,10000,minizinc,global,4,2,false,
mzn-challenge,2014/amaze/mod2012-06-22,false,,true,false,7302,10000,minizinc,global,4,2,false,
mzn-challenge,2014/cyclic-rcpsp/easy_3,false,1920.0,true,true,256,10000,minizinc,global,3,2,false,
mzn-challenge,2014/cyclic-rcpsp/easy_5,false,862.0,true,true,3476,10000,minizinc,global,3,2,false,
mzn-challenge,2014/cyclic-rcpsp/hard_1,false,5218.0,true,false,324,10000,minizinc,global,3,2,false,
mzn-challenge,2014/cyclic-rcpsp/hard_2,false,8053.0,true,false,446,10000,minizinc,global,3,2,false,
mzn-challenge,2014/cyclic-rcpsp/medium_2,false,516.0,true,true,756,10000,minizinc,global,3,2,false,
mzn-challenge,2014/elitserien/handball11,false,3.0,true,false,3475,10000,minizinc,global,13,9,false,
mzn-challenge,2014/elitserien/handball12,false,1.0,true,true,2538,10000,minizinc,global,13,9,false,
mzn-challenge,2014/elitserien/handball13,false,7.0,true,false,2630,10000,minizinc,global,13,9,false,
mzn-challenge,2014/elitserien/handball14,false,5.0,true,false,3479,10000,minizinc,global,13,9,false,
mzn-challenge,2014/elitserien/handball19,false,6.0,true,false,3498,10000,minizinc,global,13,9,false,
mzn-challenge,2014/fillomino/5x5_1,false,,true,false,282,10000,minizinc,linear,0,2,false,
mzn-challenge,2014/fillomino/5x5_6,false,,true,false,136,10000,minizinc,linear,0,2,false,
mzn-challenge,2014/fillomino/6x6_0,false,,true,false,765,10000,minizinc,linear,0,2,false,
mzn-challenge,2014/fillomino/6x6_5,false,,true,false,894,10000,minizinc,linear,0,2,false,
mzn-challenge,2014/fillomino/7x7_0,false,,true,false,2790,10000,minizinc,linear,0,2,false,
mzn-challenge,2014/jp-encoding/data100,false,5338.0,true,true,69,10000,minizinc,global,2,1,false,
mzn-challenge,2014/jp-encoding/data1000,false,35931.0,true,true,3094,10000,minizinc,global,2,1,false,
mzn-challenge,2014/jp-encoding/data1700,false,58371.0,true,true,5152,10000,minizinc,global,2,1,false,
mzn-challenge,2014/jp-encoding/data400,false,20288.0,true,true,2257,10000,minizinc,global,2,1,false,
mzn-challenge,2014/jp-encoding/data800,false,27941.0,true,true,1757,10000,minizinc,global,2,1,false,
mzn-challenge,2014/liner-sf-repositioning,false,112043.0,true,false,5679,10000,minizinc,global,1,36,false,
mzn-challenge,2014/mario/mario_easy_5,true,445.0,true,true,168,10000,minizinc,global,2,2,false,
mzn-challenge,2014/mario/mario_n_medium_3,true,943.0,true,true,425,10000,minizinc,global,2,2,false,
mzn-challenge,2014/mario/mario_n_medium_5,true,771.0,true,true,1001,10000,minizinc,global,2,2,false,
mzn-challenge,2014/mario/mario_t_hard_2,true,4850.0,true,true,4059,10000,minizinc,global,2,2,false,
mzn-challenge,2014/mario/mario_t_hard_5,true,4482.0,true,true,4528,10000,minizinc,global,2,2,false,
mzn-challenge,2014/mqueens/n11,false,5.0,true,true,2824,10000,minizinc,global,2,2,false,
mzn-challenge,2014/mqueens/n12,false,7.0,true,false,422,10000,minizinc,global,2,2,false,
mzn-challenge,2014/mqueens/n13,false,8.0,true,false,438,10000,minizinc,global,2,2,false,
mzn-challenge,2014/mqueens/n20,false,14.0,true,false,1395,10000,minizinc,global,2,2,false,
mzn-challenge,2014/mqueens/n31,false,23.0,true,false,4869,10000,minizinc,global,2,2,false,
mzn-challenge,2014/multi-knapsack/mknap1-6,false,,true,false,126,10000,minizinc,linear,0,2,false,
mzn-challenge,2014/multi-knapsack/mknap2-1,false,,true,false,161,10000,minizinc,linear,0,2,false,
mzn-challenge,2014/multi-knapsack/mknap2-10,false,,true,false,139,10000,minizinc,linear,0,2,false,
mzn-challenge,2014/multi-knapsack/mknap2-20,false,,true,false,123,10000,minizinc,linear,0,2,false,
mzn-challenge,2014/multi-knapsack/mknap2-31,false,,true,false,116,10000,minizinc,linear,0,2,false,
mzn-challenge,2014/openshop/gp10-4,false,1077.0,true,true,835,10000,minizinc,global,2,3,false,
mzn-challenge,2014/openshop/j7per10-1,false,1000.0,true,true,260,10000,minizinc,global,2,3,false,
mzn-challenge,2014/openshop/j8per0-2,false,1052.0,true,false,224,10000,minizinc,global,2,3,false,
mzn-challenge,2014/openshop/tai20-4,false,1248.0,true,true,8438,10000,minizinc,global,2,3,false,
mzn-challenge,2014/openshop/tai20-6,false,1211.0,true,false,1975,10000,minizinc,global,2,3,false,
mzn-challenge,2014/rectangle-packing/rpp18_true,false,,true,false,131,10000,minizinc,global,5,2,false,
mzn-challenge,2014/rectangle-packing/rpp21_false,false,,true,false,138,10000,minizinc,global,5,2,false,
mzn-challenge,2014/rectangle-packing/rpp22_false,false,,true,false,141,10000,minizinc,global,5,2,false,
mzn-challenge,2014/rectangle-packing/rpp23_false,false,,true,false,141,10000,minizinc,global,5,2,false,
mzn-challenge,2014/rectangle-packing/rpp26_false,false,,true,false,146,10000,minizinc,global,5,2,false,
mzn-challenge,2014/road-cons/road_11,false,5020.0,true,true,848,10000,minizinc,linear,0,4,false,
mzn-challenge,2014/road-cons/road_14,false,8491.0,true,true,3738,10000,minizinc,linear,0,4,false,
mzn-challenge,2014/road-cons/road_16,false,8346.0,true,true,6658,10000,minizinc,linear,0,4,false,
mzn-challenge,2014/road-cons/road_20,false,2034708.0,true,false,8258,10000,minizinc,linear,0,4,false,
mzn-challenge,2014/road-cons/road_9,false,3206.0,true,true,530,10000,minizinc,linear,0,4,false,
mzn-challenge,2014/ship-schedule/3Ships,true,265650.0,true,true,846,10000,minizinc,global,3,12,false,
mzn-challenge,2014/ship-schedule/6Ships,true,607220.0,true,true,2160,10000,minizinc,global,3,12,false,
mzn-challenge,2014/ship-schedule/7Ships,true,736640.0,true,true,2704,10000,minizinc,global,3,12,false,
mzn-challenge,2014/ship-schedule/8ShipsMixed,true,407850.0,true,true,1003,10000,minizinc,global,3,12,false,
mzn-challenge,2014/ship-schedule/8ShipsMixedUnconstr,true,389100.0,true,true,785,10000,minizinc,global,3,12,false,
mzn-challenge,2014/smelt/smelt_11,false,433.0,true,false,3939,10000,minizinc,global,4,4,false,
mzn-challenge,2014/smelt/smelt_2,false,69.0,true,true,246,10000,minizinc,global,4,4,false,
mzn-challenge,2014/smelt/smelt_3,false,1117.0,true,false,123,10000,minizinc,global,4,4,false,
mzn-challenge,2014/smelt/smelt_4,false,1043.0,true,true,48,10000,minizinc,global,4,4,false,
mzn-challenge,2014/smelt/smelt_5,false,1168.0,true,true,2733,10000,minizinc,global,4,4,false,
mzn-challenge,2014/solbat/sb_13_13_5_5,false,,,false,10000,10000,minizinc,global,1,6,false,
mzn-challenge,2014/solbat/sb_13_13_6_5,false,,true,false,2941,10000,minizinc,global,1,6,false,
mzn-challenge,2014/solbat/sb_15_15_6_1,false,,true,false,1921,10000,minizinc,global,1,6,false,
mzn-challenge,2014/solbat/sb_15_15_7_1,false,,true,false,1879,10000,minizinc,global,1,6,false,
mzn-challenge,2014/solbat/sb_15_15_7_6,false,,true,false,2078,10000,minizinc,global,1,6,false,
mzn-challenge,2014/spot5/1502,false,28042.0,true,true,79,10000,minizinc,global,2,3,false,
mzn-challenge,2014/spot5/29,false,8059.0,true,true,12,10000,minizinc,global,2,3,false,
mzn-challenge,2014/spot5/412,false,32381.0,true,true,588,10000,minizinc,global,2,3,false,
mzn-challenge,2014/spot5/42,false,155050.0,true,true,333,10000,minizinc,global,2,3,false,
mzn-challenge,2014/spot5/5,false,261.0,true,true,1369,10000,minizinc,global,2,3,false,
mzn-challenge,2014/stochastic-fjsp,false,108.0,true,true,57,10000,minizinc,linear,0,1,false,
mzn-challenge,2014/stochastic-vrp,false,160.0,true,true,3936,10000,minizinc,global,3,1,false,
mzn-challenge,2014/train/instance.1,false,6630.0,true,true,60,10000,minizinc,global,1,3,false,
mzn-challenge,2014/train/instance.13,false,74870.0,true,false,159,10000,minizinc,global,1,3,false,
mzn-challenge,2014/train/instance.14,false,77660.0,true,false,165,10000,minizinc,global,1,3,false,
mzn-challenge,2014/train/instance.8,false,73300.0,true,false,160,10000,minizinc,global,1,3,false,
mzn-challenge,2014/train/instance.9,false,74870.0,true,false,167,10000,minizinc,global,1,3,false,
mzn-challenge,2014/traveling-tppv/circ14bnonbal,false,486.0,true,false,7924,10000,minizinc,global,3,2,false,
mzn-challenge,2014/traveling-tppv/circ20gnonbal,false,,,false,10000,10000,minizinc,global,3,2,false,
mzn-challenge,2014/traveling-tppv/circ8bbal,false,86.0,true,false,1382,10000,minizinc,global,3,2,false,
mzn-challenge,2014/traveling-tppv/circ8cbal,false,80.0,true,false,1386,10000,minizinc,global,3,2,false,
mzn-challenge,2014/traveling-tppv/circ8ebal,false,80.0,true,false,1401,10000,minizinc,global,3,2,false,
mzn-challenge,2015/costas-array/16,false,,,false,10000,10000,minizinc,global,6,0,false,
mzn-challenge,2015/costas-array/17,false,,,false,10000,10000,minizinc,global,6,0,false,
mzn-challenge,2015/costas-array/18,false,,,false,10000,10000,minizinc,global,6,0,false,
mzn-challenge,2015/costas-array/19,false,,,false,10000,10000,minizinc,global,6,0,false,
mzn-challenge,2015/costas-array/20,false,,,false,10000,10000,minizinc,global,6,0,false,
mzn-challenge,2015/cvrp/A-n37-k5.vrp,false,,,false,10000,10000,minizinc,global,5,2,false,
mzn-challenge,2015/cvrp/A-n64-k9.vrp,false,,,false,10000,10000,minizinc,global,5,2,false,
mzn-challenge,2015/cvrp/B-n45-k5.vrp,false,,,false,10000,10000,minizinc,global,5,2,false,
mzn-challenge,2015/cvrp/P-n16-k8.vrp,false,450.0,true,false,1249,10000,minizinc,global,5,2,false,
mzn-challenge,2015/cvrp/simple2,false,34.0,true,false,166,10000,minizinc,global,5,2,false,
mzn-challenge,2015/freepizza/pizza27,false,846256.0,true,false,6440,10000,minizinc,linear,0,5,false,
mzn-challenge,2015/freepizza/pizza39,false,985924.0,true,false,8263,10000,minizinc,linear,0,5,false,
mzn-challenge,2015/freepizza/pizza45,false,630072.0,true,false,4178,10000,minizinc,linear,0,5,false,
mzn-challenge,2015/freepizza/pizza6,false,210.0,true,true,160,10000,minizinc,linear,0,5,false,
mzn-challenge,2015/freepizza/pizza78,false,925559.0,true,false,9077,10000,minizinc,linear,0,5,false,
mzn-challenge,2015/gfd-schedule/n120f5d50m50k20,false,1.0,true,true,3237,10000,minizinc,global,2,2,false,
mzn-challenge,2015/gfd-schedule/n180f7d50m30k18,false,,,false,10000,10000,minizinc,global,2,2,false,
mzn-challenge,2015/gfd-schedule/n30f3d30m7k4,false,1.0,true,true,177,10000,minizinc,global,2,2,false,
mzn-challenge,2015/gfd-schedule/n50f7d40m10k4,false,1.0,true,true,1071,10000,minizinc,global,2,2,false,
mzn-challenge,2015/gfd-schedule/n75f5d30m20k20,false,1.0,true,true,2874,10000,minizinc,global,2,2,false,
mzn-challenge,2015/grid-colouring/10_5,false,3.0,true,true,1455,10000,minizinc,arithmetic,0,0,false,
mzn-challenge,2015/grid-colouring/13_11,false,4.0,true,false,414,10000,minizinc,arithmetic,0,0,false,
mzn-challenge,2015/grid-colouring/19_17,false,6.0,true,false,1443,10000,minizinc,arithmetic,0,0,false,
mzn-challenge,2015/grid-colouring/4_11,false,3.0,true,true,114,10000,minizinc,arithmetic,0,0,false,
mzn-challenge,2015/grid-colouring/4_8,false,3.0,true,true,113,10000,minizinc,arithmetic,0,0,false,
mzn-challenge,2015/is/1YHXeG1xYs,false,67200.0,true,true,299,10000,minizinc,global,6,6,false,
mzn-challenge,2015/is/A3PZaPjnUz,false,103936.0,true,true,63,10000,minizinc,global,6,6,false,
mzn-challenge,2015/is/HgSWGJHxY5,false,102176.0,true,true,129,10000,minizinc,global,6,6,false,
mzn-challenge,2015/is/jZ9pQqRxJ2,false,210944.0,true,true,14,10000,minizinc,global,6,6,false,
mzn-challenge,2015/is/y21PnVA2Hj,false,99968.0,true,true,255,10000,minizinc,global,6,6,false,
mzn-challenge,2015/largescheduling/instance-0100-1,false,232928.0,true,false,169,10000,minizinc,global,3,1,false,
mzn-challenge,2015/largescheduling/instance-0400-2,false,821205.0,true,false,220,10000,minizinc,global,3,1,false,
mzn-challenge,2015/largescheduling/instance-0800-1,false,1628768.0,true,false,342,10000,minizinc,global,3,1,false,
mzn-challenge,2015/largescheduling/instance-1600-2,false,3408025.0,true,false,795,10000,minizinc,global,3,1,false,
mzn-challenge,2015/largescheduling/instance-3200-3,false,6808205.0,true,false,3068,10000,minizinc,global,3,1,false,
mzn-challenge,2015/mapping/full2x2,false,793.0,true,true,89,10000,minizinc,global,4,3,false,
mzn-challenge,2015/mapping/mesh2x2_mpeg,false,515.0,true,true,1562,10000,minizinc,global,4,3,false,
mzn-challenge,2015/mapping/mesh3x3_2,false,900.0,true,true,1689,10000,minizinc,global,4,3,false,
mzn-challenge,2015/mapping/mesh3x3_mpeg_2,false,905.0,true,false,433,10000,minizinc,global,4,3,false,
mzn-challenge,2015/mapping/ring_2,false,1940.0,true,true,787,10000,minizinc,global,4,3,false,
mzn-challenge,2015/multi-knapsack/mknap1-6,true,16537.0,true,true,43,10000,minizinc,global,2,2,false,
mzn-challenge,2015/multi-knapsack/mknap2-1,true,7772.0,true,true,86,10000,minizinc,global,2,2,false,
mzn-challenge,2015/multi-knapsack/mknap2-2,true,8722.0,true,true,86,10000,minizinc,global,2,2,false,
mzn-challenge,2015/multi-knapsack/mknap2-20,true,6339.0,true,true,34,10000,minizinc,global,2,2,false,
mzn-challenge,2015/multi-knapsack/mknap2-32,true,8947.0,true,true,33,10000,minizinc,global,2,2,false,
mzn-challenge,2015/nmseq/176,false,,,false,10000,10000,minizinc,linear,0,1,false,
mzn-challenge,2015/nmseq/207,false,,,false,10000,10000,minizinc,linear,0,1,false,
mzn-challenge,2015/nmseq/269,false,,,false,10000,10000,minizinc,linear,0,1,false,
mzn-challenge,2015/nmseq/393,false,,,false,10000,10000,minizinc,linear,0,1,false,
mzn-challenge,2015/nmseq/83,false,,true,false,1975,10000,minizinc,linear,0,1,false,
mzn-challenge,2015/opd/flener_et_al_10_350_100,false,59.0,true,false,3271,10000,minizinc,linear,0,2,false,
mzn-challenge,2015/opd/medium_10_100_30,false,10.0,true,false,796,10000,minizinc,linear,0,2,false,
mzn-challenge,2015/opd/small_bibd_10_30_09,false,3.0,true,false,365,10000,minizinc,linear,0,2,false,
mzn-challenge,2015/opd/small_bibd_11_22_10,false,5.0,true,false,349,10000,minizinc,linear,0,2,false,
mzn-challenge,2015/opd/small_bibd_13_26_06,false,2.0,true,false,487,10000,minizinc,linear,0,2,false,
mzn-challenge,2015/open_stacks/problem_20_20_1,false,11.0,true,false,543,10000,minizinc,global,1,2,false,
mzn-challenge,2015/open_stacks/problem_30_15_1,false,14.0,true,false,540,10000,minizinc,global,1,2,false,
mzn-challenge,2015/open_stacks/wbo_10_20_1,false,5.0,true,false,332,10000,minizinc,global,1,2,false,
mzn-challenge,2015/open_stacks/wbop_15_30_1,false,6.0,true,false,820,10000,minizinc,global,1,2,false,
mzn-challenge,2015/open_stacks/wbp_20_20_1,false,4.0,true,true,747,10000,minizinc,global,1,2,false,
mzn-challenge,2015/p1f/12,false,,,false,10000,10000,minizinc,global,13,3,false,
mzn-challenge,2015/p1f/13,false,,,false,10000,10000,minizinc,global,13,3,false,
mzn-challenge,2015/p1f/14,false,1008.0,true,false,5351,10000,minizinc,global,13,3,false,
mzn-challenge,2015/p1f/15,false,,,false,10000,10000,minizinc,global,13,3,false,
mzn-challenge,2015/p1f/17,false,,,false,10000,10000,minizinc,global,13,3,false,
mzn-challenge,2015/project-planning,false,17.0,true,true,736,10000,minizinc,global,24,0,false,
mzn-challenge,2015/radiation/i14-9,false,6514.0,true,false,685,10000,minizinc,linear,0,6,false,
mzn-challenge,2015/radiation/i6-11,false,895.0,true,true,606,10000,minizinc,linear,0,6,false,
mzn-challenge,2015/radiation/i6-21,false,1413.0,true,true,4252,10000,minizinc,linear,0,6,false,
mzn-challenge,2015/radiation/i7-9,false,1007.0,true,true,458,10000,minizinc,linear,0,6,false,
mzn-challenge,2015/radiation/i9-11,false,2141.0,true,true,5019,10000,minizinc,linear,0,6,false,
mzn-challenge,2015/roster/chicroster_dataset_11,false,17.0,true,true,102,10000,minizinc,linear,0,2,false,
mzn-challenge,2015/roster/chicroster_dataset_17,false,17.0,true,true,67,10000,minizinc,linear,0,2,false,
mzn-challenge,2015/roster/chicroster_dataset_2,false,0.0,true,true,17,10000,minizinc,linear,0,2,false,
mzn-challenge,2015/roster/chicroster_dataset_5,false,6.0,true,true,28,10000,minizinc,linear,0,2,false,
mzn-challenge,2015/roster/chicroster_dataset_7,false,0.0,true,true,28,10000,minizinc,linear,0,2,false,
mzn-challenge,2015/spot5/1401,false,461106.0,true,false,829,10000,minizinc,global,3,3,false,
mzn-challenge,2015/spot5/28,false,270105.0,true,true,438,10000,minizinc,global,3,3,false,
mzn-challenge,2015/spot5/414,false,38478.0,true,true,807,10000,minizinc,global,3,3,false,
mzn-challenge,2015/spot5/503,false,11113.0,true,true,268,10000,minizinc,global,3,3,false,
mzn-challenge,2015/spot5/54,false,37.0,true,true,18,10000,minizinc,global,3,3,false,
mzn-challenge,2015/tdtsp/inst_10_24_10,false,,,false,10000,10000,minizinc,global,3,4,false,
mzn-challenge,2015/tdtsp/inst_10_34_00,false,11751.0,true,false,9848,10000,minizinc,global,3,4,false,
mzn-challenge,2015/tdtsp/inst_10_42_10,false,,,false,10000,10000,minizinc,global,3,4,false,
mzn-challenge,2015/tdtsp/inst_20_14_10,false,,,false,10000,10000,minizinc,global,3,4,false,
mzn-challenge,2015/tdtsp/inst_20_25_00,false,,,false,10000,10000,minizinc,global,3,4,false,
mzn-challenge,2015/triangular/n10,true,20.0,true,false,103,10000,minizinc,global,1,1,false,
mzn-challenge,2015/triangular/n16,true,36.0,true,false,221,10000,minizinc,global,1,1,false,
mzn-challenge,2015/triangular/n22,true,52.0,true,false,577,10000,minizinc,global,1,1,false,
mzn-challenge,2015/triangular/n28,true,69.0,true,false,1524,10000,minizinc,global,1,1,false,
mzn-challenge,2015/triangular/n37,true,99.0,true,false,4384,10000,minizinc,global,1,1,false,
mzn-challenge,2015/zephyrus,false,66.0,true,true,24,10000,minizinc,arithmetic,0,0,false,
mzn-challenge,2016/carpet-cutting/mzn_rnd_test.02,false,919.0,true,true,92,10000,minizinc,global,3,10,false,
mzn-challenge,2016/carpet-cutting/mzn_rnd_test.06,false,2611.0,true,false,533,10000,minizinc,global,3,10,false,
mzn-challenge,2016/carpet-cutting/mzn_rnd_test.11,false,963.0,true,true,86,10000,minizinc,global,3,10,false,
mzn-challenge,2016/carpet-cutting/mzn_rnd_test.13,false,663.0,true,false,186,10000,minizinc,global,3,10,false,
mzn-challenge,2016/carpet-cutting/mzn_rnd_test.20,false,3920.0,true,false,1105,10000,minizinc,global,3,10,false,
mzn-challenge,2016/celar/CELAR6-SUB0,false,159.0,true,true,240,10000,minizinc,linear,0,3,false,
mzn-challenge,2016/celar/CELAR6-SUB4,false,3230.0,true,false,512,10000,minizinc,linear,0,3,false,
mzn-challenge,2016/celar/CELAR7-SUB4,false,242443.0,true,false,515,10000,minizinc,linear,0,3,false,
mzn-challenge,2016/celar/graph05,false,221.0,true,true,4760,10000,minizinc,linear,0,3,false,
mzn-challenge,2016/celar/scen07,false,1.4138576E7,true,false,2283,10000,minizinc,linear,0,3,false,
mzn-challenge,2016/cryptanalysis/kb128_n5_obj11,false,,,false,10000,10000,minizinc,global,1,11,false,
mzn-challenge,2016/cryptanalysis/kb128_n5_obj14,false,,,false,10000,10000,minizinc,global,1,11,false,
mzn-challenge,2016/cryptanalysis/kb128_n5_obj16,false,,,false,10000,10000,minizinc,global,1,11,false,
mzn-challenge,2016/cryptanalysis/kb128_n5_obj17,false,,,false,10000,10000,minizinc,global,1,11,false,
mzn-challenge,2016/cryptanalysis/kb192_n7_obj10,false,,,false,10000,10000,minizinc,global,1,11,false,
mzn-challenge,2016/depot-placement/att48_6,false,13995.0,true,false,1644,10000,minizinc,global,6,3,false,
mzn-challenge,2016/depot-placement/rat99_5,false,107.0,true,true,804,10000,minizinc,global,6,3,false,
mzn-challenge,2016/depot-placement/rat99_6,false,114.0,true,true,1808,10000,minizinc,global,6,3,false,
mzn-challenge,2016/depot-placement/st70_5,false,191.0,true,true,1350,10000,minizinc,global,6,3,false,
mzn-challenge,2016/depot-placement/ulysses22_5,false,4331.0,true,true,826,10000,minizinc,global,6,3,false,
mzn-challenge,2016/diameterc-mst/c_v15_a105_d7,false,303.0,true,true,599,10000,minizinc,global,1,3,false,
mzn-challenge,2016/diameterc-mst/c_v20_a190_d5,false,414.0,true,false,742,10000,minizinc,global,1,3,false,
mzn-challenge,2016/diameterc-mst/s_v20_a50_d4,false,442.0,true,true,935,10000,minizinc,global,1,3,false,
mzn-challenge,2016/diameterc-mst/s_v20_a50_d5,false,381.0,true,true,6643,10000,minizinc,global,1,3,false,
mzn-challenge,2016/diameterc-mst/s_v40_a100_d5,false,729.0,true,false,569,10000,minizinc,global,1,3,false,
mzn-challenge,2016/elitserien/handball17,false,6.0,true,false,3465,10000,minizinc,global,13,9,false,
mzn-challenge,2016/elitserien/handball20,false,5.0,true,false,3498,10000,minizinc,global,13,9,false,
mzn-challenge,2016/elitserien/handball3,false,6.0,true,false,2757,10000,minizinc,global,13,9,false,
mzn-challenge,2016/elitserien/handball5,false,6.0,true,false,2610,10000,minizinc,global,13,9,false,
mzn-challenge,2016/elitserien/handball7,false,2.0,true,false,2687,10000,minizinc,global,13,9,false,
mzn-challenge,2016/filters/ar_1_3,false,16.0,true,true,76,10000,minizinc,global,3,0,false,
mzn-challenge,2016/filters/dct_1_3,false,32.0,true,true,72,10000,minizinc,global,3,0,false,
mzn-challenge,2016/filters/ewf_1_2,false,28.0,true,true,75,10000,minizinc,global,3,0,false,
mzn-challenge,2016/filters/fir_1_3,false,15.0,true,true,79,10000,minizinc,global,3,0,false,
mzn-challenge,2016/filters/fir_1_4,false,15.0,true,true,84,10000,minizinc,global,3,0,false,
mzn-challenge,2016/gbac/UD3-gbac,false,994.0,true,false,1547,10000,minizinc,linear,0,4,false,
mzn-challenge,2016/gbac/UD5-gbac,false,419.0,true,false,956,10000,minizinc,linear,0,4,false,
mzn-challenge,2016/gbac/reduced_UD10-gbac,false,1016.0,true,false,330,10000,minizinc,linear,0,4,false,
mzn-challenge,2016/gbac/reduced_UD3-gbac,false,1466.0,true,false,552,10000,minizinc,linear,0,4,false,
mzn-challenge,2016/gbac/reduced_UD6-gbac,false,225.0,true,true,4611,10000,minizinc,linear,0,4,false,
mzn-challenge,2016/gfd-schedule/n180f7d50m30k18,false,47.0,true,true,9622,10000,minizinc,global,4,2,false,
mzn-challenge,2016/gfd-schedule/n25f5d20m10k3,false,5.0,true,true,161,10000,minizinc,global,4,2,false,
mzn-challenge,2016/gfd-schedule/n35f5d20m10k3,false,7.0,true,true,241,10000,minizinc,global,4,2,false,
mzn-challenge,2016/gfd-schedule/n55f2d50m30k3,false,6.0,true,true,574,10000,minizinc,global,4,2,false,
mzn-challenge,2016/gfd-schedule/n60f7d50m30k10,false,18.0,true,true,727,10000,minizinc,global,4,2,false,
mzn-challenge,2016/java-auto-gen,false,3.0,true,true,435,10000,minizinc,global,1,0,false,
mzn-challenge,2016/mapping/mesh2x2_1,false,1000.0,true,true,181,10000,minizinc,global,4,3,false,
mzn-challenge,2016/mapping/mesh2x2_mp3,false,1102.0,true,true,357,10000,minizinc,global,4,3,false,
mzn-challenge,2016/mapping/mesh3x3_mp3,false,933.0,true,true,4755,10000,minizinc,global,4,3,false,
mzn-challenge,2016/mapping/mesh4x4_1,false,679.0,true,true,9117,10000,minizinc,global,4,3,false,
mzn-challenge,2016/mapping/ring_1,false,1685.0,true,true,1072,10000,minizinc,global,4,3,false,
mzn-challenge,2016/maximum-dag/25_01,true,71.0,true,true,26,10000,minizinc,linear,0,1,false,
mzn-challenge,2016/maximum-dag/25_03,true,77.0,true,true,123,10000,minizinc,linear,0,1,false,
mzn-challenge,2016/maximum-dag/25_04,true,70.0,true,true,31,10000,minizinc,linear,0,1,false,
mzn-challenge,2016/maximum-dag/25_06,true,80.0,true,true,61,10000,minizinc,linear,0,1,false,
mzn-challenge,2016/maximum-dag/31_02,true,89.0,true,true,74,10000,minizinc,linear,0,1,false,
mzn-challenge,2016/mrcpsp/j30_15_5,false,24.0,true,true,360,10000,minizinc,global,5,4,false,
mzn-challenge,2016/mrcpsp/j30_17_10,false,26.0,true,true,137,10000,minizinc,global,5,4,false,
mzn-challenge,2016/mrcpsp/j30_1_10,false,,,false,10000,10000,minizinc,global,5,4,false,
mzn-challenge,2016/mrcpsp/j30_37_4,false,54.0,true,false,213,10000,minizinc,global,5,4,false,
mzn-challenge,2016/mrcpsp/j30_53_3,false,34.0,true,true,734,10000,minizinc,global,5,4,false,
mzn-challenge,2016/nfc/12_2_10,false,848.0,true,true,2,10000,minizinc,global,1,1,false,
mzn-challenge,2016/nfc/12_2_5,false,1074.0,true,true,2,10000,minizinc,global,1,1,false,
mzn-challenge,2016/nfc/18_3_10,false,1452.0,true,true,2,10000,minizinc,global,1,1,false,
mzn-challenge,2016/nfc/18_3_5,false,1338.0,true,true,6,10000,minizinc,global,1,1,false,
mzn-challenge,2016/nfc/24_4_10,false,1912.0,true,true,70,10000,minizinc,global,1,1,false,
mzn-challenge,2016/oocsp_racks/oocsp_racks_030_e6_cc,false,,true,false,2256,10000,minizinc,global,11,1,false,
mzn-challenge,2016/oocsp_racks/oocsp_racks_030_ea4_cc,false,,true,false,4649,10000,minizinc,global,11,1,false,
mzn-challenge,2016/oocsp_racks/oocsp_racks_030_f7_cc,false,,,false,10000,10000,minizinc,global,11,1,false,
mzn-challenge,2016/oocsp_racks/oocsp_racks_030_mii8,false,,true,false,3608,10000,minizinc,global,11,1,false,
mzn-challenge,2016/oocsp_racks/oocsp_racks_100_r1,false,,,false,10000,10000,minizinc,global,11,1,false,
mzn-challenge,2016/prize-collecting/28-4-7-1,true,65.0,true,true,334,10000,minizinc,linear,0,3,false,
mzn-challenge,2016/prize-collecting/30-5-6-2,true,99.0,true,true,570,10000,minizinc,linear,0,3,false,
mzn-challenge,2016/prize-collecting/30-5-6-8,true,62.0,true,true,635,10000,minizinc,linear,0,3,false,
mzn-challenge,2016/prize-collecting/32-4-8-2,true,92.0,true,true,529,10000,minizinc,linear,0,3,false,
mzn-challenge,2016/prize-collecting/32-4-8-5,true,85.0,true,true,727,10000,minizinc,linear,0,3,false,
mzn-challenge,2016/rcpsp-wet/j30_27_5-wet,false,84.0,true,true,128,10000,minizinc,global,2,4,false,
mzn-challenge,2016/rcpsp-wet/j30_44_8-wet,false,97.0,true,true,124,10000,minizinc,global,2,4,false,
mzn-challenge,2016/rcpsp-wet/j60_36_8-wet,false,336.0,true,true,553,10000,minizinc,global,2,4,false,
mzn-challenge,2016/rcpsp-wet/j90_10_10-wet,false,428.0,true,true,7228,10000,minizinc,global,2,4,false,
mzn-challenge,2016/rcpsp-wet/j90_19_7-wet,false,460.0,true,true,848,10000,minizinc,global,2,4,false,
mzn-challenge,2016/solbat/sb_13_13_5_1,false,,true,false,2652,10000,minizinc,global,1,6,false,
mzn-challenge,2016/solbat/sb_13_13_5_5,false,,,false,10000,10000,minizinc,global,1,6,false,
mzn-challenge,2016/solbat/sb_15_15_6_0,false,,true,false,2286,10000,minizinc,global,1,6,false,
mzn-challenge,2016/solbat/sb_15_15_7_3,false,,true,false,2056,10000,minizinc,global,1,6,false,
mzn-challenge,2016/solbat/sb_15_15_7_5,false,,true,false,1690,10000,minizinc,global,1,6,false,
mzn-challenge,2016/tpp/tpp_4_5_20_1,false,115.0,true,true,354,10000,minizinc,global,3,6,false,
mzn-challenge,2016/tpp/tpp_5_3_30_1,false,173.0,true,true,314,10000,minizinc,global,3,6,false,
mzn-challenge,2016/tpp/tpp_6_3_20_1,false,131.0,true,true,517,10000,minizinc,global,3,6,false,
mzn-challenge,2016/tpp/tpp_7_3_20_1,false,125.0,true,true,380,10000,minizinc,global,3,6,false,
mzn-challenge,2016/tpp/tpp_7_3_30_1,false,147.0,true,true,564,10000,minizinc,global,3,6,false,
mzn-challenge,2016/zephyrus/12__6__8__3,false,1300.0,true,true,96,10000,minizinc,global,1,20,false,
mzn-challenge,2016/zephyrus/12__8__6__3,false,1300.0,true,true,95,10000,minizinc,global,1,20,false,
mzn-challenge,2016/zephyrus/14__10__8__3,false,2600.0,true,true,121,10000,minizinc,global,1,20,false,
mzn-challenge,2016/zephyrus/14__6__8__3,false,1170.0,true,true,134,10000,minizinc,global,1,20,false,
mzn-challenge,2016/zephyrus/14__8__6__3,false,1170.0,true,true,142,10000,minizinc,global,1,20,false,
mzn-challenge,2017/cargo/challenge01_0s_1913,false,0.0,true,true,3126,10000,minizinc,global,6,5,false,
mzn-challenge,2017/cargo/challenge02_0s_1139,false,25.0,true,true,2378,10000,minizinc,global,6,5,false,
mzn-challenge,2017/cargo/challenge06_1s_3927,false,16119.0,true,false,1498,10000,minizinc,global,6,5,false,
mzn-challenge,2017/cargo/challenge16_10720f_4243,false,177849.0,true,false,7844,10000,minizinc,global,6,5,false,
mzn-challenge,2017/cargo/challenge19_31058f_2548,false,134820.0,true,false,4898,10000,minizinc,global,6,5,false,
mzn-challenge,2017/city-position/city-5-05,false,2850.0,true,true,10028,10000,minizinc,linear,0,2,false,
mzn-challenge,2017/city-position/city-5-06,false,3493.0,true,false,136,10000,minizinc,linear,0,2,false,
mzn-challenge,2017/city-position/city-5-08,false,4964.0,true,false,139,10000,minizinc,linear,0,2,false,
mzn-challenge,2017/city-position/city-7-04,false,3424.0,true,false,150,10000,minizinc,linear,0,2,false,
mzn-challenge,2017/city-position/city-8-06,false,12190.0,true,false,169,10000,minizinc,linear,0,2,false,
mzn-challenge,2017/community-detection/Sampson.s10.k3,true,8.0,true,false,710,10000,minizinc,global,1,4,false,
mzn-challenge,2017/community-detection/Strike.s2.k8,true,71.0,true,false,856,10000,minizinc,global,1,4,false,
mzn-challenge,2017/community-detection/Strike.s6.k5,true,55.0,true,false,242,10000,minizinc,global,1,4,false,
mzn-challenge,2017/community-detection/dolphin.s62.k3,true,61.0,true,false,386,10000,minizinc,global,1,4,false,
mzn-challenge,2017/community-detection/mexican.s26.k4,true,32.0,true,false,537,10000,minizinc,global,1,4,false,
mzn-challenge,2017/crosswords/grid-05.02_dict-55,true,,,false,10000,10000,minizinc,global,2,1,false,
mzn-challenge,2017/crosswords/grid-05.04_dict-80,true,,,false,10000,10000,minizinc,global,2,1,false,
mzn-challenge,2017/crosswords/grid-19.05_dict-80,true,,,false,10000,10000,minizinc,global,2,1,false,
mzn-challenge,2017/crosswords/grid-23.10_dict-35,true,,,false,10000,10000,minizinc,global,2,1,false,
mzn-challenge,2017/crosswords/grid-puzzle06_dict-55,true,52.0,true,false,9864,10000,minizinc,global,2,1,false,
mzn-challenge,2017/gbac/UD2-gbac,false,204.0,true,false,704,10000,minizinc,linear,0,4,false,
mzn-challenge,2017/gbac/UD4-gbac,false,396.0,true,true,4273,10000,minizinc,linear,0,4,false,
mzn-challenge,2017/gbac/UD5-gbac,false,419.0,true,false,956,10000,minizinc,linear,0,4,false,
mzn-challenge,2017/gbac/UD8-gbac,false,71.0,true,false,507,10000,minizinc,linear,0,4,false,
mzn-challenge,2017/gbac/reduced_UD4-gbac,false,949.0,true,true,1268,10000,minizinc,linear,0,4,false,
mzn-challenge,2017/groupsplitter/u12g1pref0,true,,,false,10000,10000,minizinc,global,10,4,false,
mzn-challenge,2017/groupsplitter/u12g1pref1,true,,,false,10000,10000,minizinc,global,10,4,false,
mzn-challenge,2017/groupsplitter/u15g3pref2,true,,,false,10000,10000,minizinc,global,10,4,false,
mzn-challenge,2017/groupsplitter/u5g1pref0,true,,,false,10000,10000,minizinc,global,10,4,false,
mzn-challenge,2017/groupsplitter/u6g3pref0,true,,,false,10000,10000,minizinc,global,10,4,false,
mzn-challenge,2017/hrc/exp1-1-5145,false,3.0,true,true,551,10000,minizinc,pseudo-boolean,0,14,true,
mzn-challenge,2017/hrc/exp1-1-5670,false,2.0,true,true,128,10000,minizinc,pseudo-boolean,0,14,true,
mzn-challenge,2017/hrc/exp1-1-945,false,11.0,true,true,131,10000,minizinc,pseudo-boolean,0,14,true,
mzn-challenge,2017/hrc/exp2-1-4795,false,5.0,true,true,563,10000,minizinc,pseudo-boolean,0,14,true,
mzn-challenge,2017/hrc/exp2-1-5180,false,5.0,true,true,1041,10000,minizinc,pseudo-boolean,0,14,true,
mzn-challenge,2017/jp-encoding/data1400,false,43626.0,true,true,4624,10000,minizinc,global,2,1,false,
mzn-challenge,2017/jp-encoding/data1900,false,60331.0,true,true,4829,10000,minizinc,global,2,1,false,
mzn-challenge,2017/jp-encoding/data200,false,7544.0,true,true,1607,10000,minizinc,global,2,1,false,
mzn-challenge,2017/jp-encoding/data300,false,11224.0,true,true,166,10000,minizinc,global,2,1,false,
mzn-challenge,2017/jp-encoding/data900,false,36003.0,true,true,3028,10000,minizinc,global,2,1,false,
mzn-challenge,2017/ma-path-finding/ins_g16_p10_a10,false,112.0,true,true,4551,10000,minizinc,global,2,5,false,
mzn-challenge,2017/ma-path-finding/ins_g16_p10_a20,false,,,false,10000,10000,minizinc,global,2,5,false,
mzn-challenge,2017/ma-path-finding/ins_g16_p20_a20,false,,,false,10000,10000,minizinc,global,2,5,false,
mzn-challenge,2017/ma-path-finding/ins_g16_p20_a40,false,,,false,10000,10000,minizinc,global,2,5,false,
mzn-challenge,2017/ma-path-finding/ins_g24_p10_a05,false,,,false,10000,10000,minizinc,global,2,5,false,
mzn-challenge,2017/mario/mario_medium_1,true,1481.0,true,true,251,10000,minizinc,global,2,2,false,
mzn-challenge,2017/mario/mario_medium_3,true,1618.0,true,true,277,10000,minizinc,global,2,2,false,
mzn-challenge,2017/mario/mario_medium_4,true,1190.0,true,true,1197,10000,minizinc,global,2,2,false,
mzn-challenge,2017/mario/mario_medium_5,true,1035.0,true,true,395,10000,minizinc,global,2,2,false,
mzn-challenge,2017/mario/mario_n_medium_1,true,1062.0,true,true,1062,10000,minizinc,global,2,2,false,
mzn-challenge,2017/opd/flener_et_al_15_350_100,false,84.0,true,false,6415,10000,minizinc,linear,0,2,false,
mzn-challenge,2017/opd/medium_13_250_80,false,38.0,true,false,3265,10000,minizinc,linear,0,2,false,
mzn-challenge,2017/opd/small_bibd_06_50_25,false,11.0,true,false,261,10000,minizinc,linear,0,2,false,
mzn-challenge,2017/opd/small_bibd_06_60_30,false,12.0,true,true,5067,10000,minizinc,linear,0,2,false,
mzn-challenge,2017/opd/small_bibd_08_28_14,false,7.0,true,false,261,10000,minizinc,linear,0,2,false,
mzn-challenge,2017/opt-cryptanalysis/r11,false,48.0,true,false,2721,10000,minizinc,global,1,1,false,
mzn-challenge,2017/opt-cryptanalysis/r15,false,,,false,10000,10000,minizinc,global,1,1,false,
mzn-challenge,2017/opt-cryptanalysis/r5,false,20.0,true,false,500,10000,minizinc,global,1,1,false,
mzn-challenge,2017/opt-cryptanalysis/r7,false,28.0,true,false,876,10000,minizinc,global,1,1,false,
mzn-challenge,2017/opt-cryptanalysis/r9,false,38.0,true,false,1391,10000,minizinc,global,1,1,false,
mzn-challenge,2017/rcpsp-wet/j30_1_3-wet,false,93.0,true,true,102,10000,minizinc,global,2,4,false,
mzn-challenge,2017/rcpsp-wet/j30_43_10-wet,false,121.0,true,true,299,10000,minizinc,global,2,4,false,
mzn-challenge,2017/rcpsp-wet/j60_19_6-wet,false,227.0,true,true,149,10000,minizinc,global,2,4,false,
mzn-challenge,2017/rcpsp-wet/j60_28_3-wet,false,266.0,true,true,334,10000,minizinc,global,2,4,false,
mzn-challenge,2017/rcpsp-wet/j90_48_4-wet,false,513.0,true,true,638,10000,minizinc,global,2,4,false,
mzn-challenge,2017/rel2onto/3_9,false,70802.0,true,true,248,10000,minizinc,global,3,10,true,
mzn-challenge,2017/rel2onto/5_17,false,152691.0,true,true,179,10000,minizinc,global,3,10,true,
mzn-challenge,2017/rel2onto/5_28,false,167732.0,true,true,545,10000,minizinc,global,3,10,true,
mzn-challenge,2017/rel2onto/5_5,false,161783.0,true,true,261,10000,minizinc,global,3,10,true,
mzn-challenge,2017/rel2onto/5_6,false,149034.0,true,true,726,10000,minizinc,global,3,10,true,
mzn-challenge,2017/road-cons/road_17,false,4017972.0,true,false,3722,10000,minizinc,linear,0,4,false,
mzn-challenge,2017/road-cons/road_18,false,20939.0,true,false,4733,10000,minizinc,linear,0,4,false,
mzn-challenge,2017/road-cons/road_25,false,,,false,10000,10000,minizinc,linear,0,4,false,
mzn-challenge,2017/road-cons/road_26,false,,,false,10000,10000,minizinc,linear,0,4,false,
mzn-challenge,2017/road-cons/road_33,false,,,false,10000,10000,minizinc,linear,0,4,false,
mzn-challenge,2017/routing-flexible,false,115729.0,true,true,498,10000,minizinc,global,1,8,false,
mzn-challenge,2017/steelmillslab/bench_13_0,false,,,false,10000,10000,minizinc,linear,0,2,false,
mzn-challenge,2017/steelmillslab/bench_14_1,false,86.0,true,false,9638,10000,minizinc,linear,0,2,false,
mzn-challenge,2017/steelmillslab/bench_15_11,false,,,false,10000,10000,minizinc,linear,0,2,false,
mzn-challenge,2017/steelmillslab/bench_16_10,false,,,false,10000,10000,minizinc,linear,0,2,false,
mzn-challenge,2017/steelmillslab/bench_19_5,false,,,false,10000,10000,minizinc,linear,0,2,false,
mzn-challenge,2017/tc-graph-color/k10_31,false,427.0,true,true,4123,10000,minizinc,global,1,2,false,
mzn-challenge,2017/tc-graph-color/k10_34,false,433.0,true,false,375,10000,minizinc,global,1,2,false,
mzn-challenge,2017/tc-graph-color/k2_42,false,,,false,10000,10000,minizinc,global,1,2,false,
mzn-challenge,2017/tc-graph-color/k5_05,false,273.0,true,true,3647,10000,minizinc,global,1,2,false,
mzn-challenge,2017/tc-graph-color/k9_39,false,481.0,true,false,437,10000,minizinc,global,1,2,false,
mzn-challenge,2017/tdtsp/inst_10_35_20,false,22825.0,true,false,9847,10000,minizinc,global,3,4,false,
mzn-challenge,2017/tdtsp/inst_10_42_00,false,,,false,10000,10000,minizinc,global,3,4,false,
mzn-challenge,2017/tdtsp/inst_10_58_20,false,,,false,10000,10000,minizinc,global,3,4,false,
mzn-challenge,2017/tdtsp/inst_20_26_00,false,,,false,10000,10000,minizinc,global,3,4,false,
mzn-challenge,2017/tdtsp/inst_20_36_10,false,,,false,10000,10000,minizinc,global,3,4,false,
mzn-challenge,2017/traveling-tppv/circ14anonbal,false,520.0,true,false,6086,10000,minizinc,global,3,2,false,
mzn-challenge,2017/traveling-tppv/circ20hnonbal,false,,,false,10000,10000,minizinc,global,3,2,false,
mzn-challenge,2017/traveling-tppv/circ20inonbal,false,,,false,10000,10000,minizinc,global,3,2,false,
mzn-challenge,2017/traveling-tppv/circ8abal,false,84.0,true,false,1371,10000,minizinc,global,3,2,false,
mzn-challenge,2017/traveling-tppv/circ8dbal,false,82.0,true,false,1356,10000,minizinc,global,3,2,false,
mzn-challenge,2018/cargo/challenge12_1422f_1644,false,44633.0,true,false,3345,10000,minizinc,global,6,5,false,
mzn-challenge,2018/cargo/challenge20_27613f_2435,false,124886.0,true,false,8003,10000,minizinc,global,6,5,false,
mzn-challenge,2018/cargo/challenge22,false,884.0,true,true,2762,10000,minizinc,global,6,5,false,
mzn-challenge,2018/cargo/challenge24,false,0.0,true,true,2025,10000,minizinc,global,6,5,false,
mzn-challenge,2018/cargo/challenge25,false,0.0,true,true,1062,10000,minizinc,global,6,5,false,
mzn-challenge,2018/concert-hall-cap/concert-cap.mznc2018.02,true,48278.0,true,true,99,10000,minizinc,global,1,3,false,
mzn-challenge,2018/concert-hall-cap/concert-cap.mznc2018.03,true,28774.0,true,true,114,10000,minizinc,global,1,3,false,
mzn-challenge,2018/concert-hall-cap/concert-cap.mznc2018.06,true,31985.0,true,true,215,10000,minizinc,global,1,3,false,
mzn-challenge,2018/concert-hall-cap/concert-cap.mznc2018.148,true,38112.0,true,true,22,10000,minizinc,global,1,3,false,
mzn-challenge,2018/concert-hall-cap/concert-cap.mznc2018.318,true,47275.0,true,true,170,10000,minizinc,global,1,3,false,
mzn-challenge,2018/elitserien/handball1,false,2.0,true,true,2659,10000,minizinc,global,13,9,false,
mzn-challenge,2018/elitserien/handball15,false,8.0,true,false,3465,10000,minizinc,global,13,9,false,
mzn-challenge,2018/elitserien/handball16,false,7.0,true,false,3481,10000,minizinc,global,13,9,false,
mzn-challenge,2018/elitserien/handball18,false,9.0,true,false,3351,10000,minizinc,global,13,9,false,
mzn-challenge,2018/elitserien/handball6,false,5.0,true,false,3466,10000,minizinc,global,13,9,false,
mzn-challenge,2018/gfd-schedule/n100f7d50m20k10,false,14.0,true,true,2527,10000,minizinc,global,4,2,false,
mzn-challenge,2018/gfd-schedule/n200f5d50m40k6,false,17.0,true,true,8796,10000,minizinc,global,4,2,false,
mzn-challenge,2018/gfd-schedule/n65f2d50m20k10,false,19.0,true,true,730,10000,minizinc,global,4,2,false,
mzn-challenge,2018/gfd-schedule/n80f7d30m7k7,false,19.0,true,false,981,10000,minizinc,global,4,2,false,
mzn-challenge,2018/gfd-schedule/n90f5d40m30k6,false,11.0,true,true,1296,10000,minizinc,global,4,2,false,
mzn-challenge,2018/largescheduling/instance-0100-4,false,224440.0,true,false,175,10000,minizinc,global,3,1,false,
mzn-challenge,2018/largescheduling/instance-0400-4,false,790058.0,true,false,219,10000,minizinc,global,3,1,false,
mzn-challenge,2018/largescheduling/instance-0800-4,false,1713532.0,true,false,342,10000,minizinc,global,3,1,false,
mzn-challenge,2018/largescheduling/instance-1600-4,false,3381285.0,true,false,819,10000,minizinc,global,3,1,false,
mzn-challenge,2018/largescheduling/instance-3200-4,false,6820281.0,true,false,2978,10000,minizinc,global,3,1,false,
mzn-challenge,2018/mapping/full2x2_mp3,false,1100.0,true,true,873,10000,minizinc,global,4,3,false,
mzn-challenge,2018/mapping/mesh3x3_mp3_2,false,933.0,true,true,3855,10000,minizinc,global,4,3,false,
mzn-challenge,2018/mapping/mesh3x3_mpeg,false,587.0,true,false,1133,10000,minizinc,global,4,3,false,
mzn-challenge,2018/mapping/mesh_star_2,false,706.0,true,false,413,10000,minizinc,global,4,3,false,
mzn-challenge,2018/mapping/ring_mp3,false,1212.0,true,true,7492,10000,minizinc,global,4,3,false,
mzn-challenge,2018/neighbours/neighbours1,true,63.0,true,true,4985,10000,minizinc,global,5,2,false,
mzn-challenge,2018/neighbours/neighbours3,true,71.0,true,true,5707,10000,minizinc,global,5,2,false,
mzn-challenge,2018/neighbours/neighbours5,true,147.0,true,false,300,10000,minizinc,global,5,2,false,
mzn-challenge,2018/neighbours/neighbours7,true,93.0,true,false,232,10000,minizinc,global,5,2,false,
mzn-challenge,2018/neighbours/neighbours9,true,93.0,true,false,182,10000,minizinc,global,5,2,false,
mzn-challenge,2018/on-call-rostering/10s-100d-C,false,47.0,true,true,109,10000,minizinc,global,4,2,false,
mzn-challenge,2018/on-call-rostering/20s-100d-B,false,15.0,true,true,7641,10000,minizinc,global,4,2,false,
mzn-challenge,2018/on-call-rostering/2s-200d,false,63.0,true,true,5,10000,minizinc,global,4,2,false,
mzn-challenge,2018/on-call-rostering/30s-400d-A,false,,,false,10000,10000,minizinc,global,4,2,false,
mzn-challenge,2018/on-call-rostering/4s-100d,false,2.0,true,true,891,10000,minizinc,global,4,2,false,
mzn-challenge,2018/oocsp_racks/oocsp_racks_030_f7,false,,,false,10000,10000,minizinc,global,11,1,false,
mzn-challenge,2018/oocsp_racks/oocsp_racks_030_mii8_cc,false,,true,false,6214,10000,minizinc,global,11,1,false,
mzn-challenge,2018/oocsp_racks/oocsp_racks_050_e5,false,,true,false,6748,10000,minizinc,global,11,1,false,
mzn-challenge,2018/oocsp_racks/oocsp_racks_050_r1,false,,,false,10000,10000,minizinc,global,11,1,false,
mzn-challenge,2018/oocsp_racks/oocsp_racks_100_r1_cc,false,,,false,10000,10000,minizinc,global,11,1,false,
mzn-challenge,2018/opt-cryptanalysis/r10,false,46.0,true,false,2064,10000,minizinc,global,1,1,false,
mzn-challenge,2018/opt-cryptanalysis/r12,false,52.0,true,false,2618,10000,minizinc,global,1,1,false,
mzn-challenge,2018/opt-cryptanalysis/r14,false,,,false,10000,10000,minizinc,global,1,1,false,
mzn-challenge,2018/opt-cryptanalysis/r6,false,24.0,true,false,735,10000,minizinc,global,1,1,false,
mzn-challenge,2018/opt-cryptanalysis/r8,false,32.0,true,false,1238,10000,minizinc,global,1,1,false,
mzn-challenge,2018/proteindesign12/1CM1.17p.19aa.usingEref_self,false,,,false,10000,10000,minizinc,global,3,2,false,
mzn-challenge,2018/proteindesign12/1HZ5.12p.9aa.usingEref_self_x,false,,,false,10000,10000,minizinc,global,3,2,false,
mzn-challenge,2018/proteindesign12/1PGB.11p.9aa.usingEref_self_x,false,4151.0,true,false,8816,10000,minizinc,global,3,2,false,
mzn-challenge,2018/proteindesign12/2DHC.14p.19aa.usingEref_self,false,,,false,10000,10000,minizinc,global,3,2,false,
mzn-challenge,2018/proteindesign12/2PCY.18p.8aa.usingEref_self,false,3002.0,true,false,9308,10000,minizinc,global,3,2,false,
mzn-challenge,2018/racp/j30_13_6_1.25,false,401.0,true,false,153,10000,minizinc,global,3,9,false,
mzn-challenge,2018/racp/j30_14_7_1.25,false,513.0,true,false,164,10000,minizinc,global,3,9,false,
mzn-challenge,2018/racp/j30_26_2_1.0,false,704.0,true,true,117,10000,minizinc,global,3,9,false,
mzn-challenge,2018/racp/j60_14_7_1.25,false,845.0,true,false,349,10000,minizinc,global,3,9,false,
mzn-challenge,2018/racp/j60_29_10_1.0,false,1090.0,true,false,395,10000,minizinc,global,3,9,false,
mzn-challenge,2018/rotating-workforce/Example1014,false,,,false,10000,10000,minizinc,global,5,14,false,
mzn-challenge,2018/rotating-workforce/Example103,false,,true,false,2097,10000,minizinc,global,5,14,false,
mzn-challenge,2018/rotating-workforce/Example1479,false,,true,false,6472,10000,minizinc,global,5,14,false,
mzn-challenge,2018/rotating-workforce/Example1780,false,,,false,10000,10000,minizinc,global,5,14,false,
mzn-challenge,2018/rotating-workforce/Example593,false,,,false,10000,10000,minizinc,global,5,14,false,
mzn-challenge,2018/seat-moving/sm-10-12-00,false,376.0,true,true,7984,10000,minizinc,global,2,2,false,
mzn-challenge,2018/seat-moving/sm-10-20-05,false,90.0,true,true,113,10000,minizinc,global,2,2,false,
mzn-challenge,2018/seat-moving/sm-15-12-00,false,770.0,true,false,3551,10000,minizinc,global,2,2,false,
mzn-challenge,2018/seat-moving/sm-15-20-00,false,141.0,true,true,1402,10000,minizinc,global,2,2,false,
mzn-challenge,2018/seat-moving/sm-20-20-00,false,186.0,true,true,1047,10000,minizinc,global,2,2,false,
mzn-challenge,2018/soccer-computational/xIGData_22_12_22_5,false,,true,false,1306,10000,minizinc,global,2,11,false,
mzn-challenge,2018/soccer-computational/xIGData_22_17_16_1,false,,true,false,1387,10000,minizinc,global,2,11,false,
mzn-challenge,2018/soccer-computational/xIGData_24_16_14_2,false,,true,false,8288,10000,minizinc,global,2,11,false,
mzn-challenge,2018/soccer-computational/xIGData_26_16_20_4,false,,,false,10000,10000,minizinc,global,2,11,false,
mzn-challenge,2018/soccer-computational/xIGData_28_23_9_2,false,,,false,10000,10000,minizinc,global,2,11,false,
mzn-challenge,2018/steiner-tree/es10fst03.stp,false,2.6003678E7,true,true,90,10000,minizinc,pseudo-boolean,0,8,true,
mzn-challenge,2018/steiner-tree/es10fst10.stp,false,2.3936095E7,true,true,86,10000,minizinc,pseudo-boolean,0,8,true,
mzn-challenge,2018/steiner-tree/es20fst08.stp,false,3.8553384E7,true,false,508,10000,minizinc,pseudo-boolean,0,8,true,
mzn-challenge,2018/steiner-tree/es20fst09.stp,false,3.6739939E7,true,true,482,10000,minizinc,pseudo-boolean,0,8,true,
mzn-challenge,2018/steiner-tree/es20fst14.stp,false,3.4062374E7,true,true,632,10000,minizinc,pseudo-boolean,0,8,true,
mzn-challenge,2018/team-assignment/data1_6_24,true,74814.0,true,false,990,10000,minizinc,global,2,2,false,
mzn-challenge,2018/team-assignment/data2_4_15,true,9892.0,true,true,374,10000,minizinc,global,2,2,false,
mzn-challenge,2018/team-assignment/data2_5_6,true,974.0,true,true,32,10000,minizinc,global,2,2,false,
mzn-challenge,2018/team-assignment/data2_6_12,true,17946.0,true,true,3251,10000,minizinc,global,2,2,false,
mzn-challenge,2018/team-assignment/data3_6_28,true,62612.0,true,false,1596,10000,minizinc,global,2,2,false,
mzn-challenge,2018/test-scheduling/t100m10r3-2,false,7082.0,true,true,3169,10000,minizinc,global,3,2,false,
mzn-challenge,2018/test-scheduling/t30m10r10-5,false,2785.0,true,true,38,10000,minizinc,global,3,2,false,
mzn-challenge,2018/test-scheduling/t30m10r3-15,false,4149.0,true,true,369,10000,minizinc,global,3,2,false,
mzn-challenge,2018/test-scheduling/t500m100r10-13,false,,,false,10000,10000,minizinc,global,3,2,false,
mzn-challenge,2018/test-scheduling/t50m10r5-6,false,3781.0,true,true,921,10000,minizinc,global,3,2,false,
mzn-challenge,2018/train/instance.10,false,77110.0,true,false,163,10000,minizinc,global,1,3,false,
mzn-challenge,2018/train/instance.16,false,93925.0,true,true,1040,10000,minizinc,global,1,3,false,
mzn-challenge,2018/train/instance.17,false,37780.0,true,true,7955,10000,minizinc,global,1,3,false,
mzn-challenge,2018/train/instance.4,false,73470.0,true,false,171,10000,minizinc,global,1,3,false,
mzn-challenge,2018/train/instance.5,false,75410.0,true,false,167,10000,minizinc,global,1,3,false,
mzn-challenge,2018/vrplc/vrplc11_5_15_s3,false,332.0,true,false,1186,10000,minizinc,global,6,1,false,
mzn-challenge,2018/vrplc/vrplc13_11_15_s3,false,434.0,true,false,2557,10000,minizinc,global,6,1,false,
mzn-challenge,2018/vrplc/vrplc9_5_10_s1,false,351.0,true,true,4229,10000,minizinc,global,6,1,false,
mzn-challenge,2018/vrplc/vrplc9_5_10_s3,false,329.0,true,false,1565,10000,minizinc,global,6,1,false,
mzn-challenge,2018/vrplc/vrplc9_5_15_s3,false,411.0,true,false,1340,10000,minizinc,global,6,1,false,
mzn-challenge,2019/accap/accap_instance3,false,89.0,true,false,96,10000,minizinc,global,4,5,false,
mzn-challenge,2019/accap/accap_instance5,false,118.0,true,false,102,10000,minizinc,global,4,5,false,
mzn-challenge,2019/accap/accap_instance6,false,82.0,true,false,156,10000,minizinc,global,4,5,false,
mzn-challenge,2019/accap/accap_instance8,false,2363.0,true,false,488,10000,minizinc,global,4,5,false,
mzn-challenge,2019/accap/accap_instance9,false,1858.0,true,false,587,10000,minizinc,global,4,5,false,
mzn-challenge,2019/amaze/2012-03-19,false,,true,false,305,10000,minizinc,global,4,2,false,
mzn-challenge,2019/amaze/2012-03-29,false,,true,false,110,10000,minizinc,global,4,2,false,
mzn-challenge,2019/amaze/2012-07-13,false,,true,false,338,10000,minizinc,global,4,2,false,
mzn-challenge,2019/amaze/2012-07-27,false,,true,false,415,10000,minizinc,global,4,2,false,
mzn-challenge,2019/amaze/mod2012-03-29,false,,true,false,584,10000,minizinc,global,4,2,false,
mzn-challenge,2019/code-generator/mips_gcc.cfgrtl.update_br_prob_note,false,,,false,10000,10000,minizinc,global,17,6,false,
mzn-challenge,2019/code-generator/mips_gcc.function.use_return_register,false,,,false,10000,10000,minizinc,global,17,6,false,
mzn-challenge,2019/code-generator/mips_gobmk.helpers.dragon_weak,false,,,false,10000,10000,minizinc,global,17,6,false,
mzn-challenge,2019/code-generator/mips_gobmk.patterns.autohelperpat1114,false,,,false,10000,10000,minizinc,global,17,6,false,
mzn-challenge,2019/code-generator/mips_mesa.shapes.auxWireBox,false,,,false,10000,10000,minizinc,global,17,6,false,
mzn-challenge,2019/fox-geese-corn/fgc_06_07_08_00,true,148.0,true,false,167,10000,minizinc,arithmetic,0,0,false,
mzn-challenge,2019/fox-geese-corn/fgc_50_50_50_00,true,786.0,true,false,295,10000,minizinc,arithmetic,0,0,false,
mzn-challenge,2019/fox-geese-corn/foxgeesecorn_13,true,27.0,true,false,268,10000,minizinc,arithmetic,0,0,false,
mzn-challenge,2019/fox-geese-corn/foxgeesecorn_54,true,1962.0,true,true,340,10000,minizinc,arithmetic,0,0,false,
mzn-challenge,2019/fox-geese-corn/foxgeesecorn_60,true,24.0,true,false,183,10000,minizinc,arithmetic,0,0,false,
mzn-challenge,2019/groupsplitter/u12g2pref1,true,,,false,10000,10000,minizinc,global,10,4,false,
mzn-challenge,2019/groupsplitter/u15g5pref0,true,,,false,10000,10000,minizinc,global,10,4,false,
mzn-challenge,2019/groupsplitter/u6g1pref1,true,,,false,10000,10000,minizinc,global,10,4,false,
mzn-challenge,2019/groupsplitter/u7g2pref1,true,,,false,10000,10000,minizinc,global,10,4,false,
mzn-challenge,2019/groupsplitter/u9g1pref1,true,,,false,10000,10000,minizinc,global,10,4,false,
mzn-challenge,2019/hrc/exp1-1-5110,false,6.0,true,true,213,10000,minizinc,pseudo-boolean,0,14,true,
mzn-challenge,2019/hrc/exp1-1-5425,false,9.0,true,true,185,10000,minizinc,pseudo-boolean,0,14,true,
mzn-challenge,2019/hrc/exp1-1-5460,false,9.0,true,true,132,10000,minizinc,pseudo-boolean,0,14,true,
mzn-challenge,2019/hrc/exp2-1-5145,false,2.0,true,true,531,10000,minizinc,pseudo-boolean,0,14,true,
mzn-challenge,2019/hrc/exp2-1-5600,false,7.0,true,true,680,10000,minizinc,pseudo-boolean,0,14,true,
mzn-challenge,2019/kidney-exchange/3_20_0.25_2,true,1008.0,true,true,243,10000,minizinc,global,3,2,false,
mzn-challenge,2019/kidney-exchange/3_20_0.25_5,true,1247.0,true,true,231,10000,minizinc,global,3,2,false,
mzn-challenge,2019/kidney-exchange/3_20_0.30_5,true,1320.0,true,true,851,10000,minizinc,global,3,2,false,
mzn-challenge,2019/kidney-exchange/3_20_0.40_3,true,1475.0,true,true,574,10000,minizinc,global,3,2,false,
mzn-challenge,2019/kidney-exchange/3_25_0.20_3,true,1448.0,true,true,820,10000,minizinc,global,3,2,false,
mzn-challenge,2019/liner-sf-repositioning,false,165922.0,true,false,5986,10000,minizinc,global,1,4,false,
mzn-challenge,2019/lot-sizing/pigment15a.psp,false,1195.0,true,false,1400,10000,minizinc,global,4,3,false,
mzn-challenge,2019/lot-sizing/pigment15d.psp,false,1486.0,true,false,1236,10000,minizinc,global,4,3,false,
mzn-challenge,2019/lot-sizing/pigment20a.psp,false,1155.0,true,false,1683,10000,minizinc,global,4,3,false,
mzn-challenge,2019/lot-sizing/pigment20c.psp,false,2222.0,true,false,3955,10000,minizinc,global,4,3,false,
mzn-challenge,2019/lot-sizing/pigment30b.psp,false,1320.0,true,false,2652,10000,minizinc,global,4,3,false,
mzn-challenge,2019/median-string/p1_15_20-1,false,,,false,10000,10000,minizinc,linear,0,1,false,
mzn-challenge,2019/median-string/p2_10_8-0,false,34.0,true,true,9750,10000,minizinc,linear,0,1,false,
mzn-challenge,2019/median-string/p2_10_8-3,false,36.0,true,true,2624,10000,minizinc,linear,0,1,false,
mzn-challenge,2019/median-string/p2_2_20-2,false,12.0,true,false,470,10000,minizinc,linear,0,1,false,
mzn-challenge,2019/median-string/p2_4_20-0,false,16.0,true,false,806,10000,minizinc,linear,0,1,false,
mzn-challenge,2019/multi-knapsack/mknap1-5,true,10618.0,true,true,52,10000,minizinc,global,2,2,false,
mzn-challenge,2019/multi-knapsack/mknap2-1,true,7772.0,true,true,83,10000,minizinc,global,2,2,false,
mzn-challenge,2019/multi-knapsack/mknap2-10,true,624319.0,true,true,52,10000,minizinc,global,2,2,false,
mzn-challenge,2019/multi-knapsack/mknap2-2,true,8722.0,true,true,87,10000,minizinc,global,2,2,false,
mzn-challenge,2019/multi-knapsack/mknap2-40,true,11191.0,true,true,33,10000,minizinc,global,2,2,false,
mzn-challenge,2019/nside/EASY_200_50,true,,,false,10000,10000,minizinc,global,4,2,false,
mzn-challenge,2019/nside/HARD_2000_500,true,,,false,10000,10000,minizinc,global,4,2,false,
mzn-challenge,2019/nside/HARD_200_50,true,,,false,10000,10000,minizinc,global,4,2,false,
mzn-challenge,2019/nside/MEDIUM_1000_100,true,,,false,10000,10000,minizinc,global,4,2,false,
mzn-challenge,2019/nside/MEDIUM_200_50,true,,,false,10000,10000,minizinc,global,4,2,false,
mzn-challenge,2019/ptv/pax_period_20_1c,false,1547.0,true,false,535,10000,minizinc,global,2,2,false,
mzn-challenge,2019/ptv/pax_period_20_2b,false,3077.0,true,true,303,10000,minizinc,global,2,2,false,
mzn-challenge,2019/ptv/pax_period_20_3b,false,3845.0,true,true,230,10000,minizinc,global,2,2,false,
mzn-challenge,2019/ptv/pax_period_20_5a,false,50.0,true,true,1643,10000,minizinc,global,2,2,false,
mzn-challenge,2019/ptv/pax_period_20_5b,false,2897.0,true,true,118,10000,minizinc,global,2,2,false,
mzn-challenge,2019/rcpsp-wet-diverse/j30_27_5-wet-diverse-3,true,6518.0,true,false,7780,10000,minizinc,global,2,7,false,
mzn-challenge,2019/rcpsp-wet-diverse/j30_27_5-wet-diverse-4,true,7724.0,true,false,7032,10000,minizinc,global,2,7,false,
mzn-challenge,2019/rcpsp-wet-diverse/j30_44_8-wet-diverse-4,true,,,false,10000,10000,minizinc,global,2,7,false,
mzn-challenge,2019/rcpsp-wet-diverse/j60_19_6-wet-diverse-3,true,,,false,10000,10000,minizinc,global,2,7,false,
mzn-challenge,2019/rcpsp-wet-diverse/j90_48_4-wet-diverse-3,true,,,false,10000,10000,minizinc,global,2,7,false,
mzn-challenge,2019/rotating-workforce/Example1174,false,,,false,10000,10000,minizinc,global,5,14,false,
mzn-challenge,2019/rotating-workforce/Example1242,false,,true,false,4598,10000,minizinc,global,5,14,false,
mzn-challenge,2019/rotating-workforce/Example1337,false,,true,false,5134,10000,minizinc,global,5,14,false,
mzn-challenge,2019/rotating-workforce/Example1370,false,,,false,10000,10000,minizinc,global,5,14,false,
mzn-challenge,2019/rotating-workforce/Example789,false,,,false,10000,10000,minizinc,global,5,14,false,
mzn-challenge,2019/stack-cuttingstock/d14,false,19.0,true,false,125,10000,minizinc,global,3,4,false,
mzn-challenge,2019/stack-cuttingstock/d3,false,16.0,true,true,257,10000,minizinc,global,3,4,false,
mzn-challenge,2019/stack-cuttingstock/d5,false,19.0,true,false,160,10000,minizinc,global,3,4,false,
mzn-challenge,2019/stack-cuttingstock/d7,false,32.0,true,false,155,10000,minizinc,global,3,4,false,
mzn-challenge,2019/stack-cuttingstock/d8,false,58.0,true,false,124,10000,minizinc,global,3,4,false,
mzn-challenge,2019/steelmillslab/bench_17_7,false,,,false,10000,10000,minizinc,linear,0,2,false,
mzn-challenge,2019/steelmillslab/bench_19_6,false,,,false,10000,10000,minizinc,linear,0,2,false,
mzn-challenge,2019/steelmillslab/bench_20_15,false,,,false,10000,10000,minizinc,linear,0,2,false,
mzn-challenge,2019/steelmillslab/bench_20_8,false,,,false,10000,10000,minizinc,linear,0,2,false,
mzn-challenge,2019/steelmillslab/bench_2_19,false,,,false,10000,10000,minizinc,linear,0,2,false,
mzn-challenge,2019/stochastic-vrp,false,176.0,true,false,162,10000,minizinc,global,3,1,false,
mzn-challenge,2019/triangular/n10,true,20.0,true,false,99,10000,minizinc,global,1,1,false,
mzn-challenge,2019/triangular/n17,true,38.0,true,false,243,10000,minizinc,global,1,1,false,
mzn-challenge,2019/triangular/n23,true,56.0,true,false,530,10000,minizinc,global,1,1,false,
mzn-challenge,2019/triangular/n29,true,71.0,true,false,1397,10000,minizinc,global,1,1,false,
mzn-challenge,2019/triangular/n37,true,99.0,true,false,4311,10000,minizinc,global,1,1,false,
mzn-challenge,2019/zephyrus/12__10__8__3,false,3120.0,true,true,95,10000,minizinc,global,1,20,false,
mzn-challenge,2019/zephyrus/12__6__6__3,false,780.0,true,true,97,10000,minizinc,global,1,20,false,
mzn-challenge,2019/zephyrus/12__8__6__3,false,1300.0,true,true,95,10000,minizinc,global,1,20,false,
mzn-challenge,2019/zephyrus/14__10__6__3,false,1690.0,true,true,156,10000,minizinc,global,1,20,false,
mzn-challenge,2019/zephyrus/14__6__6__3,false,780.0,true,true,125,10000,minizinc,global,1,20,false,
mzn-challenge,2020/bnn-planner,false,,,false,10000,10000,minizinc,arithmetic,0,0,false,
mzn-challenge,2020/cable_tree_wiring/A031,false,24104.0,true,true,422,10000,minizinc,global,3,4,false,
mzn-challenge,2020/cable_tree_wiring/A073,false,,,false,10000,10000,minizinc,global,3,4,false,
mzn-challenge,2020/cable_tree_wiring/R046,false,143535.0,true,false,4016,10000,minizinc,global,3,4,false,
mzn-challenge,2020/cable_tree_wiring/R189,false,,,false,10000,10000,minizinc,global,3,4,false,
mzn-challenge,2020/cable_tree_wiring/R196,false,,,false,10000,10000,minizinc,global,3,4,false,
mzn-challenge,2020/code-generator/hexagon_gcc.reload1.gen_reload,false,,,false,10000,10000,minizinc,global,17,6,false,
mzn-challenge,2020/code-generator/mips_gcc.cfgbuild.control_flow_insn_p,false,,,false,10000,10000,minizinc,global,17,6,false,
mzn-challenge,2020/code-generator/mips_gcc.real.eiremain,false,,,false,10000,10000,minizinc,global,17,6,false,
mzn-challenge,2020/code-generator/mips_gobmk.patterns.autohelperpat508,false,,,false,10000,10000,minizinc,global,17,6,false,
mzn-challenge,2020/code-generator/mips_pgp.crypto.encryptfile,false,,,false,10000,10000,minizinc,global,17,6,false,
mzn-challenge,2020/collaborative-construction/175,false,15.0,true,false,9268,10000,minizinc,linear,0,7,false,
mzn-challenge,2020/collaborative-construction/307,false,,,false,10000,10000,minizinc,linear,0,7,false,
mzn-challenge,2020/collaborative-construction/37,false,9.0,true,true,4237,10000,minizinc,linear,0,7,false,
mzn-challenge,2020/collaborative-construction/455,false,,,false,10000,10000,minizinc,linear,0,7,false,
mzn-challenge,2020/collaborative-construction/46,false,6.0,true,true,4611,10000,minizinc,linear,0,7,false,
mzn-challenge,2020/gbac/UD10-gbac,false,103.0,true,false,521,10000,minizinc,linear,0,4,false,
mzn-challenge,2020/gbac/UD9-gbac,false,6614.0,true,false,2477,10000,minizinc,linear,0,4,false,
mzn-challenge,2020/gbac/reduced_UD2-gbac,false,413.0,true,false,558,10000,minizinc,linear,0,4,false,
mzn-challenge,2020/gbac/reduced_UD5-gbac,false,1375.0,true,false,1003,10000,minizinc,linear,0,4,false,
mzn-challenge,2020/gbac/reduced_UD7-gbac,false,3028.0,true,false,614,10000,minizinc,linear,0,4,false,
mzn-challenge,2020/hoist-benchmark/PU_1_2_2,false,221.0,true,true,1001,10000,minizinc,global,1,4,false,
mzn-challenge,2020/hoist-benchmark/PU_2_8_1,false,269.0,true,true,509,10000,minizinc,global,1,4,false,
mzn-challenge,2020/hoist-benchmark/PU_3_2_5,false,750.0,true,false,1337,10000,minizinc,global,1,4,false,
mzn-challenge,2020/hoist-benchmark/PU_3_4_1,false,429.0,true,false,667,10000,minizinc,global,1,4,false,
mzn-challenge,2020/hoist-benchmark/PU_3_8_5,false,400.0,true,true,3232,10000,minizinc,global,1,4,false,
mzn-challenge,2020/is/A3PZaPjnUz,false,103936.0,true,true,62,10000,minizinc,global,6,6,false,
mzn-challenge,2020/is/LeTaZW8Ij5,false,248576.0,true,true,102,10000,minizinc,global,6,6,false,
mzn-challenge,2020/is/Ws5Q6fhGi5,false,180224.0,true,true,82,10000,minizinc,global,6,6,false,
mzn-challenge,2020/is/YfFfEiuCQo,false,141440.0,true,true,142,10000,minizinc,global,6,6,false,
mzn-challenge,2020/is/v1HjuSBQMb,false,454656.0,true,true,36,10000,minizinc,global,6,6,false,
mzn-challenge,2020/lot-sizing/pigment15b.psp,false,1123.0,true,false,1057,10000,minizinc,global,4,3,false,
mzn-challenge,2020/lot-sizing/pigment15c.psp,false,1370.0,true,false,1338,10000,minizinc,global,4,3,false,
mzn-challenge,2020/lot-sizing/pigment20b.psp,false,2101.0,true,false,1697,10000,minizinc,global,4,3,false,
mzn-challenge,2020/lot-sizing/pigment30a.psp,false,1210.0,true,false,1633,10000,minizinc,global,4,3,false,
mzn-challenge,2020/lot-sizing/pigment30c.psp,false,1890.0,true,false,3118,10000,minizinc,global,4,3,false,
mzn-challenge,2020/minimal-decision-sets/australian_train5,false,300.0,true,false,8313,10000,minizinc,pseudo-boolean,0,2,true,
mzn-challenge,2020/minimal-decision-sets/backache_train4,false,34.0,true,false,4886,10000,minizinc,pseudo-boolean,0,2,true,
mzn-challenge,2020/minimal-decision-sets/breast-cancer_train4,false,113.0,true,false,8014,10000,minizinc,pseudo-boolean,0,2,true,
mzn-challenge,2020/minimal-decision-sets/cleve_train5,false,133.0,true,false,7068,10000,minizinc,pseudo-boolean,0,2,true,
mzn-challenge,2020/minimal-decision-sets/colic_train4,false,108.0,true,false,6704,10000,minizinc,pseudo-boolean,0,2,true,
mzn-challenge,2020/p1f-pjs/10,false,300.0,true,true,2730,10000,minizinc,global,19,1,false,
mzn-challenge,2020/p1f-pjs/16,false,,,false,10000,10000,minizinc,global,19,1,false,
mzn-challenge,2020/p1f-pjs/17,false,,,false,10000,10000,minizinc,global,19,1,false,
mzn-challenge,2020/p1f-pjs/20,false,,,false,10000,10000,minizinc,global,19,1,false,
mzn-challenge,2020/p1f-pjs/21,false,,,false,10000,10000,minizinc,global,19,1,false,
mzn-challenge,2020/pentominoes/02,false,,true,false,6550,10000,minizinc,global,1,0,false,
mzn-challenge,2020/pentominoes/04,false,,,false,10000,10000,minizinc,global,1,0,false,
mzn-challenge,2020/pentominoes/05,false,,true,false,8430,10000,minizinc,global,1,0,false,
mzn-challenge,2020/pentominoes/06,false,,true,false,5918,10000,minizinc,global,1,0,false,
mzn-challenge,2020/pentominoes/07,false,,,false,10000,10000,minizinc,global,1,0,false,
mzn-challenge,2020/pillars-and-planks/p-d10,false,9.0,true,false,2077,10000,minizinc,global,2,0,false,
mzn-challenge,2020/pillars-and-planks/p-d12,false,5.0,true,true,5803,10000,minizinc,global,2,0,false,
mzn-challenge,2020/pillars-and-planks/p-d17,false,10.0,true,false,1384,10000,minizinc,global,2,0,false,
mzn-challenge,2020/pillars-and-planks/p-d2,false,,,false,10000,10000,minizinc,global,2,0,false,
mzn-challenge,2020/pillars-and-planks/p-d7,false,7.0,true,false,1626,10000,minizinc,global,2,0,false,
mzn-challenge,2020/racp/j30_26_2_1.0,false,704.0,true,true,117,10000,minizinc,global,3,9,false,
mzn-challenge,2020/racp/j60_10_6_1.25,false,652.0,true,false,338,10000,minizinc,global,3,9,false,
mzn-challenge,2020/racp/j60_13_4_1.0,false,938.0,true,true,5302,10000,minizinc,global,3,9,false,
mzn-challenge,2020/racp/j60_48_9_1.0,false,725.0,true,false,327,10000,minizinc,global,3,9,false,
mzn-challenge,2020/racp/j60_9_9_1.25,false,472.0,true,false,311,10000,minizinc,global,3,9,false,
mzn-challenge,2020/radiation/i6-9,false,338.0,true,true,7,10000,minizinc,linear,0,6,false,
mzn-challenge,2020/radiation/i7-21,false,1108.0,true,true,265,10000,minizinc,linear,0,6,false,
mzn-challenge,2020/radiation/i8-40,false,4040.0,true,true,997,10000,minizinc,linear,0,6,false,
mzn-challenge,2020/radiation/i8-9,false,917.0,true,true,52,10000,minizinc,linear,0,6,false,
mzn-challenge,2020/radiation/i9-21,false,2634.0,true,true,227,10000,minizinc,linear,0,6,false,
mzn-challenge,2020/sdn-chain/d10n780-1,false,10.0,true,true,396,10000,minizinc,global,2,3,false,
mzn-challenge,2020/sdn-chain/d10n780-2,false,22.0,true,true,316,10000,minizinc,global,2,3,false,
mzn-challenge,2020/sdn-chain/d24n600-3,false,12.0,true,true,1988,10000,minizinc,global,2,3,false,
mzn-challenge,2020/sdn-chain/d26n600-2,false,9.0,true,true,2164,10000,minizinc,global,2,3,false,
mzn-challenge,2020/sdn-chain/d30n600-5,false,23.0,true,true,2842,10000,minizinc,global,2,3,false,
mzn-challenge,2020/skill-allocation/skill_allocation_mzn_1m_1,false,2.0,true,true,6728,10000,minizinc,global,2,6,false,
mzn-challenge,2020/skill-allocation/skill_allocation_mzn_2m_1,false,,,false,10000,10000,minizinc,global,2,6,false,
mzn-challenge,2020/skill-allocation/skill_allocation_mzn_2m_3,false,,,false,10000,10000,minizinc,global,2,6,false,
mzn-challenge,2020/skill-allocation/skill_allocation_mzn_2w_1,false,3.0,true,false,2176,10000,minizinc,global,2,6,false,
mzn-challenge,2020/skill-allocation/skill_allocation_mzn_3m_3,false,,,false,10000,10000,minizinc,global,2,6,false,
mzn-challenge,2020/soccer-computational/xIGData_22_12_22_5,false,,true,false,1306,10000,minizinc,global,2,11,false,
mzn-challenge,2020/soccer-computational/xIGData_24_24_16_1,false,,true,false,4759,10000,minizinc,global,2,11,false,
mzn-challenge,2020/soccer-computational/xIGData_28_22_7_4,false,,true,false,3765,10000,minizinc,global,2,11,false,
mzn-challenge,2020/soccer-computational/xIGData_28_23_16_1,false,,true,false,7680,10000,minizinc,global,2,11,false,
mzn-challenge,2020/soccer-computational/xIGData_30_25_15_4,false,,true,false,4848,10000,minizinc,global,2,11,false,
mzn-challenge,2020/stable-goods/s-d16,true,18766.0,true,true,929,10000,minizinc,linear,0,5,false,
mzn-challenge,2020/stable-goods/s-d19,true,,,false,10000,10000,minizinc,linear,0,5,false,
mzn-challenge,2020/stable-goods/s-d6,true,6264.0,true,true,581,10000,minizinc,linear,0,5,false,
mzn-challenge,2020/stable-goods/s-d7,true,11732.0,true,false,2042,10000,minizinc,linear,0,5,false,
mzn-challenge,2020/stable-goods/s-d8,true,11383.0,true,false,2411,10000,minizinc,linear,0,5,false,
mzn-challenge,2020/tower_challenge/tower_070_070_15_070-04,true,61.0,true,true,5972,10000,minizinc,global,5,3,false,
mzn-challenge,2020/tower_challenge/tower_070_070_15_070-06,true,60.0,true,false,2467,10000,minizinc,global,5,3,false,
mzn-challenge,2020/tower_challenge/tower_070_070_15_100-04,true,54.0,true,false,5895,10000,minizinc,global,5,3,false,
mzn-challenge,2020/tower_challenge/tower_070_070_15_100-05,true,57.0,true,false,3550,10000,minizinc,global,5,3,false,
mzn-challenge,2020/tower_challenge/tower_070_070_30_100-05,true,,,false,10000,10000,minizinc,global,5,3,false,
mzn-challenge,2020/whirlpool/d12,false,,,false,10000,10000,minizinc,global,2,3,false,
mzn-challenge,2020/whirlpool/d21,false,,,false,10000,10000,minizinc,global,2,3,false,
mzn-challenge,2020/whirlpool/d29,false,,,false,10000,10000,minizinc,global,2,3,false,
mzn-challenge,2020/whirlpool/d30,false,,,false,10000,10000,minizinc,global,2,3,false,
mzn-challenge,2020/whirlpool/d8,false,,,false,10000,10000,minizinc,global,2,3,false,
mzn-challenge,2021/ATSP/instance10_0p25,false,3711320.0,true,true,852,10000,minizinc,global,1,15,false,
mzn-challenge,2021/ATSP/instance16_0p35,false,,,false,10000,10000,minizinc,global,1,15,false,
mzn-challenge,2021/ATSP/instance19_0p35,false,,,false,10000,10000,minizinc,global,1,15,false,
mzn-challenge,2021/ATSP/instance5_0p15,false,685043.0,true,true,120,10000,minizinc,global,1,15,false,
mzn-challenge,2021/ATSP/instance9_0p25,false,3020230.0,true,false,4566,10000,minizinc,global,1,15,false,
mzn-challenge,2021/carpet-cutting/mzn_rnd_test.01,false,621.0,true,true,58,10000,minizinc,global,3,10,false,
mzn-challenge,2021/carpet-cutting/mzn_rnd_test.03,false,991.0,true,true,534,10000,minizinc,global,3,10,false,
mzn-challenge,2021/carpet-cutting/mzn_rnd_test.09,false,2509.0,true,false,378,10000,minizinc,global,3,10,false,
mzn-challenge,2021/carpet-cutting/mzn_rnd_test.12,false,621.0,true,true,79,10000,minizinc,global,3,10,false,
mzn-challenge,2021/carpet-cutting/mzn_rnd_test.19,false,2249.0,true,false,202,10000,minizinc,global,3,10,false,
mzn-challenge,2021/community-detection,false,,,false,10000,10000,minizinc,global,1,6,false,
mzn-challenge,2021/connect,false,137090.0,true,false,8378,10000,minizinc,global,2,11,false,
mzn-challenge,2021/flowshop-workers/5stat_ex3,false,2751.0,true,true,515,10000,minizinc,linear,0,1,false,
mzn-challenge,2021/flowshop-workers/5stat_ex6,false,3201.0,true,true,739,10000,minizinc,linear,0,1,false,
mzn-challenge,2021/flowshop-workers/8s_ex3,false,2410.0,true,false,1507,10000,minizinc,linear,0,1,false,
mzn-challenge,2021/flowshop-workers/ex4,false,3420.0,true,true,4964,10000,minizinc,linear,0,1,false,
mzn-challenge,2021/flowshop-workers/real_ex2,false,1720.0,true,false,3141,10000,minizinc,linear,0,1,false,
mzn-challenge,2021/java-routing,false,67.0,true,true,7140,10000,minizinc,global,134,0,false,
mzn-challenge,2021/mapping/mesh2x2_2,false,970.0,true,true,91,10000,minizinc,global,4,3,false,
mzn-challenge,2021/mapping/mesh3x3_4,false,1133.0,true,true,1762,10000,minizinc,global,4,3,false,
mzn-challenge,2021/mapping/mesh4x4_2,false,1087.0,true,false,317,10000,minizinc,global,4,3,false,
mzn-challenge,2021/mapping/mesh_star_mpeg,false,656.0,true,false,398,10000,minizinc,global,4,3,false,
mzn-challenge,2021/mapping/ring_3,false,182.0,true,false,865,10000,minizinc,global,4,3,false,
mzn-challenge,2021/monomatch/data_n_3_percentage_0.97,false,,,false,10000,10000,minizinc,global,1,1,false,
mzn-challenge,2021/monomatch/data_n_4_percentage_0.75,false,,,false,10000,10000,minizinc,global,1,1,false,
mzn-challenge,2021/monomatch/data_n_4_percentage_0.97,false,,,false,10000,10000,minizinc,global,1,1,false,
mzn-challenge,2021/monomatch/data_n_5_percentage_0.5,false,,true,false,1239,10000,minizinc,global,1,1,false,
mzn-challenge,2021/monomatch/data_n_6_percentage_0.5,false,,true,false,4167,10000,minizinc,global,1,1,false,
mzn-challenge,2021/neighbours/neightbours-new-14,true,4724.0,true,false,5279,10000,minizinc,global,5,2,false,
mzn-challenge,2021/neighbours/neightbours-new-17,true,1038.0,true,false,640,10000,minizinc,global,5,2,false,
mzn-challenge,2021/neighbours/neightbours-new-19,true,39.0,true,true,87,10000,minizinc,global,5,2,false,
mzn-challenge,2021/neighbours/neightbours-new-20,true,93.0,true,false,189,10000,minizinc,global,5,2,false,
mzn-challenge,2021/neighbours/neightbours-new-4,true,333.0,true,false,303,10000,minizinc,global,5,2,false,
mzn-challenge,2021/opt-cryptoanalysis/r1,false,2.0,true,true,58,10000,minizinc,global,1,1,false,
mzn-challenge,2021/opt-cryptoanalysis/r13,false,,,false,10000,10000,minizinc,global,1,1,false,
mzn-challenge,2021/opt-cryptoanalysis/r2,false,4.0,true,true,83,10000,minizinc,global,1,1,false,
mzn-challenge,2021/opt-cryptoanalysis/r3,false,8.0,true,true,249,10000,minizinc,global,1,1,false,
mzn-challenge,2021/opt-cryptoanalysis/r4,false,12.0,true,true,2282,10000,minizinc,global,1,1,false,
mzn-challenge,2021/p1f-pjs/12,false,,,false,10000,10000,minizinc,global,19,1,false,
mzn-challenge,2021/p1f-pjs/14,false,1008.0,true,false,5316,10000,minizinc,global,19,1,false,
mzn-challenge,2021/p1f-pjs/17,false,,,false,10000,10000,minizinc,global,19,1,false,
mzn-challenge,2021/p1f-pjs/18,false,,,false,10000,10000,minizinc,global,19,1,false,
mzn-challenge,2021/p1f-pjs/22,false,,,false,10000,10000,minizinc,global,19,1,false,
mzn-challenge,2021/peacable_queens/11,true,15.0,true,false,1979,10000,minizinc,global,9,0,false,
mzn-challenge,2021/peacable_queens/25,true,,,false,10000,10000,minizinc,global,9,0,false,
mzn-challenge,2021/peacable_queens/40,true,,,false,10000,10000,minizinc,global,9,0,false,
mzn-challenge,2021/peacable_queens/50,true,,,false,10000,10000,minizinc,global,9,0,false,
mzn-challenge,2021/peacable_queens/8,true,8.0,true,false,783,10000,minizinc,global,9,0,false,
mzn-challenge,2021/pentominoes-zayenz/size_10_tiles_10_seed_17_strategy_target,false,,true,false,7217,10000,minizinc,global,1,0,false,
mzn-challenge,2021/pentominoes-zayenz/size_15_tiles_15_seed_17_strategy_source,false,,,false,10000,10000,minizinc,global,1,0,false,
mzn-challenge,2021/pentominoes-zayenz/size_20_tiles_10_seed_42_strategy_far,false,,,false,10000,10000,minizinc,global,1,0,false,
mzn-challenge,2021/pentominoes-zayenz/size_20_tiles_15_seed_4711_strategy_source,false,,,false,10000,10000,minizinc,global,1,0,false,
mzn-challenge,2021/pentominoes-zayenz/size_5_tiles_20_seed_17_strategy_close,false,,true,false,380,10000,minizinc,global,1,0,false,
mzn-challenge,2021/perfect_square/data/102,false,,,false,10000,10000,minizinc,global,1,0,false,
mzn-challenge,2021/perfect_square/data/195,false,,,false,10000,10000,minizinc,global,1,0,false,
mzn-challenge,2021/perfect_square/data/205,false,,,false,10000,10000,minizinc,global,1,0,false,
mzn-challenge,2021/perfect_square/data/57,false,,,false,10000,10000,minizinc,global,1,0,false,
mzn-challenge,2021/perfect_square/data/92,false,,,false,10000,10000,minizinc,global,1,0,false,
mzn-challenge,2021/physician-scheduling/instance03_0.34,false,1505.0,true,true,3262,10000,minizinc,global,14,45,false,
mzn-challenge,2021/physician-scheduling/instance10-duplicated_0.23,false,2980.0,true,false,1234,10000,minizinc,global,14,45,false,
mzn-challenge,2021/physician-scheduling/instance13-duplicated_0.56,false,3475.0,true,false,1935,10000,minizinc,global,14,45,false,
mzn-challenge,2021/physician-scheduling/instance17_oneweek_real,false,1795.0,true,false,1328,10000,minizinc,global,14,45,false,
mzn-challenge,2021/physician-scheduling/instance18_real,false,1880.0,true,false,2623,10000,minizinc,global,14,45,false,
mzn-challenge,2021/seat-moving/sm-10-11-00,false,730.0,true,false,6433,10000,minizinc,global,2,2,false,
mzn-challenge,2021/seat-moving/sm-10-13-00,false,223.0,true,true,394,10000,minizinc,global,2,2,false,
mzn-challenge,2021/seat-moving/sm-20-13-00,false,,,false,10000,10000,minizinc,global,2,2,false,
mzn-challenge,2021/seat-moving/sm-20-16-00,false,323.0,true,true,2323,10000,minizinc,global,2,2,false,
mzn-challenge,2021/seat-moving/sm-20-20-02,false,186.0,true,true,479,10000,minizinc,global,2,2,false,
mzn-challenge,2021/steiner-systems,false,,,false,10000,10000,minizinc,arithmetic,0,0,false,
mzn-challenge,2021/vrp-submission,false,,,false,10000,10000,minizinc,global,6,2,false,
mzn-challenge,2021/wmsmc-int/batch_0_case_115_instance_0_small_subset_elements_3_sumreqs_1295_candidates_41,false,509704.0,true,true,2122,10000,minizinc,global,3,3,false,
mzn-challenge,2021/wmsmc-int/batch_0_case_115_instance_1_base_full_elements_3_sumreqs_702_candidates_86,false,216660.0,true,true,422,10000,minizinc,global,3,3,false,
mzn-challenge,2021/wmsmc-int/batch_0_case_253_instance_6_small_cost_elements_4_sumreqs_472_candidates_16,false,274870.0,true,true,58,10000,minizinc,global,3,3,false,
mzn-challenge,2021/wmsmc-int/batch_1_case_426_instance_3_base_full_elements_3_sumreqs_117_candidates_59,false,181103.0,true,true,4,10000,minizinc,global,3,3,false,
mzn-challenge,2021/wmsmc-int/batch_2_case_710_instance_4_base_subset_elements_6_sumreqs_161_candidates_70,false,135257.0,true,true,268,10000,minizinc,global,3,3,false,
mzn-challenge,2021/yumi-dynamic/p_10_SSSSSS_SSSS_yumi_grid_setup_3_3_zones,false,,,false,10000,10000,minizinc,global,34,10,false,
mzn-challenge,2021/yumi-dynamic/p_4_GG_GG_yumi_grid_setup_3_4_zones,false,,,false,10000,10000,minizinc,global,34,10,false,
mzn-challenge,2021/yumi-dynamic/p_4_GG_GG_yumi_grid_setup_7_7_zones,false,,,false,10000,10000,minizinc,global,34,10,false,
mzn-challenge,2021/yumi-dynamic/p_4_SG_SG_yumi_grid_setup_3_4_zones,false,,,false,10000,10000,minizinc,global,34,10,false,
mzn-challenge,2021/yumi-dynamic/p_7_SGSG_GSG_yumi_grid_setup_5_5_zones,false,,,false,10000,10000,minizinc,global,34,10,false,
mzn-challenge,2022/accap,false,,,false,10000,10000,minizinc,global,4,5,false,
mzn-challenge,2022/arithmetic-target,false,,,false,10000,10000,minizinc,global,2,0,false,
mzn-challenge,2022/blocks-world/16-4-13,false,,,false,10000,10000,minizinc,global,5,4,false,
mzn-challenge,2022/blocks-world/16-4-40,false,,,false,10000,10000,minizinc,global,5,4,false,
mzn-challenge,2022/blocks-world/16-4-45,false,,,false,10000,10000,minizinc,global,5,4,false,
mzn-challenge,2022/blocks-world/16-4-5,false,,,false,10000,10000,minizinc,global,5,4,false,
mzn-challenge,2022/blocks-world/16-4-83,false,,,false,10000,10000,minizinc,global,5,4,false,
mzn-challenge,2022/diameterc-mst/c_v15_a105_d6,false,314.0,true,true,452,10000,minizinc,global,1,3,false,
mzn-challenge,2022/diameterc-mst/c_v15_a105_d9,false,290.0,true,true,484,10000,minizinc,global,1,3,false,
mzn-challenge,2022/diameterc-mst/c_v20_a190_d4,false,349.0,true,false,439,10000,minizinc,global,1,3,false,
mzn-challenge,2022/diameterc-mst/c_v20_a190_d9,false,327.0,true,false,1063,10000,minizinc,global,1,3,false,
mzn-challenge,2022/diameterc-mst/s_v40_a100_d7,false,681.0,true,false,703,10000,minizinc,global,1,3,false,
mzn-challenge,2022/generalized-peacable-queens,false,,,false,10000,10000,minizinc,global,10,0,false,
mzn-challenge,2022/gfd-schedule/n180f7d50m30k18_10124,false,50.0,true,false,4687,10000,minizinc,global,4,2,false,
mzn-challenge,2022/gfd-schedule/n200f5d50m40k6_10124,false,18.0,true,false,6635,10000,minizinc,global,4,2,false,
mzn-challenge,2022/gfd-schedule/n55f2d50m30k3_10124,false,9.0,true,true,587,10000,minizinc,global,4,2,false,
mzn-challenge,2022/gfd-schedule/n60f7d50m30k10_10124,false,20.0,true,true,725,10000,minizinc,global,4,2,false,
mzn-challenge,2022/gfd-schedule/n85f3d50m8k20_10124,false,138.0,true,true,1589,10000,minizinc,global,4,2,false,
mzn-challenge,2022/ma-path-finding/ins_g16_p10_a20,false,,,false,10000,10000,minizinc,global,2,5,false,
mzn-challenge,2022/ma-path-finding/ins_g16_p10_a30,false,,,false,10000,10000,minizinc,global,2,5,false,
mzn-challenge,2022/ma-path-finding/ins_g16_p20_a30,false,,,false,10000,10000,minizinc,global,2,5,false,
mzn-challenge,2022/ma-path-finding/ins_g24_p20_a10,false,,,false,10000,10000,minizinc,global,2,5,false,
mzn-challenge,2022/ma-path-finding/ins_g32_p20_a10,false,,,false,10000,10000,minizinc,global,2,5,false,
mzn-challenge,2022/nfc/12_2_11,false,784.0,true,true,3,10000,minizinc,global,1,1,false,
mzn-challenge,2022/nfc/18_3_12,false,1218.0,true,true,11,10000,minizinc,global,1,1,false,
mzn-challenge,2022/nfc/24_4_2,false,1836.0,true,true,3,10000,minizinc,global,1,1,false,
mzn-challenge,2022/nfc/30_5_12,false,2220.0,true,true,77,10000,minizinc,global,1,1,false,
mzn-challenge,2022/nfc/30_5_6,false,2410.0,true,true,123,10000,minizinc,global,1,1,false,
mzn-challenge,2022/roster-sickness/large-2,true,,,false,10000,10000,minizinc,global,2,6,false,
mzn-challenge,2022/roster-sickness/large-2-2,true,,,false,10000,10000,minizinc,global,2,6,false,
mzn-challenge,2022/roster-sickness/large-4,true,,,false,10000,10000,minizinc,global,2,6,false,
mzn-challenge,2022/roster-sickness/large-4-2,true,,,false,10000,10000,minizinc,global,2,6,false,
mzn-challenge,2022/roster-sickness/small-4,true,14457.0,true,true,14,10000,minizinc,global,2,6,false,
mzn-challenge,2022/rotating-workforce-scheduling/rws-instance-e-100-s-2,false,,,false,10000,10000,minizinc,global,3,0,true,
mzn-challenge,2022/rotating-workforce-scheduling/rws-instance-e-25-s-7,false,,true,false,4546,10000,minizinc,global,3,0,true,
mzn-challenge,2022/rotating-workforce-scheduling/rws-instance-e-30-s-9,false,,true,false,5048,10000,minizinc,global,3,0,true,
mzn-challenge,2022/rotating-workforce-scheduling/rws-instance-e-80-s-1,false,,,false,10000,10000,minizinc,global,3,0,true,
mzn-challenge,2022/rotating-workforce-scheduling/rws-instance-e-90-s-2,false,,,false,10000,10000,minizinc,global,3,0,true,
mzn-challenge,2022/spot5/1405,false,464416.0,true,false,1527,10000,minizinc,global,3,3,false,
mzn-challenge,2022/spot5/1506,false,354520.0,true,false,1250,10000,minizinc,global,3,3,false,
mzn-challenge,2022/spot5/404,false,114.0,true,true,87,10000,minizinc,global,3,3,false,
mzn-challenge,2022/spot5/507,false,27390.0,true,true,667,10000,minizinc,global,3,3,false,
mzn-challenge,2022/spot5/509,false,36446.0,true,true,1218,10000,minizinc,global,3,3,false,
mzn-challenge,2022/stripboard/common-emitter-complex,false,,,false,10000,10000,minizinc,global,3,0,false,
mzn-challenge,2022/stripboard/common-emitter-simple,false,40.0,true,false,3537,10000,minizinc,global,3,0,false,
mzn-challenge,2022/stripboard/envelope-detector,false,75.0,true,false,937,10000,minizinc,global,3,0,false,
mzn-challenge,2022/stripboard/nand-gate,false,80.0,true,false,1435,10000,minizinc,global,3,0,false,
mzn-challenge,2022/stripboard/opamp-integrator,false,,,false,10000,10000,minizinc,global,3,0,false,
mzn-challenge,2022/sudoku_opt/sudoku_p20,false,-3.0,true,true,6193,10000,minizinc,global,3,1,false,
mzn-challenge,2022/sudoku_opt/sudoku_p22,false,229.0,true,false,5899,10000,minizinc,global,3,1,false,
mzn-challenge,2022/sudoku_opt/sudoku_p23,false,,,false,10000,10000,minizinc,global,3,1,false,
mzn-challenge,2022/sudoku_opt/sudoku_p29,false,,,false,10000,10000,minizinc,global,3,1,false,
mzn-challenge,2022/sudoku_opt/sudoku_p90,false,-55.0,true,true,369,10000,minizinc,global,3,1,false,
mzn-challenge,2022/team-assignment/data1_4_6,true,2948.0,true,true,54,10000,minizinc,global,2,2,false,
mzn-challenge,2022/team-assignment/data1_6_6,true,6970.0,true,true,288,10000,minizinc,global,2,2,false,
mzn-challenge,2022/team-assignment/data2_6_15,true,26773.0,true,true,2256,10000,minizinc,global,2,2,false,
mzn-challenge,2022/team-assignment/data3_4_31,true,44706.0,true,true,2405,10000,minizinc,global,2,2,false,
mzn-challenge,2022/team-assignment/data3_5_31,true,66664.0,true,false,1179,10000,minizinc,global,2,2,false,
mzn-challenge,2022/tower/100_100_20_100-04,true,90.0,true,false,7161,10000,minizinc,global,5,3,false,
mzn-challenge,2022/tower/tower_070_070_15_070-09,true,57.0,true,false,2332,10000,minizinc,global,5,3,false,
mzn-challenge,2022/tower/tower_070_070_15_085-09,true,,,false,10000,10000,minizinc,global,5,3,false,
mzn-challenge,2022/tower/tower_300_300_40_200-00,true,,,false,10000,10000,minizinc,global,5,3,false,
mzn-challenge,2022/tower/tower_500_500_50_300-01,true,18.0,true,false,9200,10000,minizinc,global,5,3,false,
mzn-challenge,2022/traveling-tppv/circ14cnonbal,false,520.0,true,false,7684,10000,minizinc,global,3,2,false,
mzn-challenge,2022/traveling-tppv/circ14enonbal,false,472.0,true,false,7737,10000,minizinc,global,3,2,false,
mzn-challenge,2022/traveling-tppv/circ20bnonbal,false,,,false,10000,10000,minizinc,global,3,2,false,
mzn-challenge,2022/traveling-tppv/circ20fnonbal,false,,,false,10000,10000,minizinc,global,3,2,false,
mzn-challenge,2022/traveling-tppv/circ20jnonbal,false,,,false,10000,10000,minizinc,global,3,2,false,
mzn-challenge,2022/triangular/n10,true,20.0,true,false,99,10000,minizinc,global,1,1,false,
mzn-challenge,2022/triangular/n18,true,40.0,true,false,257,10000,minizinc,global,1,1,false,
mzn-challenge,2022/triangular/n24,true,56.0,true,false,796,10000,minizinc,global,1,1,false,
mzn-challenge,2022/triangular/n30,true,73.0,true,false,2236,10000,minizinc,global,1,1,false,
mzn-challenge,2022/triangular/n39,true,104.0,true,false,5511,10000,minizinc,global,1,1,false,
mzn-challenge,2022/vaccine/v11,true,85.0,true,false,1276,10000,minizinc,global,5,5,false,
mzn-challenge,2022/vaccine/v7,true,45.0,true,false,315,10000,minizinc,global,5,5,false,
mzn-challenge,2022/vaccine/v8,true,99.0,true,false,557,10000,minizinc,global,5,5,false,
mzn-challenge,2022/vaccine/v857,true,127.0,true,true,3108,10000,minizinc,global,5,5,false,
mzn-challenge,2022/vaccine/v946,true,85.0,true,false,297,10000,minizinc,global,5,5,false,
mzn-challenge,2022/wordpress/Wordpress10_Offers500,false,,,false,10000,10000,minizinc,linear,0,25,false,
mzn-challenge,2022/wordpress/Wordpress11_Offers500,false,,,false,10000,10000,minizinc,linear,0,25,false,
mzn-challenge,2022/wordpress/Wordpress12_Offers500,false,,,false,10000,10000,minizinc,linear,0,25,false,
mzn-challenge,2022/wordpress/Wordpress7_Offers500,false,,,false,10000,10000,minizinc,linear,0,25,false,
mzn-challenge,2022/wordpress/Wordpress8_Offers500,false,,,false,10000,10000,minizinc,linear,0,25,false,
mzn-challenge,2022/yumi-static/example_instance_4_GS_SG_yumi_grid_setup_7_7,false,554.0,true,false,6386,10000,minizinc,global,26,10,false,
mzn-challenge,2022/yumi-static/p_10_GGGGG_GGGGG_yumi_grid_setup_5_5,false,,,false,10000,10000,minizinc,global,26,10,false,
mzn-challenge,2022/yumi-static/p_4_GG_GG_yumi_grid_setup_3_3,false,,,false,10000,10000,minizinc,global,26,10,false,
mzn-challenge,2022/yumi-static/p_4_GS_SG_yumi_grid_setup_3_3,false,631.0,true,false,1336,10000,minizinc,global,26,10,false,
mzn-challenge,2022/yumi-static/p_8_SSSSS_SSS_yumi_grid_setup_3_4,false,1756.0,true,false,7857,10000,minizinc,global,26,10,false,
mzn-challenge,2023/chessboard/chessboard3,true,48.0,true,false,377,10000,minizinc,global,9,2,false,
mzn-challenge,2023/chessboard/chessboard4,true,25.0,true,true,547,10000,minizinc,global,9,2,false,
mzn-challenge,2023/code-generator/mips_gcc.flow.find_regno_partial,false,,,false,10000,10000,minizinc,global,17,6,false,
mzn-challenge,2023/code-generator/mips_gcc.varasm.default_named_section_asm_out_destructor,false,,,false,10000,10000,minizinc,global,17,6,false,
mzn-challenge,2023/code-generator/mips_mesa.eval.gl_Map1f,false,,,false,10000,10000,minizinc,global,17,6,false,
mzn-challenge,2023/code-generator/mips_pegwit.ec_vlong.vlShortLshift,false,,,false,10000,10000,minizinc,global,17,6,false,
mzn-challenge,2023/code-generator/mips_rasta.mapping.comp_Jboundaries,false,,,false,10000,10000,minizinc,global,17,6,false,
mzn-challenge,2023/elitserien/handball10,false,6.0,true,false,3492,10000,minizinc,global,13,9,false,
mzn-challenge,2023/elitserien/handball2,false,4.0,true,false,2755,10000,minizinc,global,13,9,false,
mzn-challenge,2023/elitserien/handball4,false,3.0,true,false,3421,10000,minizinc,global,13,9,false,
mzn-challenge,2023/elitserien/handball8,false,4.0,true,false,3511,10000,minizinc,global,13,9,false,
mzn-challenge,2023/elitserien/handball9,false,3.0,true,false,3425,10000,minizinc,global,13,9,false,
mzn-challenge,2023/evm-super-compilation/BDARUMA_run_code_of_0_block_108_233_1_extended_input,false,,,false,10000,10000,minizinc,global,9,19,false,
mzn-challenge,2023/evm-super-compilation/BDARUMA_run_code_of_0_block_284_170_0_input,false,11.0,true,true,321,10000,minizinc,global,9,19,false,
mzn-challenge,2023/evm-super-compilation/Kongu_run_code_of_0_block_240_0_input,false,,,false,10000,10000,minizinc,global,9,19,false,
mzn-challenge,2023/evm-super-compilation/PlaylinkAirdrop_run_code_of_0_block_216_0_input,false,,,false,10000,10000,minizinc,global,9,19,false,
mzn-challenge,2023/evm-super-compilation/isolated_block_6_0_input,false,13.0,true,true,3857,10000,minizinc,global,9,19,false,
mzn-challenge,2023/gametes,false,,,false,10000,10000,minizinc,global,2,1,false,
mzn-challenge,2023/kidney-exchange/3_20_0.15_3,true,815.0,true,true,74,10000,minizinc,global,3,2,false,
mzn-challenge,2023/kidney-exchange/3_20_0.30_4,true,1494.0,true,true,334,10000,minizinc,global,3,2,false,
mzn-challenge,2023/kidney-exchange/3_20_0.40_2,true,1386.0,true,true,900,10000,minizinc,global,3,2,false,
mzn-challenge,2023/kidney-exchange/3_25_0.10_2,true,660.0,true,true,143,10000,minizinc,global,3,2,false,
mzn-challenge,2023/kidney-exchange/3_25_0.15_4,true,1152.0,true,true,441,10000,minizinc,global,3,2,false,
mzn-challenge,2023/mrcpsp/j30_25_5,false,27.0,true,true,129,10000,minizinc,global,5,4,false,
mzn-challenge,2023/mrcpsp/j30_29_3,false,32.0,true,true,623,10000,minizinc,global,5,4,false,
mzn-challenge,2023/mrcpsp/j30_33_5,false,48.0,true,true,301,10000,minizinc,global,5,4,false,
mzn-challenge,2023/mrcpsp/j30_41_8,false,30.0,true,true,190,10000,minizinc,global,5,4,false,
mzn-challenge,2023/mrcpsp/j30_54_2,false,28.0,true,true,1323,10000,minizinc,global,5,4,false,
mzn-challenge,2023/multi-agent-graph-coverage/rnd_n10_p1500_c15_s1,false,147.0,true,true,6328,10000,minizinc,global,2,1,false,
mzn-challenge,2023/multi-agent-graph-coverage/rnd_n10_p2000_c15_s1,false,149.0,true,true,641,10000,minizinc,global,2,1,false,
mzn-challenge,2023/multi-agent-graph-coverage/rnd_n20_p1000_c10_s1,false,241.0,true,false,299,10000,minizinc,global,2,1,false,
mzn-challenge,2023/multi-agent-graph-coverage/rnd_n40_p1000_c20_s1,false,3458.0,true,false,753,10000,minizinc,global,2,1,false,
mzn-challenge,2023/multi-agent-graph-coverage/rnd_n75_p1000_c50_s1,false,,,false,10000,10000,minizinc,global,2,1,false,
mzn-challenge,2023/pennies-opt/n12,true,8.0,true,false,5751,10000,minizinc,global,2,1,true,
mzn-challenge,2023/pennies-opt/n5,true,5.0,true,true,213,10000,minizinc,global,2,1,true,
mzn-challenge,2023/pennies-opt/n7,true,7.0,true,true,4021,10000,minizinc,global,2,1,true,
mzn-challenge,2023/pennies-opt/n8,true,7.0,true,false,1799,10000,minizinc,global,2,1,true,
mzn-challenge,2023/pennies-opt/n9,true,8.0,true,false,3082,10000,minizinc,global,2,1,true,
mzn-challenge,2023/roster-shifts-bool/large,true,,,false,10000,10000,minizinc,global,2,8,false,
mzn-challenge,2023/roster-shifts-bool/small,true,5281.0,true,true,613,10000,minizinc,global,2,8,false,
mzn-challenge,2023/roster/chicroster_dataset_10,false,18.0,true,true,108,10000,minizinc,linear,0,2,false,
mzn-challenge,2023/roster/chicroster_dataset_12,false,19.0,true,true,103,10000,minizinc,linear,0,2,false,
mzn-challenge,2023/roster/chicroster_dataset_8,false,7.0,true,true,37,10000,minizinc,linear,0,2,false,
mzn-challenge,2023/roster/chicroster_dataset_9,false,13.0,true,true,88,10000,minizinc,linear,0,2,false,
mzn-challenge,2023/roster/chicroster_dataset_large_16,false,0.0,true,true,83,10000,minizinc,linear,0,2,false,
mzn-challenge,2023/speck-optimisation/easy_1,false,1.0,true,true,33,10000,minizinc,global,4,2,true,
mzn-challenge,2023/speck-optimisation/easy_3,false,5.0,true,true,157,10000,minizinc,global,4,2,true,
mzn-challenge,2023/speck-optimisation/hard_0,false,35.0,true,false,944,10000,minizinc,global,4,2,true,
mzn-challenge,2023/speck-optimisation/medium_6,false,10.0,true,false,588,10000,minizinc,global,4,2,true,
mzn-challenge,2023/speck-optimisation/very_hard_5,false,,,false,10000,10000,minizinc,global,4,2,true,
mzn-challenge,2023/sudoku_fixed/sudoku_p20,false,,true,false,541,10000,minizinc,global,3,0,false,
mzn-challenge,2023/sudoku_fixed/sudoku_p26,false,,,false,10000,10000,minizinc,global,3,0,false,
mzn-challenge,2023/sudoku_fixed/sudoku_p28,false,,true,false,4853,10000,minizinc,global,3,0,false,
mzn-challenge,2023/sudoku_fixed/sudoku_p48,false,,true,false,146,10000,minizinc,global,3,0,false,
mzn-challenge,2023/sudoku_fixed/sudoku_p89,false,,true,false,370,10000,minizinc,global,3,0,false,
mzn-challenge,2023/table-layout/p1000_m10_r200_c15,false,6162.0,true,false,5096,10000,minizinc,global,4,3,false,
mzn-challenge,2023/table-layout/p1000_m20_r200_c20,false,,,false,10000,10000,minizinc,global,4,3,false,
mzn-challenge,2023/table-layout/p1000_m3_r100_c10,false,8137.0,true,true,26,10000,minizinc,global,4,3,false,
mzn-challenge,2023/table-layout/p2000_m10_r500_c20,false,,,false,10000,10000,minizinc,global,4,3,false,
mzn-challenge,2023/table-layout/p2000_m16_r1000_c200,false,,,false,10000,10000,minizinc,global,4,3,false,
mzn-challenge,2023/test-scheduling/t100m20r3-14,false,9589.0,true,false,347,10000,minizinc,global,3,2,false,
mzn-challenge,2023/test-scheduling/t20m10r10-17,false,1069.0,true,true,42,10000,minizinc,global,3,2,false,
mzn-challenge,2023/test-scheduling/t30m20r3-20,false,2745.0,true,true,294,10000,minizinc,global,3,2,false,
mzn-challenge,2023/test-scheduling/t500m50r10-8,false,177657.0,true,false,6924,10000,minizinc,global,3,2,false,
mzn-challenge,2023/test-scheduling/t50m20r10-17,false,4488.0,true,true,146,10000,minizinc,global,3,2,false,
mzn-challenge,2023/travelling-thief/data/n10_k15_c5000_l10000_u11000_r49,true,5134100.0,true,true,2444,10000,minizinc,global,13,5,false,
mzn-challenge,2023/travelling-thief/data/n10_k3_c5000_l10000_u10100_r46,true,1454500.0,true,true,561,10000,minizinc,global,13,5,false,
mzn-challenge,2023/travelling-thief/data/n20_k15_c5000_l100_u200_r32,true,9767504.0,true,false,8952,10000,minizinc,global,13,5,false,
mzn-challenge,2023/travelling-thief/data/n20_k20_c1000_l1000_u2000_r46,true,,,false,10000,10000,minizinc,global,13,5,false,
mzn-challenge,2023/travelling-thief/data/n20_k3_c10000_l100_u200_r81,true,4986813.0,true,false,7275,10000,minizinc,global,13,5,false,
mzn-challenge,2023/unit-commitment/L10-T48G10L10,false,1703450.0,true,true,3483,10000,minizinc,global,1,9,false,
mzn-challenge,2023/unit-commitment/L12-T48G15L10,false,1491550.0,true,false,678,10000,minizinc,global,1,9,false,
mzn-challenge,2023/unit-commitment/L15-T48G30L15,false,4.4442745E7,true,false,1580,10000,minizinc,global,1,9,false,
mzn-challenge,2023/unit-commitment/L3-T6G5L5,false,75950.0,true,true,74,10000,minizinc,global,1,9,false,
mzn-challenge,2023/unit-commitment/L7-T12G5L5,false,130950.0,true,true,13,10000,minizinc,global,1,9,false,
mzn-challenge,2023/valve-network/horizon12,true,356.0,true,false,1031,10000,minizinc,linear,0,2,false,
mzn-challenge,2023/valve-network/horizon19,true,1020.0,true,false,2889,10000,minizinc,linear,0,2,false,
mzn-challenge,2023/valve-network/horizon20,true,1023.0,true,false,3060,10000,minizinc,linear,0,2,false,
mzn-challenge,2023/valve-network/horizon28,true,1127.0,true,false,3810,10000,minizinc,linear,0,2,false,
mzn-challenge,2023/valve-network/horizon6,true,34.0,true,true,168,10000,minizinc,linear,0,2,false,
mzn-challenge,2023/vrplc/vrplc10_5_20_s3,false,,,false,10000,10000,minizinc,global,6,1,false,
mzn-challenge,2023/vrplc/vrplc11_5_15_s4,false,352.0,true,false,1164,10000,minizinc,global,6,1,false,
mzn-challenge,2023/vrplc/vrplc13_11_20_s4,false,735.0,true,false,7710,10000,minizinc,global,6,1,false,
mzn-challenge,2023/vrplc/vrplc9_5_10_s2,false,329.0,true,false,1572,10000,minizinc,global,6,1,false,
mzn-challenge,2023/vrplc/vrplc9_5_15_s2,false,411.0,true,false,1369,10000,minizinc,global,6,1,false,
mzn-challenge,2023/yumi-static/p_4_GG_GG_yumi_grid_setup_7_7,false,457.0,true,false,5656,10000,minizinc,global,26,10,false,
mzn-challenge,2023/yumi-static/p_4_SG_SG_yumi_grid_setup_3_3,false,584.0,true,false,1301,10000,minizinc,global,26,10,false,
mzn-challenge,2023/yumi-static/p_5_GG_GGG_yumi_grid_setup_7_7,false,527.0,true,false,6651,10000,minizinc,global,26,10,false,
mzn-challenge,2023/yumi-static/p_7_GGG_GGGG_yumi_grid_setup_3_4,false,785.0,true,false,4670,10000,minizinc,global,26,10,false,
mzn-challenge,2023/yumi-static/p_9_GGGG_GGGGG_yumi_grid_setup_3_4,false,1306.0,true,false,5373,10000,minizinc,global,26,10,false,
mzn-challenge,2024/accap,false,,,false,10000,10000,minizinc,global,4,5,false,
mzn-challenge,2024/aircraft-disassembly/B737NG-600-01-Anon.json,false,3297500.0,true,true,1629,10000,minizinc,global,6,6,true,
mzn-challenge,2024/aircraft-disassembly/B737NG-600-02-Anon.json,false,6417000.0,true,false,873,10000,minizinc,global,6,6,true,
mzn-challenge,2024/aircraft-disassembly/B737NG-600-04-Anon.json,false,1.119125E7,true,false,2420,10000,minizinc,global,6,6,true,
mzn-challenge,2024/aircraft-disassembly/B737NG-600-06-Anon.json,false,,,false,10000,10000,minizinc,global,6,6,true,
mzn-challenge,2024/aircraft-disassembly/B737NG-600-09-Anon.json,false,,,false,10000,10000,minizinc,global,6,6,true,
mzn-challenge,2024/cable-tree-wiring/A022,false,,,false,10000,10000,minizinc,global,3,4,false,
mzn-challenge,2024/cable-tree-wiring/A033,false,,,false,10000,10000,minizinc,global,3,4,false,
mzn-challenge,2024/cable-tree-wiring/A041,false,1904308.0,true,false,5483,10000,minizinc,global,3,4,false,
mzn-challenge,2024/cable-tree-wiring/A046,false,,,false,10000,10000,minizinc,global,3,4,false,
mzn-challenge,2024/cable-tree-wiring/R193,false,,,false,10000,10000,minizinc,global,3,4,false,
mzn-challenge,2024/community-detection/Polblogs.s2480.k2,true,8.013709E7,true,true,202,10000,minizinc,global,1,5,false,
mzn-challenge,2024/community-detection/Zakhary.s12.k3,true,595004.0,true,true,1111,10000,minizinc,global,1,5,false,
mzn-challenge,2024/community-detection/Zakhary.s12.k4,true,595004.0,true,false,213,10000,minizinc,global,1,5,false,
mzn-challenge,2024/community-detection/adjourn.s200.k3,true,-892763.0,true,true,653,10000,minizinc,global,1,5,false,
mzn-challenge,2024/community-detection/mexican.s26.k4,true,715070.0,true,false,204,10000,minizinc,global,1,5,false,
mzn-challenge,2024/compression,false,,,false,10000,10000,minizinc,global,3,1,false,
mzn-challenge,2024/concert-hall-cap/concert-cap.mznc2018.04,true,36778.0,true,true,120,10000,minizinc,global,1,3,false,
mzn-challenge,2024/fox-geese-corn/fgc_06_26_08_00,true,41.0,true,false,232,10000,minizinc,arithmetic,0,0,false,
mzn-challenge,2024/fox-geese-corn/fgc_20_20_22_00,true,185.0,true,false,169,10000,minizinc,arithmetic,0,0,false,
mzn-challenge,2024/fox-geese-corn/foxgeesecorn_17,true,450.0,true,false,343,10000,minizinc,arithmetic,0,0,false,
mzn-challenge,2024/fox-geese-corn/foxgeesecorn_19,true,552.0,true,false,300,10000,minizinc,arithmetic,0,0,false,
mzn-challenge,2024/fox-geese-corn/foxgeesecorn_61,true,32.0,true,false,223,10000,minizinc,arithmetic,0,0,false,
mzn-challenge,2024/graph-clear,false,,,false,10000,10000,minizinc,global,2,4,false,
mzn-challenge,2024/harmony/brother,false,36.0,true,true,5546,10000,minizinc,global,9,1,false,
mzn-challenge,2024/harmony/canon,false,37.0,true,true,5859,10000,minizinc,global,9,1,false,
mzn-challenge,2024/harmony/minuet,false,31.0,true,true,5302,10000,minizinc,global,9,1,false,
mzn-challenge,2024/harmony/ode,false,36.0,true,true,4572,10000,minizinc,global,9,1,false,
mzn-challenge,2024/harmony/twinkle,false,30.0,true,true,4682,10000,minizinc,global,9,1,false,
mzn-challenge,2024/hoist-benchmark/PU_2_2_3,false,480.0,true,false,387,10000,minizinc,global,1,4,false,
mzn-challenge,2024/hoist-benchmark/PU_2_4_3,false,305.0,true,false,364,10000,minizinc,global,1,4,false,
mzn-challenge,2024/hoist-benchmark/PU_2_8_4,false,269.0,true,true,753,10000,minizinc,global,1,4,false,
mzn-challenge,2024/hoist-benchmark/PU_3_2_1,false,755.0,true,false,579,10000,minizinc,global,1,4,false,
mzn-challenge,2024/hoist-benchmark/PU_3_4_3,false,471.0,true,false,504,10000,minizinc,global,1,4,false,
mzn-challenge,2024/monitor-placement-1id/hop_counting_based_caida_139203,false,,,false,10000,10000,minizinc,pseudo-boolean,0,2,true,
mzn-challenge,2024/monitor-placement-1id/hop_counting_based_zoo_Forthnet,false,,,false,10000,10000,minizinc,pseudo-boolean,0,2,true,
mzn-challenge,2024/monitor-placement-1id/igp_weight_based_defo_rf6461_real_hard,false,,,false,10000,10000,minizinc,pseudo-boolean,0,2,true,
mzn-challenge,2024/monitor-placement-1id/igp_weight_based_rocketfuel_rf1755_real_hard,false,,,false,10000,10000,minizinc,pseudo-boolean,0,2,true,
mzn-challenge,2024/monitor-placement-1id/igp_weight_based_rocketfuel_rf6461_real_hard,false,,,false,10000,10000,minizinc,pseudo-boolean,0,2,true,
mzn-challenge,2024/neighbours/neightbours-new-15,true,220.0,true,false,505,10000,minizinc,global,5,2,false,
mzn-challenge,2024/neighbours/neightbours-new-2,true,17.0,true,true,10,10000,minizinc,global,5,2,false,
mzn-challenge,2024/neighbours/neightbours-new-5,true,2374.0,true,false,1709,10000,minizinc,global,5,2,false,
mzn-challenge,2024/neighbours/neightbours-new-6,true,76.0,true,false,156,10000,minizinc,global,5,2,false,
mzn-challenge,2024/neighbours/neightbours-new-7,true,1367.0,true,false,828,10000,minizinc,global,5,2,false,
mzn-challenge,2024/network_50_cstr/MODEL1507180015,false,,,false,10000,10000,minizinc,linear,0,3,false,
mzn-challenge,2024/network_50_cstr/MODEL1507180022,false,2.0,true,true,182,10000,minizinc,linear,0,3,false,
mzn-challenge,2024/network_50_cstr/MODEL2204150001,false,,,false,10000,10000,minizinc,linear,0,3,false,
mzn-challenge,2024/network_50_cstr/MODEL2204190004,false,3.0,true,true,199,10000,minizinc,linear,0,3,false,
mzn-challenge,2024/network_50_cstr/toy_network_1000_m,false,,,false,10000,10000,minizinc,linear,0,3,false,
mzn-challenge,2024/peacable_queens/pq_n12,true,16.0,true,false,1943,10000,minizinc,global,9,0,false,
mzn-challenge,2024/peacable_queens/pq_n19,true,23.0,true,false,7735,10000,minizinc,global,9,0,false,
mzn-challenge,2024/peacable_queens/pq_n35,true,,,false,10000,10000,minizinc,global,9,0,false,
mzn-challenge,2024/peacable_queens/pq_n7,true,7.0,true,false,559,10000,minizinc,global,9,0,false,
mzn-challenge,2024/peacable_queens/pq_n9,true,11.0,true,false,1050,10000,minizinc,global,9,0,false,
mzn-challenge,2024/portal/small_3,false,,,false,10000,10000,minizinc,global,2,0,false,
mzn-challenge,2024/tiny-cvrp/easy_instance_04,false,454.0,true,true,343,10000,minizinc,linear,0,5,false,
mzn-challenge,2024/tiny-cvrp/hard_instance_18,false,6357.0,true,false,4837,10000,minizinc,linear,0,5,false,
mzn-challenge,2024/tiny-cvrp/medium_instance_06,false,1585.0,true,false,777,10000,minizinc,linear,0,5,false,
mzn-challenge,2024/tiny-cvrp/medium_instance_11,false,1765.0,true,false,925,10000,minizinc,linear,0,5,false,
mzn-challenge,2024/tiny-cvrp/medium_instance_13,false,1299.0,true,false,543,10000,minizinc,linear,0,5,false,
mzn-challenge,2024/train-scheduling/trains05,false,,,false,10000,10000,minizinc,global,6,3,false,
mzn-challenge,2024/train-scheduling/trains09,false,,,false,10000,10000,minizinc,global,6,3,false,
mzn-challenge,2024/train-scheduling/trains12,false,,,false,10000,10000,minizinc,global,6,3,false,
mzn-challenge,2024/train-scheduling/trains15,false,,,false,10000,10000,minizinc,global,6,3,false,
mzn-challenge,2024/train-scheduling/trains18,false,,,false,10000,10000,minizinc,global,6,3,false,
mzn-challenge,2024/triangular/n11,true,22.0,true,false,114,10000,minizinc,global,1,1,false,
mzn-challenge,2024/triangular/n14,true,30.0,true,false,150,10000,minizinc,global,1,1,false,
mzn-challenge,2024/triangular/n20,true,45.0,true,false,374,10000,minizinc,global,1,1,false,
mzn-challenge,2024/triangular/n31,true,79.0,true,false,1874,10000,minizinc,global,1,1,false,
mzn-challenge,2024/triangular/n9,true,17.0,true,true,9333,10000,minizinc,global,1,1,false,
mzn-challenge,2024/word-equations,true,,,false,10000,10000,minizinc,global,3,1,false,
mzn-challenge,2024/yumi-dynamic/p_4_GG_GG_yumi_grid_setup_5_5_zones,false,,,false,10000,10000,minizinc,global,34,10,false,
mzn-challenge,2024/yumi-dynamic/p_5_GG_GGG_yumi_grid_setup_5_5_zones,false,,,false,10000,10000,minizinc,global,34,10,false,
mzn-challenge,2024/yumi-dynamic/p_5_GSS_SG_yumi_grid_setup_3_4_zones,false,,,false,10000,10000,minizinc,global,34,10,false,
mzn-challenge,2024/yumi-dynamic/p_7_SSSS_SSS_yumi_grid_setup_3_3_zones,false,,,false,10000,10000,minizinc,global,34,10,false,
mzn-challenge,2024/yumi-dynamic/p_9_GSGS_GSGSG_yumi_grid_setup_7_7_zones,false,,,false,10000,10000,minizinc,global,34,10,false,
mzn-challenge,2025/EchoSched/12-12-0-1_7,false,12135.0,true,true,430,10000,minizinc,linear,0,2,false,
mzn-challenge,2025/EchoSched/13-14-0-2_6,false,15152.0,true,false,649,10000,minizinc,linear,0,2,false,
mzn-challenge,2025/EchoSched/14-10-0-2_1,false,11626.0,true,false,418,10000,minizinc,linear,0,2,false,
mzn-challenge,2025/EchoSched/14-10-0-2_3,false,11795.0,true,false,409,10000,minizinc,linear,0,2,false,
mzn-challenge,2025/EchoSched/15-15-0-1_3,false,18800.0,true,true,6973,10000,minizinc,linear,0,2,false,
mzn-challenge,2025/atsp/instance11_0p25,false,1828010.0,true,true,583,10000,minizinc,global,1,15,false,
mzn-challenge,2025/atsp/instance14_0p25,false,8397189.0,true,false,2317,10000,minizinc,global,1,15,false,
mzn-challenge,2025/atsp/instance1_0p05,false,657504.0,true,true,60,10000,minizinc,global,1,15,false,
mzn-challenge,2025/atsp/instance20_0p35,false,,,false,10000,10000,minizinc,global,1,15,false,
mzn-challenge,2025/atsp/instance4_0p15,false,562581.0,true,false,491,10000,minizinc,global,1,15,false,
mzn-challenge,2025/black-hole,false,,,false,10000,10000,minizinc,global,7,0,false,
mzn-challenge,2025/carpet-cutting,false,,,false,10000,10000,minizinc,global,3,10,false,
mzn-challenge,2025/cgt,false,,,false,10000,10000,minizinc,global,3,3,false,
mzn-challenge,2025/fbd1/FBDk04,false,46.0,true,true,114,10000,minizinc,global,1,0,false,
mzn-challenge,2025/fbd1/FBDk06,false,103.0,true,false,241,10000,minizinc,global,1,0,false,
mzn-challenge,2025/fbd1/FBDk07,false,130.0,true,false,275,10000,minizinc,global,1,0,false,
mzn-challenge,2025/fbd1/FBDk08,false,177.0,true,false,491,10000,minizinc,global,1,0,false,
mzn-challenge,2025/fbd1/FBDk09,false,238.0,true,false,814,10000,minizinc,global,1,0,false,
mzn-challenge,2025/groupsplitter/u12g2pref0,true,,,false,10000,10000,minizinc,global,10,4,false,
mzn-challenge,2025/groupsplitter/u12g2pref2,true,,,false,10000,10000,minizinc,global,10,4,false,
mzn-challenge,2025/groupsplitter/u15g1pref2,true,,,false,10000,10000,minizinc,global,10,4,false,
mzn-challenge,2025/groupsplitter/u15g3pref0,true,,,false,10000,10000,minizinc,global,10,4,false,
mzn-challenge,2025/groupsplitter/u15g5pref1,true,,,false,10000,10000,minizinc,global,10,4,false,
mzn-challenge,2025/gt-sort,false,,,false,10000,10000,minizinc,global,3,2,false,
mzn-challenge,2025/hitori/h11-1,true,232.0,true,true,1385,10000,minizinc,global,5,2,true,
mzn-challenge,2025/hitori/h14-1,true,,,false,10000,10000,minizinc,global,5,2,true,
mzn-challenge,2025/hitori/h15-1,true,539.0,true,false,4121,10000,minizinc,global,5,2,true,
mzn-challenge,2025/hitori/h20-2,true,,,false,10000,10000,minizinc,global,5,2,true,
mzn-challenge,2025/hitori/h5-1,true,17.0,true,true,75,10000,minizinc,global,5,2,true,
mzn-challenge,2025/ihtc-2024-kletzander/i02,false,565.0,true,false,571,10000,minizinc,global,2,3,false,
mzn-challenge,2025/ihtc-2024-kletzander/i07,false,1940.0,true,false,2040,10000,minizinc,global,2,3,false,
mzn-challenge,2025/ihtc-2024-kletzander/i09,false,5325.0,true,false,2509,10000,minizinc,global,2,3,false,
mzn-challenge,2025/ihtc-2024-kletzander/test03,false,9445.0,true,false,630,10000,minizinc,global,2,3,false,
mzn-challenge,2025/ihtc-2024-kletzander/test05,false,13865.0,true,false,1009,10000,minizinc,global,2,3,false,
mzn-challenge,2025/ihtc-2024-marte,false,,,false,10000,10000,minizinc,global,18,34,false,
mzn-challenge,2025/is/1vERFuvviS,false,376832.0,true,true,15,10000,minizinc,global,6,6,false,
mzn-challenge,2025/is/9aGFgDaHX7,false,688128.0,true,true,2,10000,minizinc,global,6,6,false,
mzn-challenge,2025/is/BnMUR3YMRk,false,114688.0,true,true,16,10000,minizinc,global,6,6,false,
mzn-challenge,2025/is/avdoaYnfXq,false,73728.0,true,true,12,10000,minizinc,global,6,6,false,
mzn-challenge,2025/is/vWQp9idqMs,false,71168.0,true,true,84,10000,minizinc,global,6,6,false,
mzn-challenge,2025/mondoku/10-10-6,false,1.0,true,true,3434,10000,minizinc,global,17,0,false,
mzn-challenge,2025/mondoku/12-12-8,false,2.0,true,false,3454,10000,minizinc,global,17,0,false,
mzn-challenge,2025/mondoku/14-14-8,false,3.0,true,false,6239,10000,minizinc,global,17,0,false,
mzn-challenge,2025/mondoku/20-18-9,false,,,false,10000,10000,minizinc,global,17,0,false,
mzn-challenge,2025/mondoku/8-8-4,false,0.0,true,true,873,10000,minizinc,global,17,0,false,
mzn-challenge,2025/products-and-shelves/ps-25-01,false,5.0,true,true,1921,10000,minizinc,global,1,1,false,
mzn-challenge,2025/products-and-shelves/ps-25-03,false,4.0,true,true,1400,10000,minizinc,global,1,1,false,
mzn-challenge,2025/products-and-shelves/ps-50-06,false,,,false,10000,10000,minizinc,global,1,1,false,
mzn-challenge,2025/products-and-shelves/ps-50-09,false,,,false,10000,10000,minizinc,global,1,1,false,
mzn-challenge,2025/products-and-shelves/toy,false,6.0,true,true,264,10000,minizinc,global,1,1,false,
mzn-challenge,2025/proteindesign12/1HZ5.12p.19aa.usingEref_self,false,,,false,10000,10000,minizinc,global,3,2,false,
mzn-challenge,2025/proteindesign12/1HZ5.12p.9aa.usingEref_self,false,1476.0,true,false,8981,10000,minizinc,global,3,2,false,
mzn-challenge,2025/proteindesign12/1UBI.13p.19aa.usingEref_self,false,,,false,10000,10000,minizinc,global,3,2,false,
mzn-challenge,2025/proteindesign12/1UBI.13p.9aa.usingEref_self_x,false,6099.0,true,false,9782,10000,minizinc,global,3,2,false,
mzn-challenge,2025/proteindesign12/2TRX.11p.8aa.usingEref_self_x,false,5912.0,true,false,6529,10000,minizinc,global,3,2,false,
mzn-challenge,2025/skill-allocation/skill_allocation_mzn_1m_2,false,2.0,true,true,6501,10000,minizinc,global,2,6,false,
mzn-challenge,2025/skill-allocation/skill_allocation_mzn_2m_2,false,,,false,10000,10000,minizinc,global,2,6,false,
mzn-challenge,2025/skill-allocation/skill_allocation_mzn_2w_2,false,5.0,true,false,2060,10000,minizinc,global,2,6,false,
mzn-challenge,2025/skill-allocation/skill_allocation_mzn_3m_3,false,,,false,10000,10000,minizinc,global,2,6,false,
mzn-challenge,2025/skill-allocation/skill_allocation_mzn_5d_1,false,2.0,true,true,851,10000,minizinc,global,2,6,false,
mzn-challenge,2025/stripboard,false,,,false,10000,10000,minizinc,global,3,0,false,
mzn-challenge,2025/tower/tower_050_050_10_050-03,true,45.0,true,true,1180,10000,minizinc,global,5,3,false,
mzn-challenge,2025/tower/tower_070_070_15_070-02,true,70.0,true,true,3460,10000,minizinc,global,5,3,false,
mzn-challenge,2025/tower/tower_070_070_15_070-08,true,58.0,true,false,2288,10000,minizinc,global,5,3,false,
mzn-challenge,2025/tower/tower_070_070_30_100-02,true,,,false,10000,10000,minizinc,global,5,3,false,
mzn-challenge,2025/tower/tower_500_500_50_300-05,true,114.0,true,false,8328,10000,minizinc,global,5,3,false,
mzn-challenge,2025/tsptw/n100w120.003,false,,,false,10000,10000,minizinc,global,3,0,false,
mzn-challenge,2025/tsptw/n20w140.005,false,275.0,true,true,612,10000,minizinc,global,3,0,false,
mzn-challenge,2025/tsptw/n20w160.001,false,349.0,true,true,915,10000,minizinc,global,3,0,false,
mzn-challenge,2025/tsptw/n20w180.004,false,289.0,true,false,361,10000,minizinc,global,3,0,false,
mzn-challenge,2025/tsptw/n80w180.003,false,,,false,10000,10000,minizinc,global,3,0,false,
mzn-challenge,2025/work-task-variation/generated-seed-1-length-16-open-14-workers-12-block-15,false,142.0,true,false,4025,10000,minizinc,global,3,3,false,
mzn-challenge,2025/work-task-variation/generated-seed-10-length-12-open-10-workers-12-block-5,false,,,false,10000,10000,minizinc,global,3,3,false,
mzn-challenge,2025/work-task-variation/generated-seed-3-length-10-open-8-workers-12-block-15,false,219.0,true,false,3800,10000,minizinc,global,3,3,false,
mzn-challenge,2025/work-task-variation/generated-seed-4-length-14-open-12-workers-12-block-15,false,162.0,true,false,5060,10000,minizinc,global,3,3,false,
mzn-challenge,2025/work-task-variation/generated-seed-8-length-12-open-10-workers-10-block-15,false,233.0,true,false,2553,10000,minizinc,global,3,3,false,
mzn-challenge,2026/atp-stage2,false,,,false,10000,10000,minizinc,global,4,5,false,
mzn-challenge,2026/community-detection-2021,false,,,false,10000,10000,minizinc,global,1,4,false,
mzn-challenge,2026/filters,false,,,false,10000,10000,minizinc,global,3,0,false,
mzn-challenge,2026/gbac,false,,,false,10000,10000,minizinc,linear,0,4,false,
mzn-challenge,2026/gcc-benchmark,false,,,false,10000,10000,minizinc,arithmetic,0,0,false,
mzn-challenge,2026/kitchen,false,,,false,10000,10000,minizinc,linear,0,19,false,
mzn-challenge,2026/multiple-constant-multiplication,false,,,false,10000,10000,minizinc,global,3,0,false,
mzn-challenge,2026/nonogram,false,,,false,10000,10000,minizinc,global,1,0,false,
mzn-challenge,2026/nside,false,,,false,10000,10000,minizinc,global,4,2,false,
mzn-challenge,2026/orthorio,false,,,false,10000,10000,minizinc,global,6,3,false,
mzn-challenge,2026/rect-euler,false,,,false,10000,10000,minizinc,global,6,3,false,
mzn-challenge,2026/saeling,false,,,false,10000,10000,minizinc,global,3,6,false,
mzn-challenge,2026/sdn-chain,false,,,false,10000,10000,minizinc,global,2,3,false,
mzn-challenge,2026/spot5,false,,,false,10000,10000,minizinc,global,3,3,false,
mzn-challenge,2026/surface-based-tsp,false,,,false,10000,10000,minizinc,linear,0,7,false,
mzn-challenge,2026/tdtsp,false,,,false,10000,10000,minizinc,global,3,4,false,
mzn-challenge,2026/vrplc,false,,,false,10000,10000,minizinc,global,6,1,false,
mzn-challenge,2026/warehouse,false,,,false,10000,10000,minizinc,global,3,6,false,
mzn-challenge,2026/workforce-alloc,false,,,false,10000,10000,minizinc,global,3,2,false,
mzn-challenge,2026/zephyrus-2016,false,,,false,10000,10000,minizinc,global,1,20,false,
xcsp3-cop-22to25,AircraftAssemblyLine-1-178-00-0_c23,false,31.0,true,false,10002,10000,xcsp3,global,988,7,false,
xcsp3-cop-22to25,AircraftAssemblyLine-1-178-20-0_c23,false,25.0,true,false,10001,10000,xcsp3,global,792,7,false,
xcsp3-cop-22to25,AircraftAssemblyLine-1-178-20-1_c23,false,25.0,true,false,10001,10000,xcsp3,global,725,7,false,
xcsp3-cop-22to25,AircraftAssemblyLine-1-178-20-2_c23,false,26.0,true,false,10001,10000,xcsp3,global,743,7,false,
xcsp3-cop-22to25,AircraftAssemblyLine-1-178-50-0_c23,false,17.0,true,false,10001,10000,xcsp3,global,492,7,false,
xcsp3-cop-22to25,AircraftAssemblyLine-1-178-50-1_c23,false,18.0,true,false,10001,10000,xcsp3,global,447,7,false,
xcsp3-cop-22to25,AircraftAssemblyLine-1-178-50-2_c23,false,18.0,true,false,10001,10000,xcsp3,global,541,7,false,
xcsp3-cop-22to25,AircraftAssemblyLine-1-178-70-0_c23,false,13.0,true,false,10001,10000,xcsp3,global,368,7,false,
xcsp3-cop-22to25,AircraftAssemblyLine-1-178-70-1_c23,false,16.0,true,false,10001,10000,xcsp3,global,313,7,false,
xcsp3-cop-22to25,AircraftAssemblyLine-1-178-70-2_c23,false,12.0,true,false,10001,10000,xcsp3,global,400,7,false,
xcsp3-cop-22to25,AircraftAssemblyLine-2-178-00-0_c23,false,27.0,true,false,10001,10000,xcsp3,global,795,7,false,
xcsp3-cop-22to25,AircraftAssemblyLine-2-178-20-0_c23,false,30.0,true,false,10001,10000,xcsp3,global,655,7,false,
xcsp3-cop-22to25,AircraftAssemblyLine-2-178-20-1_c23,false,23.0,true,false,10001,10000,xcsp3,global,558,7,false,
xcsp3-cop-22to25,AircraftAssemblyLine-2-178-20-2_c23,false,24.0,true,false,10001,10000,xcsp3,global,655,7,false,
xcsp3-cop-22to25,AircraftAssemblyLine-2-178-50-0_c23,false,19.0,true,false,10001,10000,xcsp3,global,337,7,false,
xcsp3-cop-22to25,AircraftAssemblyLine-2-178-50-1_c23,false,18.0,true,false,10001,10000,xcsp3,global,393,6,false,
xcsp3-cop-22to25,AircraftAssemblyLine-2-178-50-2_c23,false,20.0,true,false,10001,10000,xcsp3,global,468,7,false,
xcsp3-cop-22to25,AircraftAssemblyLine-2-178-70-0_c23,false,17.0,true,false,10001,10000,xcsp3,global,229,7,false,
xcsp3-cop-22to25,AircraftAssemblyLine-2-178-70-1_c23,false,16.0,true,false,10003,10000,xcsp3,global,284,6,false,
xcsp3-cop-22to25,AircraftAssemblyLine-2-178-70-2_c23,false,17.0,true,false,10001,10000,xcsp3,global,366,7,false,
xcsp3-cop-22to25,AircraftAssemblyLine-3-628-000-0_c24,false,37.0,true,false,10002,10000,xcsp3,global,5286,7,false,
xcsp3-cop-22to25,AircraftAssemblyLine-3-628-020-0_c24,false,29.0,true,false,10001,10000,xcsp3,global,4951,7,false,
xcsp3-cop-22to25,AircraftAssemblyLine-3-628-020-1_c24,false,35.0,true,false,10002,10000,xcsp3,global,4615,7,false,
xcsp3-cop-22to25,AircraftAssemblyLine-3-628-020-2_c24,false,35.0,true,false,10001,10000,xcsp3,global,4788,7,false,
xcsp3-cop-22to25,AircraftAssemblyLine-3-628-050-0_c24,false,30.0,true,false,10002,10000,xcsp3,global,4601,7,false,
xcsp3-cop-22to25,AircraftAssemblyLine-3-628-050-1_c24,false,,,false,10000,10000,xcsp3,global,3917,7,false,
xcsp3-cop-22to25,AircraftAssemblyLine-3-628-050-2_c24,false,32.0,true,false,10002,10000,xcsp3,global,4088,7,false,
xcsp3-cop-22to25,AircraftAssemblyLine-3-628-070-0_c24,false,31.0,true,false,10002,10000,xcsp3,global,3988,7,false,
xcsp3-cop-22to25,AircraftAssemblyLine-3-628-070-1_c24,false,36.0,true,false,10001,10000,xcsp3,global,3641,7,false,
xcsp3-cop-22to25,AircraftAssemblyLine-3-628-070-2_c24,false,38.0,true,false,10002,10000,xcsp3,global,3677,7,false,
xcsp3-cop-22to25,AircraftAssemblyLine-3-628-100-0_c24,false,38.0,true,false,10001,10000,xcsp3,global,3209,7,false,
xcsp3-cop-22to25,AircraftAssemblyLine-3-628-100-1_c24,false,33.0,true,false,10001,10000,xcsp3,global,3292,7,false,
xcsp3-cop-22to25,AircraftAssemblyLine-3-628-100-2_c24,false,31.0,true,false,10001,10000,xcsp3,global,3029,7,false,
xcsp3-cop-22to25,AircraftAssemblyLine-3-628-150-0_c24,false,35.0,true,false,10002,10000,xcsp3,global,2709,7,false,
xcsp3-cop-22to25,AircraftAssemblyLine-3-628-150-1_c24,false,32.0,true,false,10001,10000,xcsp3,global,2573,7,false,
xcsp3-cop-22to25,AircraftAssemblyLine-3-628-150-2_c24,false,28.0,true,false,10001,10000,xcsp3,global,2099,7,false,
xcsp3-cop-22to25,AircraftLanding-table-airland01_c22,false,70000.0,true,true,1341,10000,xcsp3,global,56,0,false,
xcsp3-cop-22to25,AircraftLanding-table-airland02_c22,false,148000.0,true,true,5172,10000,xcsp3,global,121,0,false,
xcsp3-cop-22to25,AircraftLanding-table-airland03_c22,false,82000.0,true,true,3979,10000,xcsp3,global,211,0,false,
xcsp3-cop-22to25,AircraftLanding-table-airland04_c22,false,258000.0,true,false,10002,10000,xcsp3,global,211,0,false,
xcsp3-cop-22to25,AircraftLanding-table-airland05_c22,false,393000.0,true,false,10003,10000,xcsp3,global,211,0,false,
xcsp3-cop-22to25,AircraftLanding-table-airland06_c22,false,2444200.0,true,true,212,10000,xcsp3,global,466,0,false,
xcsp3-cop-22to25,AircraftLanding-table-airland07_c22,false,155000.0,true,true,3147,10000,xcsp3,global,991,0,false,
xcsp3-cop-22to25,AircraftLanding-table-airland08_c22,false,560000.0,true,false,10007,10000,xcsp3,global,1276,0,false,
xcsp3-cop-22to25,AircraftLanding-table-airland09_c22,false,,,false,10000,10000,xcsp3,global,5051,0,false,
xcsp3-cop-22to25,AircraftLanding-table-airland10_c22,false,,,false,10000,10000,xcsp3,global,11326,0,false,
xcsp3-cop-22to25,AircraftLanding-table-airland11_c22,false,,,false,10000,10000,xcsp3,global,20101,0,false,
xcsp3-cop-22to25,AircraftLanding-table-airland12_c22,false,,,false,10000,10000,xcsp3,global,31376,0,false,
xcsp3-cop-22to25,AircraftLanding-table-airland13_c22,false,,,false,10000,10000,xcsp3,global,125251,0,false,
xcsp3-cop-22to25,AlteredStates-02_c25,true,7.0,true,true,225,10000,xcsp3,global,9,3,false,
xcsp3-cop-22to25,AlteredStates-03_c25,true,25.0,true,false,10003,10000,xcsp3,global,9,3,false,
xcsp3-cop-22to25,AlteredStates-04_c25,true,35.0,true,false,10005,10000,xcsp3,global,9,3,false,
xcsp3-cop-22to25,AlteredStates-05_c25,true,56.0,true,false,10013,10000,xcsp3,global,9,3,false,
xcsp3-cop-22to25,AlteredStates-06_c25,true,74.0,true,false,10014,10000,xcsp3,global,9,3,false,
xcsp3-cop-22to25,AlteredStates-08_c25,true,,,false,10000,10000,xcsp3,global,9,3,false,
xcsp3-cop-22to25,AlteredStates-10_c25,true,,,false,10000,10000,xcsp3,global,9,3,false,
xcsp3-cop-22to25,AlteredStates-12_c25,true,,,false,10000,10000,xcsp3,global,9,3,false,
xcsp3-cop-22to25,AlteredStates-15_c25,true,,,false,10000,10000,xcsp3,global,9,3,false,
xcsp3-cop-22to25,AlteredStates-bis-02_c25,true,2.9145505E7,true,true,2038,10000,xcsp3,global,9,4,false,
xcsp3-cop-22to25,AlteredStates-bis-03_c25,true,1.14156317E8,true,false,10002,10000,xcsp3,global,9,4,false,
xcsp3-cop-22to25,AlteredStates-bis-04_c25,true,1.10521598E8,true,false,10005,10000,xcsp3,global,9,4,false,
xcsp3-cop-22to25,AlteredStates-bis-05_c25,true,1.4588104E8,true,false,10010,10000,xcsp3,global,9,4,false,
xcsp3-cop-22to25,AlteredStates-bis-06_c25,true,1.53675833E8,true,false,10014,10000,xcsp3,global,9,4,false,
xcsp3-cop-22to25,AlteredStates-bis-08_c25,true,2.06946429E8,true,false,10025,10000,xcsp3,global,9,4,false,
xcsp3-cop-22to25,AlteredStates-bis-10_c25,true,8.254019E7,true,false,10029,10000,xcsp3,global,9,4,false,
xcsp3-cop-22to25,AlteredStates-bis-12_c25,true,,,false,10000,10000,xcsp3,global,9,4,false,
xcsp3-cop-22to25,AlteredStates-bis-15_c25,true,,,false,10000,10000,xcsp3,global,9,4,false,
xcsp3-cop-22to25,AztecDiamondSym-03_c24,false,69.0,true,true,250,10000,xcsp3,global,3,0,true,
xcsp3-cop-22to25,AztecDiamondSym-04_c24,false,341.0,true,false,10000,10000,xcsp3,global,3,0,true,
xcsp3-cop-22to25,AztecDiamondSym-05_c24,false,1229.0,true,false,10001,10000,xcsp3,global,3,0,true,
xcsp3-cop-22to25,AztecDiamondSym-06_c24,false,3743.0,true,false,10041,10000,xcsp3,global,3,0,true,
xcsp3-cop-22to25,AztecDiamondSym-07_c24,false,11386.0,true,false,10003,10000,xcsp3,global,3,0,true,
xcsp3-cop-22to25,AztecDiamondSym-08_c24,false,24784.0,true,false,10073,10000,xcsp3,global,3,0,true,
xcsp3-cop-22to25,AztecDiamondSym-09_c24,false,59736.0,true,false,10005,10000,xcsp3,global,3,0,true,
xcsp3-cop-22to25,AztecDiamondSym-10_c24,false,,,false,10000,10000,xcsp3,global,3,0,true,
xcsp3-cop-22to25,AztecDiamondSym-12_c24,false,,,false,10000,10000,xcsp3,global,3,0,true,
xcsp3-cop-22to25,AztecDiamondSym-15_c24,false,,,false,10000,10000,xcsp3,global,3,0,true,
xcsp3-cop-22to25,BeerJugs-dec-01_c23,true,25.0,true,true,2738,10000,xcsp3,global,1,2,true,
xcsp3-cop-22to25,BeerJugs-dec-03_c23,true,37.0,true,false,10008,10000,xcsp3,global,1,2,true,
xcsp3-cop-22to25,BeerJugs-dec-05_c23,true,37.0,true,false,10007,10000,xcsp3,global,1,2,true,
xcsp3-cop-22to25,BeerJugs-dec-06_c23,true,45.0,true,false,10009,10000,xcsp3,global,1,2,true,
xcsp3-cop-22to25,BeerJugs-dec-07_c23,true,49.0,true,false,10006,10000,xcsp3,global,1,2,true,
xcsp3-cop-22to25,BeerJugs-dec-08_c23,true,53.0,true,false,10007,10000,xcsp3,global,1,2,true,
xcsp3-cop-22to25,BeerJugs-dec-09_c23,true,57.0,true,false,10008,10000,xcsp3,global,1,2,true,
xcsp3-cop-22to25,BeerJugs-dec-10_c23,true,61.0,true,false,10009,10000,xcsp3,global,1,2,true,
xcsp3-cop-22to25,Benzenoide-06_c23,false,,,false,10000,10000,xcsp3,global,16,1,true,
xcsp3-cop-22to25,Benzenoide-07_c23,false,,,false,10000,10000,xcsp3,global,16,1,true,
xcsp3-cop-22to25,Benzenoide-08_c23,false,,,false,10000,10000,xcsp3,global,16,1,true,
xcsp3-cop-22to25,Benzenoide-09_c23,false,,,false,10000,10000,xcsp3,global,16,1,true,
xcsp3-cop-22to25,Benzenoide-10_c23,false,,,false,10000,10000,xcsp3,global,16,1,true,
xcsp3-cop-22to25,Benzenoide-11_c23,false,,,false,10000,10000,xcsp3,global,16,1,true,
xcsp3-cop-22to25,Benzenoide-12_c23,false,,,false,10000,10000,xcsp3,global,16,1,true,
xcsp3-cop-22to25,Benzenoide-13_c23,false,,,false,10000,10000,xcsp3,global,16,1,true,
xcsp3-cop-22to25,Benzenoide-14_c23,false,,,false,10000,10000,xcsp3,global,16,1,true,
xcsp3-cop-22to25,Benzenoide-15_c23,false,,,false,10000,10000,xcsp3,global,16,1,true,
xcsp3-cop-22to25,BinPacking-n1c1w1a_c24,false,25.0,true,true,896,10000,xcsp3,global,3,2,false,
xcsp3-cop-22to25,BinPacking-n3c2w1a_c24,false,,,false,10000,10000,xcsp3,global,3,2,false,
xcsp3-cop-22to25,BinPacking-n3c3w1a_c24,false,,,false,10000,10000,xcsp3,global,3,2,false,
xcsp3-cop-22to25,BinPacking-n3c3w2a_c24,false,,,false,10000,10000,xcsp3,global,3,2,false,
xcsp3-cop-22to25,BinPacking-n3c3w4a_c24,false,,,false,10000,10000,xcsp3,global,3,2,false,
xcsp3-cop-22to25,BinPacking-n4c1w1a_c24,false,,,false,10000,10000,xcsp3,global,3,2,false,
xcsp3-cop-22to25,BinPacking-table-n1c1w1a_c24,false,,,false,10000,10000,xcsp3,global,3,1,false,
xcsp3-cop-22to25,BinPacking-table-n3c3w2a_c24,false,,,false,10000,10000,xcsp3,global,3,1,false,
xcsp3-cop-22to25,BinPacking-table-n3c3w4a_c24,false,,,false,10000,10000,xcsp3,global,3,1,false,
xcsp3-cop-22to25,BinPacking2-n1c1w1a_c24,false,25.0,true,true,51,10000,xcsp3,global,3,0,false,
xcsp3-cop-22to25,BinPacking2-n3c2w1a_c24,false,93.0,true,false,10001,10000,xcsp3,global,3,0,false,
xcsp3-cop-22to25,BinPacking2-n3c3w1a_c24,false,72.0,true,false,10008,10000,xcsp3,global,3,0,false,
xcsp3-cop-22to25,BinPacking2-n3c3w2a_c24,false,92.0,true,false,10003,10000,xcsp3,global,3,0,false,
xcsp3-cop-22to25,BinPacking2-n3c3w4a_c24,false,95.0,true,false,10003,10000,xcsp3,global,3,0,false,
xcsp3-cop-22to25,BinPacking2-n4c1w1a_c24,false,,,false,10000,10000,xcsp3,global,3,0,false,
xcsp3-cop-22to25,BlockModeling-kansas-02_c25,false,104.0,true,false,10000,10000,xcsp3,linear,0,1,false,
xcsp3-cop-22to25,BlockModeling-kansas-03_c25,false,92.0,true,false,10000,10000,xcsp3,linear,0,1,false,
xcsp3-cop-22to25,BlockModeling-kansas-05_c25,false,120.0,true,false,10001,10000,xcsp3,linear,0,1,false,
xcsp3-cop-22to25,BlockModeling-kansas-10_c25,false,120.0,true,false,10004,10000,xcsp3,linear,0,1,false,
xcsp3-cop-22to25,BlockModeling-karate-02_c25,false,78.0,true,false,10001,10000,xcsp3,linear,0,1,false,
xcsp3-cop-22to25,BlockModeling-karate-03_c25,false,62.0,true,false,10001,10000,xcsp3,linear,0,1,false,
xcsp3-cop-22to25,BlockModeling-karate-05_c25,false,78.0,true,false,10003,10000,xcsp3,linear,0,1,false,
xcsp3-cop-22to25,BlockModeling-karate-10_c25,false,78.0,true,false,10007,10000,xcsp3,linear,0,1,false,
xcsp3-cop-22to25,BlockModeling-politicalactor-02_c25,false,44.0,true,true,602,10000,xcsp3,linear,0,1,false,
xcsp3-cop-22to25,BlockModeling-politicalactor-03_c25,false,44.0,true,false,10000,10000,xcsp3,linear,0,1,false,
xcsp3-cop-22to25,BlockModeling-politicalactor-05_c25,false,28.0,true,false,10000,10000,xcsp3,linear,0,1,false,
xcsp3-cop-22to25,BlockModeling-politicalactor-10_c25,false,20.0,true,false,10001,10000,xcsp3,linear,0,1,false,
xcsp3-cop-22to25,BlockModeling-transatlantic-02_c25,false,33.0,true,true,294,10000,xcsp3,linear,0,1,false,
xcsp3-cop-22to25,BlockModeling-transatlantic-03_c25,false,29.0,true,false,10000,10000,xcsp3,linear,0,1,false,
xcsp3-cop-22to25,BlockModeling-transatlantic-05_c25,false,27.0,true,false,10000,10000,xcsp3,linear,0,1,false,
xcsp3-cop-22to25,BlockModeling-transatlantic-10_c25,false,16.0,true,false,10001,10000,xcsp3,linear,0,1,false,
xcsp3-cop-22to25,BusScheduling-c1_c25,false,27.0,true,false,10001,10000,xcsp3,global,1,0,false,
xcsp3-cop-22to25,BusScheduling-c1a_c25,false,28.0,true,false,9755,10000,xcsp3,global,1,0,false,
xcsp3-cop-22to25,BusScheduling-c2_c25,false,34.0,true,false,10002,10000,xcsp3,global,1,0,false,
xcsp3-cop-22to25,BusScheduling-r1_c25,false,13.0,true,false,9989,10000,xcsp3,global,1,0,true,
xcsp3-cop-22to25,BusScheduling-r1a_c25,false,13.0,true,false,10186,10000,xcsp3,global,1,0,false,
xcsp3-cop-22to25,BusScheduling-r2_c25,false,15.0,true,false,10000,10000,xcsp3,global,1,0,false,
xcsp3-cop-22to25,BusScheduling-r3_c25,false,,,false,10000,10000,xcsp3,global,1,0,false,
xcsp3-cop-22to25,BusScheduling-r4_c25,false,27.0,true,false,10000,10000,xcsp3,global,2,0,false,
xcsp3-cop-22to25,BusScheduling-r5_c25,false,30.0,true,false,9975,10000,xcsp3,global,2,0,false,
xcsp3-cop-22to25,BusScheduling-r5a_c25,false,,,false,10000,10000,xcsp3,global,2,0,false,
xcsp3-cop-22to25,BusScheduling-t1_c25,false,7.0,true,true,2,10000,xcsp3,global,1,0,false,
xcsp3-cop-22to25,BusScheduling-t2_c25,false,21.0,true,false,10000,10000,xcsp3,global,2,0,true,
xcsp3-cop-22to25,ButtonsScissors-00_c25,false,9.0,true,true,8412,10000,xcsp3,global,1,4,false,
xcsp3-cop-22to25,ButtonsScissors-01_c25,false,10.0,true,true,1824,10000,xcsp3,global,1,4,false,
xcsp3-cop-22to25,ButtonsScissors-02_c25,false,9.0,true,true,9785,10000,xcsp3,global,1,4,false,
xcsp3-cop-22to25,ButtonsScissors-03_c25,false,,,false,10000,10000,xcsp3,global,1,4,false,
xcsp3-cop-22to25,ButtonsScissors-04_c25,false,16.0,true,false,10001,10000,xcsp3,global,1,4,false,
xcsp3-cop-22to25,ButtonsScissors-05_c25,false,,,false,10000,10000,xcsp3,global,1,4,false,
xcsp3-cop-22to25,ButtonsScissors-06_c25,false,,,false,10000,10000,xcsp3,global,1,4,false,
xcsp3-cop-22to25,ButtonsScissors-07_c25,false,,,false,10000,10000,xcsp3,global,1,4,false,
xcsp3-cop-22to25,ButtonsScissors-08_c25,false,,,false,10000,10000,xcsp3,global,1,4,false,
xcsp3-cop-22to25,ButtonsScissors-09_c25,false,,,false,10000,10000,xcsp3,global,1,4,false,
xcsp3-cop-22to25,ButtonsScissors-10_c25,false,,,false,10000,10000,xcsp3,global,1,4,false,
xcsp3-cop-22to25,CVRP-A-n32-k5_c22,false,,,false,10000,10000,xcsp3,global,6,2,false,
xcsp3-cop-22to25,CVRP-A-n33-k5_c22,false,,,false,10000,10000,xcsp3,global,6,2,false,
xcsp3-cop-22to25,CVRP-A-n33-k6_c22,false,,,false,10000,10000,xcsp3,global,6,2,false,
xcsp3-cop-22to25,CVRP-A-n34-k5_c22,false,,,false,10000,10000,xcsp3,global,6,2,false,
xcsp3-cop-22to25,CVRP-A-n36-k5_c22,false,,,false,10000,10000,xcsp3,global,6,2,false,
xcsp3-cop-22to25,CVRP-A-n37-k5_c22,false,,,false,10000,10000,xcsp3,global,6,2,false,
xcsp3-cop-22to25,CVRP-A-n37-k6_c22,false,,,false,10000,10000,xcsp3,global,6,2,false,
xcsp3-cop-22to25,CVRP-A-n38-k5_c22,false,,,false,10000,10000,xcsp3,global,6,2,false,
xcsp3-cop-22to25,CVRP-A-n39-k5_c22,false,,,false,10000,10000,xcsp3,global,6,2,false,
xcsp3-cop-22to25,CVRP-A-n39-k6_c22,false,,,false,10000,10000,xcsp3,global,6,2,false,
xcsp3-cop-22to25,Cargo-01-0s-1913_c24,false,0.0,true,true,144,10000,xcsp3,global,4,13,false,
xcsp3-cop-22to25,Cargo-02-0s-1139_c24,false,25.0,true,true,137,10000,xcsp3,global,4,13,false,
xcsp3-cop-22to25,Cargo-04-1s-626_c24,false,714.0,true,true,225,10000,xcsp3,global,4,13,false,
xcsp3-cop-22to25,Cargo-05-1s-954_c24,false,2883.0,true,true,291,10000,xcsp3,global,4,13,false,
xcsp3-cop-22to25,Cargo-06-1s-3927_c24,false,6778.0,true,false,10001,10000,xcsp3,global,4,13,false,
xcsp3-cop-22to25,Cargo-07-1s-133_c24,false,328.0,true,true,336,10000,xcsp3,global,4,13,false,
xcsp3-cop-22to25,Cargo-08-222f-3475_c24,false,44271.0,true,false,10001,10000,xcsp3,global,4,13,false,
xcsp3-cop-22to25,Cargo-09-1s-18_c24,false,265.0,true,true,350,10000,xcsp3,global,4,13,false,
xcsp3-cop-22to25,Cargo-10-15966f-2060_c24,false,21941.0,true,false,10003,10000,xcsp3,global,4,13,false,
xcsp3-cop-22to25,Cargo-12-1422f-1644_c24,false,129607.0,true,false,10001,10000,xcsp3,global,4,13,false,
xcsp3-cop-22to25,Cargo-16-10720f-4243_c24,false,,,false,10000,10000,xcsp3,global,4,13,false,
xcsp3-cop-22to25,Cargo-19-31058f-2548_c24,false,442000.0,true,false,10001,10000,xcsp3,global,4,13,false,
xcsp3-cop-22to25,Cargo-20-27613f-2435_c24,false,,,false,10000,10000,xcsp3,global,4,13,false,
xcsp3-cop-22to25,Cargo-22_c24,false,884.0,true,true,119,10000,xcsp3,global,4,13,false,
xcsp3-cop-22to25,Cargo-24_c24,false,0.0,true,true,89,10000,xcsp3,global,4,13,false,
xcsp3-cop-22to25,Cargo-25_c24,false,0.0,true,true,82,10000,xcsp3,global,4,13,false,
xcsp3-cop-22to25,CarpetCutting-test01_c23,false,621.0,true,true,19,10000,xcsp3,global,9,8,false,
xcsp3-cop-22to25,CarpetCutting-test02_c23,false,919.0,true,true,14,10000,xcsp3,global,7,8,false,
xcsp3-cop-22to25,CarpetCutting-test03_c23,false,991.0,true,true,57,10000,xcsp3,global,9,15,false,
xcsp3-cop-22to25,CarpetCutting-test04_c23,false,1144.0,true,true,5537,10000,xcsp3,global,11,15,false,
xcsp3-cop-22to25,CarpetCutting-test05_c23,false,1122.0,true,true,3540,10000,xcsp3,global,11,15,false,
xcsp3-cop-22to25,CarpetCutting-test06_c23,false,2330.0,true,true,7489,10000,xcsp3,global,14,15,false,
xcsp3-cop-22to25,CarpetCutting-test07_c23,false,2654.0,true,false,10000,10000,xcsp3,global,13,15,false,
xcsp3-cop-22to25,CarpetCutting-test08_c23,false,3393.0,true,false,10000,10000,xcsp3,global,16,15,false,
xcsp3-cop-22to25,CarpetCutting-test09_c23,false,2470.0,true,true,6971,10000,xcsp3,global,14,15,false,
xcsp3-cop-22to25,CarpetCutting-test10_c23,false,3993.0,true,false,10001,10000,xcsp3,global,16,15,false,
xcsp3-cop-22to25,CarpetCutting-test11_c23,false,963.0,true,true,17,10000,xcsp3,global,10,8,false,
xcsp3-cop-22to25,CarpetCutting-test12_c23,false,621.0,true,true,21,10000,xcsp3,global,9,8,false,
xcsp3-cop-22to25,CarpetCutting-test13_c23,false,662.0,true,false,10000,10000,xcsp3,global,10,15,false,
xcsp3-cop-22to25,CarpetCutting-test14_c23,false,1876.0,true,false,10004,10000,xcsp3,global,14,15,false,
xcsp3-cop-22to25,CarpetCutting-test15_c23,false,2386.0,true,false,10001,10000,xcsp3,global,13,15,false,
xcsp3-cop-22to25,CarpetCutting-test16_c23,false,1151.0,true,true,3718,10000,xcsp3,global,11,15,false,
xcsp3-cop-22to25,CarpetCutting-test17_c23,false,2019.0,true,false,10023,10000,xcsp3,global,12,15,false,
xcsp3-cop-22to25,CarpetCutting-test18_c23,false,1655.0,true,false,10001,10000,xcsp3,global,14,15,false,
xcsp3-cop-22to25,CarpetCutting-test19_c23,false,2223.0,true,false,10006,10000,xcsp3,global,12,15,false,
xcsp3-cop-22to25,CarpetCutting-test20_c23,false,3780.0,true,false,10001,10000,xcsp3,global,14,16,false,
xcsp3-cop-22to25,ChampionsLeague-2024-09_c25,true,24.0,true,true,770,10000,xcsp3,global,2,6,false,
xcsp3-cop-22to25,ChampionsLeague-2024-15_c25,true,21.0,true,false,10000,10000,xcsp3,global,2,6,false,
xcsp3-cop-22to25,ChampionsLeague-2024-18_c25,true,19.0,true,false,9956,10000,xcsp3,global,2,6,false,
xcsp3-cop-22to25,ChampionsLeague-2024-20_c25,true,18.0,true,false,10000,10000,xcsp3,global,2,6,false,
xcsp3-cop-22to25,ChampionsLeague-2024-25_c25,true,15.0,true,false,10000,10000,xcsp3,global,2,6,false,
xcsp3-cop-22to25,ChampionsLeague-2024-30_c25,true,13.0,true,false,10000,10000,xcsp3,global,2,6,false,
xcsp3-cop-22to25,ChampionsLeague-2024-35_c25,true,12.0,true,false,10000,10000,xcsp3,global,2,6,false,
xcsp3-cop-22to25,ChampionsLeague-strict-2024-09_c25,true,22.0,true,true,786,10000,xcsp3,global,2,6,false,
xcsp3-cop-22to25,ChampionsLeague-strict-2024-15_c25,true,20.0,true,true,1405,10000,xcsp3,global,2,6,false,
xcsp3-cop-22to25,ChampionsLeague-strict-2024-18_c25,true,18.0,true,false,10000,10000,xcsp3,global,2,6,false,
xcsp3-cop-22to25,ChampionsLeague-strict-2024-20_c25,true,17.0,true,false,10000,10000,xcsp3,global,2,6,false,
xcsp3-cop-22to25,ChampionsLeague-strict-2024-25_c25,true,15.0,true,false,10000,10000,xcsp3,global,2,6,false,
xcsp3-cop-22to25,ChampionsLeague-strict-2024-30_c25,true,12.0,true,false,10000,10000,xcsp3,global,2,6,false,
xcsp3-cop-22to25,ChampionsLeague-strict-2024-35_c25,true,11.0,true,true,1079,10000,xcsp3,global,2,6,false,
xcsp3-cop-22to25,Charlotte-06-0_c24,false,4695.0,true,true,122,10000,xcsp3,global,7,3,false,
xcsp3-cop-22to25,Charlotte-06-1_c24,false,5099.0,true,true,114,10000,xcsp3,global,7,3,false,
xcsp3-cop-22to25,Charlotte-06-2_c24,false,5612.0,true,true,136,10000,xcsp3,global,7,3,false,
xcsp3-cop-22to25,Charlotte-12-0_c24,false,9558.0,true,true,471,10000,xcsp3,global,7,3,false,
xcsp3-cop-22to25,Charlotte-12-1_c24,false,10380.0,true,true,566,10000,xcsp3,global,7,3,false,
xcsp3-cop-22to25,Charlotte-12-2_c24,false,9881.0,true,true,555,10000,xcsp3,global,7,3,false,
xcsp3-cop-22to25,Charlotte-18-0_c24,false,14525.0,true,true,1365,10000,xcsp3,global,7,3,false,
xcsp3-cop-22to25,Charlotte-18-1_c24,false,15141.0,true,true,1171,10000,xcsp3,global,7,3,false,
xcsp3-cop-22to25,Charlotte-18-2_c24,false,14549.0,true,true,1223,10000,xcsp3,global,7,3,false,
xcsp3-cop-22to25,Charlotte-24-0_c24,false,19445.0,true,true,2599,10000,xcsp3,global,7,3,false,
xcsp3-cop-22to25,Charlotte-24-1_c24,false,20049.0,true,true,2127,10000,xcsp3,global,7,3,false,
xcsp3-cop-22to25,Charlotte-24-2_c24,false,20369.0,true,true,3907,10000,xcsp3,global,7,3,false,
xcsp3-cop-22to25,ClockTriplet-03-12_c22,false,21.0,true,true,15,10000,xcsp3,global,1,3,false,
xcsp3-cop-22to25,ClockTriplet-05-15_c22,false,41.0,true,false,10002,10000,xcsp3,global,1,3,false,
xcsp3-cop-22to25,ClockTriplet-07-15_c22,false,60.0,true,false,10001,10000,xcsp3,global,1,3,false,
xcsp3-cop-22to25,ClockTriplet-07-20_c22,false,77.0,true,false,10001,10000,xcsp3,global,1,3,false,
xcsp3-cop-22to25,ClockTriplet-10-15_c22,false,82.0,true,false,10001,10000,xcsp3,global,1,3,false,
xcsp3-cop-22to25,ClockTriplet-10-20_c22,false,109.0,true,false,10000,10000,xcsp3,global,1,3,false,
xcsp3-cop-22to25,ClockTriplet-15-20_c22,false,164.0,true,false,10000,10000,xcsp3,global,1,3,false,
xcsp3-cop-22to25,ClockTriplet-15-30_c22,false,244.0,true,false,10001,10000,xcsp3,global,1,3,false,
xcsp3-cop-22to25,ClockTriplet-20-25_c22,false,271.0,true,false,10000,10000,xcsp3,global,1,3,false,
xcsp3-cop-22to25,ClockTriplet-20-35_c22,false,376.0,true,false,10000,10000,xcsp3,global,1,3,false,
xcsp3-cop-22to25,CoinsGrid-08-04_c22,false,80.0,true,true,1,10000,xcsp3,linear,0,2,false,
xcsp3-cop-22to25,CoinsGrid-10-05_c22,false,200.0,true,true,1,10000,xcsp3,linear,0,2,false,
xcsp3-cop-22to25,CoinsGrid-12-06_c22,false,420.0,true,true,2,10000,xcsp3,linear,0,2,false,
xcsp3-cop-22to25,CoinsGrid-14-07_c22,false,784.0,true,true,2,10000,xcsp3,linear,0,2,false,
xcsp3-cop-22to25,CoinsGrid-16-08_c22,false,1344.0,true,true,3,10000,xcsp3,linear,0,2,false,
xcsp3-cop-22to25,CoinsGrid-19-09_c22,false,2236.0,true,true,4,10000,xcsp3,linear,0,2,false,
xcsp3-cop-22to25,CoinsGrid-22-10_c22,false,3532.0,true,true,6,10000,xcsp3,linear,0,2,false,
xcsp3-cop-22to25,CoinsGrid-25-11_c22,false,5312.0,true,true,8,10000,xcsp3,linear,0,2,false,
xcsp3-cop-22to25,CoinsGrid-28-12_c22,false,7696.0,true,true,10,10000,xcsp3,linear,0,2,false,
xcsp3-cop-22to25,CoinsGrid-31-14_c22,false,13668.0,true,true,12,10000,xcsp3,linear,0,2,false,
xcsp3-cop-22to25,Coprime-08_c25,false,31.0,true,true,130,10000,xcsp3,global,1,2,false,
xcsp3-cop-22to25,Coprime-10_c25,false,47.0,true,true,604,10000,xcsp3,global,1,2,false,
xcsp3-cop-22to25,Coprime-12_c25,false,59.0,true,true,1918,10000,xcsp3,global,1,2,false,
xcsp3-cop-22to25,Coprime-14_c25,false,73.0,true,true,3996,10000,xcsp3,global,1,2,false,
xcsp3-cop-22to25,Coprime-16_c25,false,103.0,true,true,6622,10000,xcsp3,global,1,2,false,
xcsp3-cop-22to25,Coprime-17_c25,false,107.0,true,true,6640,10000,xcsp3,global,1,2,false,
xcsp3-cop-22to25,Coprime-18_c25,false,113.0,true,true,7591,10000,xcsp3,global,1,2,false,
xcsp3-cop-22to25,Coprime-19_c25,false,131.0,true,false,10003,10000,xcsp3,global,1,2,false,
xcsp3-cop-22to25,Coprime-20_c25,false,139.0,true,false,10005,10000,xcsp3,global,1,2,false,
xcsp3-cop-22to25,Coprime-21_c25,false,163.0,true,false,10004,10000,xcsp3,global,1,2,false,
xcsp3-cop-22to25,Coprime-22_c25,false,167.0,true,false,10011,10000,xcsp3,global,1,2,false,
xcsp3-cop-22to25,Coprime-23_c25,false,489.0,true,false,10005,10000,xcsp3,global,1,2,false,
xcsp3-cop-22to25,Coprime-24_c25,false,181.0,true,false,10006,10000,xcsp3,global,1,2,false,
xcsp3-cop-22to25,Coprime-25_c25,false,191.0,true,false,10007,10000,xcsp3,global,1,2,false,
xcsp3-cop-22to25,Coprime-30_c25,false,,,false,10000,10000,xcsp3,global,1,2,false,
xcsp3-cop-22to25,Coprime-40_c25,false,,,false,10000,10000,xcsp3,global,1,2,false,
xcsp3-cop-22to25,Cutstock-00-0_c25,false,4.0,true,true,2,10000,xcsp3,global,2,4,false,
xcsp3-cop-22to25,Cutstock-01-0_c25,false,13.0,true,true,123,10000,xcsp3,global,2,3,false,
xcsp3-cop-22to25,Cutstock-02-0_c25,false,,,false,10000,10000,xcsp3,global,2,3,false,
xcsp3-cop-22to25,Cutstock-03-0_c25,false,23.0,true,true,869,10000,xcsp3,global,2,3,false,
xcsp3-cop-22to25,Cutstock-04-0_c25,false,,,false,10000,10000,xcsp3,global,2,3,false,
xcsp3-cop-22to25,Cutstock-07-0_c25,false,58.0,true,true,70,10000,xcsp3,global,2,3,false,
xcsp3-cop-22to25,Cutstock-08-0_c25,false,579.0,true,true,2225,10000,xcsp3,global,2,3,false,
xcsp3-cop-22to25,Cutstock-09-0_c25,false,98.0,true,true,986,10000,xcsp3,global,2,3,false,
xcsp3-cop-22to25,Cutstock-10-0_c25,false,,,false,10000,10000,xcsp3,global,2,3,false,
xcsp3-cop-22to25,Cutstock-13-0_c25,false,65.0,true,true,64,10000,xcsp3,global,2,3,false,
xcsp3-cop-22to25,Cutstock-14-0_c25,false,653.0,true,true,1799,10000,xcsp3,global,2,3,false,
xcsp3-cop-22to25,Cutstock-15-0_c25,false,130.0,true,true,373,10000,xcsp3,global,2,3,false,
xcsp3-cop-22to25,Cutstock-16-0_c25,false,,,false,10000,10000,xcsp3,global,2,3,false,
xcsp3-cop-22to25,Cutstock-16-1_c25,false,,,false,10000,10000,xcsp3,global,2,3,false,
xcsp3-cop-22to25,Cutstock-16-2_c25,false,,,false,10000,10000,xcsp3,global,2,3,false,
xcsp3-cop-22to25,CyclicBandwidth-caterpillar13_c22,false,35.0,true,false,10002,10000,xcsp3,global,1,0,false,
xcsp3-cop-22to25,CyclicBandwidth-caterpillar16_c22,false,31.0,true,false,10003,10000,xcsp3,global,1,0,false,
xcsp3-cop-22to25,CyclicBandwidth-caterpillar19_c22,false,67.0,true,false,10005,10000,xcsp3,global,1,0,false,
xcsp3-cop-22to25,CyclicBandwidth-caterpillar23_c22,false,102.0,true,false,10002,10000,xcsp3,global,1,0,false,
xcsp3-cop-22to25,CyclicBandwidth-caterpillar29_c22,false,209.0,true,false,10003,10000,xcsp3,global,1,0,false,
xcsp3-cop-22to25,CyclicBandwidth-caterpillar35_c22,false,318.0,true,false,10003,10000,xcsp3,global,1,0,false,
xcsp3-cop-22to25,CyclicBandwidth-mesh2D05x08_c22,false,5.0,true,true,3724,10000,xcsp3,global,1,0,false,
xcsp3-cop-22to25,CyclicBandwidth-mesh2D10x10_c22,false,20.0,true,false,10002,10000,xcsp3,global,1,0,false,
xcsp3-cop-22to25,CyclicBandwidth-mesh2D25x26_c22,false,321.0,true,false,10005,10000,xcsp3,global,1,0,false,
xcsp3-cop-22to25,CyclicBandwidth-path100_c22,false,20.0,true,false,10001,10000,xcsp3,global,1,0,false,
xcsp3-cop-22to25,CyclicBandwidth-path200_c22,false,55.0,true,false,10004,10000,xcsp3,global,1,0,false,
xcsp3-cop-22to25,CyclicBandwidth-path300_c22,false,98.0,true,false,10001,10000,xcsp3,global,1,0,false,
xcsp3-cop-22to25,DC-midori-xor4-d1-t0-r03-v128_c22,false,3.0,true,true,111,10000,xcsp3,global,820,1,true,
xcsp3-cop-22to25,DC-midori-xor4-d1-t0-r04-v128_c22,false,4.0,true,true,282,10000,xcsp3,global,1774,1,true,
xcsp3-cop-22to25,DC-midori-xor4-d1-t0-r05-v128_c22,false,5.0,true,true,552,10000,xcsp3,global,3096,1,true,
xcsp3-cop-22to25,DC-midori-xor4-d1-t0-r06-v128_c22,false,6.0,true,true,1209,10000,xcsp3,global,4786,1,true,
xcsp3-cop-22to25,DC-midori-xor4-d1-t0-r08-v128_c22,false,8.0,true,false,10002,10000,xcsp3,global,9270,1,true,
xcsp3-cop-22to25,DC-midori-xor4-d1-t0-r09-v128_c22,false,9.0,true,false,10041,10000,xcsp3,global,12064,1,true,
xcsp3-cop-22to25,DC-midori-xor4-d1-t0-r14-v128_c22,false,14.0,true,false,10101,10000,xcsp3,global,31554,1,true,
xcsp3-cop-22to25,DC-rijndael-xor5-d1-t0-r03-keysize7-plainsize4_c22,false,1.0,true,true,172,10000,xcsp3,global,756,1,true,
xcsp3-cop-22to25,DC-rijndael-xor5-d1-t0-r04-keysize7-plainsize4_c22,false,3.0,true,true,459,10000,xcsp3,global,2622,1,true,
xcsp3-cop-22to25,DC-rijndael-xor5-d1-t0-r05-keysize7-plainsize4_c22,false,6.0,true,true,1890,10000,xcsp3,global,5416,1,true,
xcsp3-cop-22to25,DC-rijndael-xor5-d1-t0-r06-keysize7-plainsize4_c22,false,9.0,true,false,10002,10000,xcsp3,global,10546,1,true,
xcsp3-cop-22to25,DC-rijndael-xor5-d1-t0-r07-keysize7-plainsize4_c22,false,15.0,true,false,10004,10000,xcsp3,global,16172,1,true,
xcsp3-cop-22to25,DC-rijndael-xor5-d1-t0-r08-keysize7-plainsize4_c22,false,35.0,true,false,10005,10000,xcsp3,global,22682,1,true,
xcsp3-cop-22to25,DC-skinny-xor0-d0-t0-r06-v64-z0_c22,false,16.0,true,true,200,10000,xcsp3,global,216,1,true,
xcsp3-cop-22to25,DC-skinny-xor0-d0-t0-r07-v64-z0_c22,false,26.0,true,true,3502,10000,xcsp3,global,252,1,true,
xcsp3-cop-22to25,DC-skinny-xor0-d0-t0-r08-v64-z0_c22,false,36.0,true,false,10000,10000,xcsp3,global,288,1,true,
xcsp3-cop-22to25,DC-skinny-xor0-d0-t0-r09-v64-z0_c22,false,41.0,true,false,10006,10000,xcsp3,global,324,1,true,
xcsp3-cop-22to25,DC-skinny-xor0-d0-t0-r10-v64-z0_c22,false,46.0,true,false,10000,10000,xcsp3,global,360,1,true,
xcsp3-cop-22to25,DC-skinny-xor0-d0-t0-r11-v64-z0_c22,false,51.0,true,false,10014,10000,xcsp3,global,396,1,true,
xcsp3-cop-22to25,DC-skinny-xor0-d0-t0-r12-v64-z0_c22,false,56.0,true,false,10000,10000,xcsp3,global,432,1,true,
xcsp3-cop-22to25,DC-skinny-xor0-d0-t0-r13-v64-z0_c22,false,67.0,true,false,10000,10000,xcsp3,global,468,1,true,
xcsp3-cop-22to25,DC-skinny-xor0-d0-t0-r14-v64-z0_c22,false,68.0,true,false,10000,10000,xcsp3,global,504,1,true,
xcsp3-cop-22to25,DC-skinny-xor0-d0-t0-r15-v64-z0_c22,false,81.0,true,false,10000,10000,xcsp3,global,540,1,true,
xcsp3-cop-22to25,DC-skinny-xor0-d0-t0-r16-v64-z0_c22,false,91.0,true,false,10000,10000,xcsp3,global,576,1,true,
xcsp3-cop-22to25,DC-skinny-xor0-d0-t0-r17-v64-z0_c22,false,90.0,true,false,10000,10000,xcsp3,global,612,1,true,
xcsp3-cop-22to25,DC-skinny-xor0-d0-t0-r18-v64-z0_c22,false,96.0,true,false,10000,10000,xcsp3,global,648,1,true,
xcsp3-cop-22to25,Drinking-000050_c24,false,5.0,true,true,3,10000,xcsp3,linear,0,3,false,
xcsp3-cop-22to25,Drinking-000100_c24,false,10.0,true,true,5,10000,xcsp3,linear,0,3,false,
xcsp3-cop-22to25,Drinking-000200_c24,false,20.0,true,true,11,10000,xcsp3,linear,0,3,false,
xcsp3-cop-22to25,Drinking-000400_c24,false,40.0,true,true,19,10000,xcsp3,linear,0,3,false,
xcsp3-cop-22to25,Drinking-000700_c24,false,70.0,true,true,38,10000,xcsp3,linear,0,3,false,
xcsp3-cop-22to25,Drinking-010000_c24,false,1000.0,true,true,4538,10000,xcsp3,linear,0,3,false,
xcsp3-cop-22to25,Drinking-020000_c24,false,,,false,10000,10000,xcsp3,linear,0,3,false,
xcsp3-cop-22to25,Drinking-050000_c24,false,,,false,10000,10000,xcsp3,linear,0,3,false,
xcsp3-cop-22to25,Drinking-100000_c24,false,,,false,10000,10000,xcsp3,linear,0,3,false,
xcsp3-cop-22to25,Drinking-200000_c24,false,,,false,10000,10000,xcsp3,linear,0,3,false,
xcsp3-cop-22to25,EchelonStock2-A01_c22,false,36300.0,true,true,279,10000,xcsp3,linear,0,13,true,
xcsp3-cop-22to25,EchelonStock2-A02_c22,false,40800.0,true,true,241,10000,xcsp3,linear,0,13,true,
xcsp3-cop-22to25,EchelonStock2-A03_c22,false,41400.0,true,true,375,10000,xcsp3,linear,0,13,true,
xcsp3-cop-22to25,EchelonStock2-A04_c22,false,40150.0,true,true,289,10000,xcsp3,linear,0,13,true,
xcsp3-cop-22to25,EchelonStock2-A05_c22,false,39950.0,true,true,366,10000,xcsp3,linear,0,13,true,
xcsp3-cop-22to25,EchelonStock2-A06_c22,false,44250.0,true,true,447,10000,xcsp3,linear,0,13,true,
xcsp3-cop-22to25,EchelonStock2-A07_c22,false,40700.0,true,true,185,10000,xcsp3,linear,0,13,true,
xcsp3-cop-22to25,EchelonStock2-A08_c22,false,43550.0,true,true,386,10000,xcsp3,linear,0,13,true,
xcsp3-cop-22to25,EchelonStock2-A09_c22,false,43450.0,true,true,167,10000,xcsp3,linear,0,13,true,
xcsp3-cop-22to25,EchelonStock2-A10_c22,false,46650.0,true,true,179,10000,xcsp3,linear,0,13,true,
xcsp3-cop-22to25,FAPP-aux-01-0200_c25,false,,,false,10000,10000,xcsp3,global,945,5,false,
xcsp3-cop-22to25,FAPP-aux-02-0250_c25,false,,,false,10000,10000,xcsp3,global,1419,5,false,
xcsp3-cop-22to25,FAPP-aux-03-0300_c25,false,,,false,10000,10000,xcsp3,global,2050,5,false,
xcsp3-cop-22to25,FAPP-aux-04-0300_c25,false,,,false,10000,10000,xcsp3,global,1561,5,false,
xcsp3-cop-22to25,FAPP-aux-05-0350_c25,false,,,false,10000,10000,xcsp3,global,2177,5,false,
xcsp3-cop-22to25,FAPP-aux-06-0500_c25,false,,,false,10000,10000,xcsp3,global,3053,5,false,
xcsp3-cop-22to25,FAPP-aux-07-0600_c25,false,,,false,10000,10000,xcsp3,global,4218,5,false,
xcsp3-cop-22to25,FAPP-aux-08-0700_c25,false,,,false,10000,10000,xcsp3,global,3247,5,false,
xcsp3-cop-22to25,FAPP-aux-09-0800_c25,false,,,false,10000,10000,xcsp3,global,4175,5,false,
xcsp3-cop-22to25,FAPP-aux-10-0900_c25,false,,,false,10000,10000,xcsp3,global,5310,5,false,
xcsp3-cop-22to25,FAPP-aux-17-0300_c25,false,,,false,10000,10000,xcsp3,global,1180,5,false,
xcsp3-cop-22to25,FAPP-aux-18-0350_c25,false,,,false,10000,10000,xcsp3,global,906,5,false,
xcsp3-cop-22to25,FAPP-aux-19-0350_c25,false,,,false,10000,10000,xcsp3,global,2758,5,false,
xcsp3-cop-22to25,FAPP-aux-20-0420_c25,false,,,false,10000,10000,xcsp3,global,2249,5,false,
xcsp3-cop-22to25,FAPP-aux-21-0500_c25,false,,,false,10000,10000,xcsp3,global,496,5,false,
xcsp3-cop-22to25,FAPP-aux-ex1_c25,false,523.0,true,true,970,10000,xcsp3,global,4,1,false,
xcsp3-cop-22to25,FAPP-aux-test01-0150_c25,false,,,false,10000,10000,xcsp3,global,676,5,false,
xcsp3-cop-22to25,FAPP-aux-test03-0400_c25,false,,,false,10000,10000,xcsp3,global,2021,5,false,
xcsp3-cop-22to25,Filters-dct-1-1_c22,false,34.0,true,false,10000,10000,xcsp3,global,2,1,false,
xcsp3-cop-22to25,Filters-dct-1-2_c22,false,32.0,true,false,10000,10000,xcsp3,global,2,1,false,
xcsp3-cop-22to25,Filters-dct-1-3_c22,false,32.0,true,false,10000,10000,xcsp3,global,2,1,false,
xcsp3-cop-22to25,Filters-dct-2-2_c22,false,18.0,true,false,10000,10000,xcsp3,global,2,1,false,
xcsp3-cop-22to25,Filters-dct-2-3_c22,false,16.0,true,false,10000,10000,xcsp3,global,2,1,false,
xcsp3-cop-22to25,Filters-ewf-1-1_c22,false,28.0,true,false,10001,10000,xcsp3,global,2,1,false,
xcsp3-cop-22to25,Filters-ewf-1-2_c22,false,28.0,true,false,10001,10000,xcsp3,global,2,1,false,
xcsp3-cop-22to25,Filters-fir16-1-1_c22,false,35.0,true,false,10000,10000,xcsp3,global,2,1,false,
xcsp3-cop-22to25,FlexibleJobshopScen-dh-5-16-005_c25,false,1369.0,true,true,126,10000,xcsp3,global,6,6,true,
xcsp3-cop-22to25,FlexibleJobshopScen-dh-5-16-020_c25,false,5335.0,true,true,9330,10000,xcsp3,global,6,6,true,
xcsp3-cop-22to25,FlexibleJobshopScen-dh-5-16-080_c25,false,23704.0,true,false,10002,10000,xcsp3,global,6,6,true,
xcsp3-cop-22to25,FlexibleJobshopScen-dh-5-16-200_c25,false,65136.0,true,false,10012,10000,xcsp3,global,6,6,true,
xcsp3-cop-22to25,FlexibleJobshopScen-dh-5-16-400_c25,false,,,false,10000,10000,xcsp3,global,6,6,true,
xcsp3-cop-22to25,FlexibleJobshopScen-dh-5-20-005_c25,false,1354.0,true,true,106,10000,xcsp3,global,6,6,true,
xcsp3-cop-22to25,FlexibleJobshopScen-dh-5-20-020_c25,false,5401.0,true,true,8357,10000,xcsp3,global,6,6,true,
xcsp3-cop-22to25,FlexibleJobshopScen-dh-5-20-080_c25,false,24900.0,true,false,10003,10000,xcsp3,global,6,6,true,
xcsp3-cop-22to25,FlexibleJobshopScen-dh-5-20-200_c25,false,,,false,10000,10000,xcsp3,global,6,6,true,
xcsp3-cop-22to25,FlexibleJobshopScen-dh-5-20-400_c25,false,,,false,10000,10000,xcsp3,global,6,6,true,
xcsp3-cop-22to25,FlexibleJobshopScen-dh-6-18-005_c25,false,1416.0,true,true,69,10000,xcsp3,global,7,6,false,
xcsp3-cop-22to25,FlexibleJobshopScen-dh-6-18-020_c25,false,5746.0,true,true,1712,10000,xcsp3,global,7,6,false,
xcsp3-cop-22to25,FlexibleJobshopScen-dh-6-18-080_c25,false,26575.0,true,false,10002,10000,xcsp3,global,7,6,false,
xcsp3-cop-22to25,FlexibleJobshopScen-dh-6-18-200_c25,false,70081.0,true,false,10007,10000,xcsp3,global,7,6,false,
xcsp3-cop-22to25,FlexibleJobshopScen-dh-6-18-400_c25,false,,,false,10000,10000,xcsp3,global,7,6,false,
xcsp3-cop-22to25,FoolSolitaire-dec2-0-2_c24,false,20.0,true,false,10921,10000,xcsp3,global,3,14,false,
xcsp3-cop-22to25,FoolSolitaire-dec2-0-3_c24,false,17.0,true,false,10608,10000,xcsp3,global,3,14,false,
xcsp3-cop-22to25,FoolSolitaire-dec2-0-4_c24,false,20.0,true,false,10621,10000,xcsp3,global,3,14,false,
xcsp3-cop-22to25,FoolSolitaire-dec2-1-2_c24,false,22.0,true,false,10004,10000,xcsp3,global,3,14,false,
xcsp3-cop-22to25,FoolSolitaire-dec2-1-3_c24,false,18.0,true,false,10793,10000,xcsp3,global,3,14,false,
xcsp3-cop-22to25,FoolSolitaire-dec2-1-4_c24,false,19.0,true,false,10813,10000,xcsp3,global,3,14,false,
xcsp3-cop-22to25,FoolSolitaire-dec2-2-0_c24,false,20.0,true,false,11081,10000,xcsp3,global,3,14,false,
xcsp3-cop-22to25,FoolSolitaire-dec2-2-1_c24,false,17.0,true,false,10787,10000,xcsp3,global,3,14,false,
xcsp3-cop-22to25,FoolSolitaire-dec2-2-2_c24,false,22.0,true,false,10607,10000,xcsp3,global,4,14,false,
xcsp3-cop-22to25,FoolSolitaire-dec2-2-3_c24,false,17.0,true,false,10647,10000,xcsp3,global,4,14,false,
xcsp3-cop-22to25,FoolSolitaire-dec2-2-4_c24,false,18.0,true,false,10786,10000,xcsp3,global,4,14,false,
xcsp3-cop-22to25,FoolSolitaire-dec2-2-5_c24,false,19.0,true,false,10656,10000,xcsp3,global,3,14,false,
xcsp3-cop-22to25,FoolSolitaire-dec2-2-6_c24,false,20.0,true,false,10771,10000,xcsp3,global,3,14,false,
xcsp3-cop-22to25,FoolSolitaire-dec2-3-0_c24,false,19.0,true,false,10537,10000,xcsp3,global,3,14,false,
xcsp3-cop-22to25,FoolSolitaire-dec2-3-1_c24,false,17.0,true,false,10512,10000,xcsp3,global,3,14,false,
xcsp3-cop-22to25,FoolSolitaire-dec2-3-2_c24,false,18.0,true,false,10004,10000,xcsp3,global,4,14,false,
xcsp3-cop-22to25,FoolSolitaire-dec2-3-3_c24,false,19.0,true,false,10801,10000,xcsp3,global,4,14,false,
xcsp3-cop-22to25,Fortress1-03_c25,false,459518.0,true,true,43,10000,xcsp3,global,2,3,true,
xcsp3-cop-22to25,Fortress1-04_c25,false,649400.0,true,true,62,10000,xcsp3,global,2,3,true,
xcsp3-cop-22to25,Fortress1-05_c25,false,1079078.0,true,true,117,10000,xcsp3,global,2,3,false,
xcsp3-cop-22to25,Fortress1-06_c25,false,1059124.0,true,true,137,10000,xcsp3,global,2,3,true,
xcsp3-cop-22to25,Fortress1-07_c25,false,1219032.0,true,true,132,10000,xcsp3,global,2,3,false,
xcsp3-cop-22to25,Fortress1-08_c25,false,1239006.0,true,true,139,10000,xcsp3,global,2,3,true,
xcsp3-cop-22to25,Fortress1-09_c25,false,1458951.0,true,true,177,10000,xcsp3,global,2,3,false,
xcsp3-cop-22to25,Fortress1-10_c25,false,1798536.0,true,true,3414,10000,xcsp3,global,2,3,false,
xcsp3-cop-22to25,Fortress2-03_c25,false,460148.0,true,true,3649,10000,xcsp3,global,15,0,false,
xcsp3-cop-22to25,Fortress2-04_c25,false,650296.0,true,false,10000,10000,xcsp3,global,15,0,false,
xcsp3-cop-22to25,Fortress2-05_c25,false,1080663.0,true,false,10001,10000,xcsp3,global,16,0,false,
xcsp3-cop-22to25,Fortress2-06_c25,false,1070708.0,true,false,10001,10000,xcsp3,global,17,0,false,
xcsp3-cop-22to25,Fortress2-07_c25,false,1221054.0,true,false,9998,10000,xcsp3,global,16,0,true,
xcsp3-cop-22to25,Fortress2-08_c25,false,1281004.0,true,false,10001,10000,xcsp3,global,17,0,false,
xcsp3-cop-22to25,Fortress2-09_c25,false,1711370.0,true,false,10002,10000,xcsp3,global,16,0,false,
xcsp3-cop-22to25,Fortress2-10_c25,false,,,false,10000,10000,xcsp3,global,17,0,false,
xcsp3-cop-22to25,GBACP-UD01_c23,false,2358.0,true,false,10001,10000,xcsp3,global,39,1,true,
xcsp3-cop-22to25,GBACP-UD02_c23,false,277.0,true,false,10001,10000,xcsp3,global,22,1,false,
xcsp3-cop-22to25,GBACP-UD03_c23,false,1857.0,true,false,10002,10000,xcsp3,global,33,1,true,
xcsp3-cop-22to25,GBACP-UD04_c23,false,396.0,true,false,10000,10000,xcsp3,global,18,1,false,
xcsp3-cop-22to25,GBACP-UD05_c23,false,473.0,true,false,10001,10000,xcsp3,global,33,1,true,
xcsp3-cop-22to25,GBACP-UD06_c23,false,119.0,true,false,10034,10000,xcsp3,global,22,1,false,
xcsp3-cop-22to25,GBACP-UD07_c23,false,1994.0,true,false,10001,10000,xcsp3,global,39,1,true,
xcsp3-cop-22to25,GBACP-UD08_c23,false,180.0,true,false,10001,10000,xcsp3,global,21,1,false,
xcsp3-cop-22to25,GBACP-UD09_c23,false,2051.0,true,false,10002,10000,xcsp3,global,39,1,true,
xcsp3-cop-22to25,GBACP-UD10_c23,false,211.0,true,false,10001,10000,xcsp3,global,17,1,false,
xcsp3-cop-22to25,GBACP-table-UD01_c23,false,,,false,10000,10000,xcsp3,global,45,1,true,
xcsp3-cop-22to25,GBACP-table-UD02_c23,false,8432.0,true,false,10004,10000,xcsp3,global,31,1,false,
xcsp3-cop-22to25,GBACP-table-UD03_c23,false,31196.0,true,false,10011,10000,xcsp3,global,38,1,true,
xcsp3-cop-22to25,GBACP-table-UD04_c23,false,901.0,true,false,10001,10000,xcsp3,global,26,1,false,
xcsp3-cop-22to25,GBACP-table-UD05_c23,false,18312.0,true,false,10009,10000,xcsp3,global,42,1,true,
xcsp3-cop-22to25,GBACP-table-UD06_c23,false,3893.0,true,false,10003,10000,xcsp3,global,31,1,false,
xcsp3-cop-22to25,GBACP-table-UD07_c23,false,32294.0,true,false,10012,10000,xcsp3,global,43,1,true,
xcsp3-cop-22to25,GBACP-table-UD08_c23,false,5917.0,true,false,10004,10000,xcsp3,global,28,1,false,
xcsp3-cop-22to25,GBACP-table-UD09_c23,false,24563.0,true,false,10014,10000,xcsp3,global,43,1,true,
xcsp3-cop-22to25,GBACP-table-UD10_c23,false,7002.0,true,false,10003,10000,xcsp3,global,23,1,false,
xcsp3-cop-22to25,GeneralizedMKP-0-OR05x100-25-1_c23,true,23721.0,true,false,10000,10000,xcsp3,global,5,1,false,
xcsp3-cop-22to25,GeneralizedMKP-0-OR05x100-50-1_c23,true,41806.0,true,false,10000,10000,xcsp3,global,5,1,false,
xcsp3-cop-22to25,GeneralizedMKP-0-OR05x100-75-1_c23,true,58968.0,true,true,5368,10000,xcsp3,global,5,1,false,
xcsp3-cop-22to25,GeneralizedMKP-0-OR05x250-25-1_c23,true,57491.0,true,false,10000,10000,xcsp3,global,5,1,false,
xcsp3-cop-22to25,GeneralizedMKP-0-OR05x250-50-1_c23,true,107389.0,true,false,10000,10000,xcsp3,global,5,1,false,
xcsp3-cop-22to25,GeneralizedMKP-0-OR05x250-75-1_c23,true,148239.0,true,false,10000,10000,xcsp3,global,5,1,false,
xcsp3-cop-22to25,GeneralizedMKP-0-OR05x500-25-1_c23,true,118048.0,true,false,9997,10000,xcsp3,global,5,1,false,
xcsp3-cop-22to25,GeneralizedMKP-0-OR05x500-50-1_c23,true,215561.0,true,false,10000,10000,xcsp3,global,5,1,false,
xcsp3-cop-22to25,GeneralizedMKP-0-OR05x500-75-1_c23,true,292543.0,true,false,10000,10000,xcsp3,global,5,1,false,
xcsp3-cop-22to25,GeneralizedMKP-0-OR10x250-25-1_c23,true,55919.0,true,false,10000,10000,xcsp3,global,10,1,false,
xcsp3-cop-22to25,GeneralizedMKP-0-OR10x250-50-1_c23,true,106338.0,true,false,10000,10000,xcsp3,global,10,1,false,
xcsp3-cop-22to25,GeneralizedMKP-0-OR10x250-75-1_c23,true,147259.0,true,false,10000,10000,xcsp3,global,10,1,false,
xcsp3-cop-22to25,GeneralizedMKP-0-OR30x500-25-1_c23,true,90092.0,true,false,9999,10000,xcsp3,global,30,1,false,
xcsp3-cop-22to25,GeneralizedMKP-0-OR30x500-50-1_c23,true,181145.0,true,false,10000,10000,xcsp3,global,30,1,false,
xcsp3-cop-22to25,GeneralizedMKP-0-OR30x500-75-1_c23,true,,,false,10000,10000,xcsp3,global,30,1,false,
xcsp3-cop-22to25,HCPizza-10-10-2-6-00_c23,true,100.0,true,true,23,10000,xcsp3,global,3,2,true,
xcsp3-cop-22to25,HCPizza-12-12-2-6-00_c23,true,141.0,true,true,24,10000,xcsp3,global,3,2,true,
xcsp3-cop-22to25,HCPizza-12-12-2-6-01_c23,true,144.0,true,true,70,10000,xcsp3,global,3,2,true,
xcsp3-cop-22to25,HCPizza-12-12-2-6-02_c23,true,144.0,true,true,35,10000,xcsp3,global,3,2,true,
xcsp3-cop-22to25,HCPizza-15-15-2-7-00_c23,true,225.0,true,true,158,10000,xcsp3,global,4,2,true,
xcsp3-cop-22to25,HCPizza-15-15-2-7-01_c23,true,225.0,true,true,190,10000,xcsp3,global,4,2,true,
xcsp3-cop-22to25,HCPizza-15-15-2-7-02_c23,true,225.0,true,true,98,10000,xcsp3,global,4,2,true,
xcsp3-cop-22to25,HCPizza-20-20-2-8-00_c23,true,400.0,true,true,910,10000,xcsp3,global,5,2,true,
xcsp3-cop-22to25,HCPizza-20-20-2-8-01_c23,true,400.0,true,true,1927,10000,xcsp3,global,5,2,true,
xcsp3-cop-22to25,HCPizza-20-20-2-8-02_c23,true,400.0,true,true,1971,10000,xcsp3,global,5,2,true,
xcsp3-cop-22to25,HSP-10405_c23,false,,,false,10000,10000,xcsp3,global,3,4,false,
xcsp3-cop-22to25,HSP-11406_c23,false,,,false,10000,10000,xcsp3,global,3,4,false,
xcsp3-cop-22to25,HSP-12407_c23,false,,,false,10000,10000,xcsp3,global,3,4,false,
xcsp3-cop-22to25,HSP-13408_c23,false,,,false,10000,10000,xcsp3,global,3,4,false,
xcsp3-cop-22to25,HSP-14409_c23,false,,,false,10000,10000,xcsp3,global,3,4,false,
xcsp3-cop-22to25,HSP-15410_c23,false,,,false,10000,10000,xcsp3,global,3,4,false,
xcsp3-cop-22to25,HSP-aux-10405_c23,false,,,false,10000,10000,xcsp3,global,3,7,false,
xcsp3-cop-22to25,HSP-aux-11406_c23,false,,,false,10000,10000,xcsp3,global,3,7,false,
xcsp3-cop-22to25,HSP-aux-12407_c23,false,,,false,10000,10000,xcsp3,global,3,7,false,
xcsp3-cop-22to25,HSP-aux-13408_c23,false,,,false,10000,10000,xcsp3,global,3,7,false,
xcsp3-cop-22to25,HSP-aux-14409_c23,false,,,false,10000,10000,xcsp3,global,3,7,false,
xcsp3-cop-22to25,HSP-aux-15410_c23,false,,,false,10000,10000,xcsp3,global,3,7,false,
xcsp3-cop-22to25,HSP-table-10405_c23,false,198.0,true,true,8115,10000,xcsp3,global,9,5,false,
xcsp3-cop-22to25,HSP-table-11406_c23,false,137.0,true,true,7172,10000,xcsp3,global,10,5,false,
xcsp3-cop-22to25,HSP-table-12407_c23,false,200.0,true,true,8912,10000,xcsp3,global,11,5,false,
xcsp3-cop-22to25,HSP-table-13408_c23,false,,,false,10000,10000,xcsp3,global,12,5,false,
xcsp3-cop-22to25,HSP-table-14409_c23,false,,,false,10000,10000,xcsp3,global,13,5,false,
xcsp3-cop-22to25,HSP-table-15410_c23,false,,,false,10000,10000,xcsp3,global,14,5,false,
xcsp3-cop-22to25,IHTC-i01_c25,false,,false,true,8,10000,xcsp3,global,11,11,false,
xcsp3-cop-22to25,IHTC-i02_c25,false,,false,true,11,10000,xcsp3,global,27,10,false,
xcsp3-cop-22to25,IHTC-i03_c25,false,,false,true,13,10000,xcsp3,global,18,10,false,
xcsp3-cop-22to25,IHTC-i04_c25,false,,false,true,22,10000,xcsp3,global,53,11,false,
xcsp3-cop-22to25,IHTC-i05_c25,false,,false,true,50,10000,xcsp3,global,45,10,false,
xcsp3-cop-22to25,IHTC-i06_c25,false,,false,true,48,10000,xcsp3,global,52,10,false,
xcsp3-cop-22to25,IHTC-i07_c25,false,,false,true,44,10000,xcsp3,global,70,14,false,
xcsp3-cop-22to25,IHTC-i08_c25,false,,false,true,152,10000,xcsp3,global,225,16,true,
xcsp3-cop-22to25,IHTC-i09_c25,false,,false,true,57,10000,xcsp3,global,56,13,false,
xcsp3-cop-22to25,IHTC-i10_c25,false,,false,true,86,10000,xcsp3,global,72,11,false,
xcsp3-cop-22to25,IHTC-i11_c25,false,,false,true,71,10000,xcsp3,global,91,11,true,
xcsp3-cop-22to25,IHTC-i12_c25,false,,false,true,77,10000,xcsp3,global,109,15,true,
xcsp3-cop-22to25,IHTC-i16_c25,false,,false,true,115,10000,xcsp3,global,227,16,false,
xcsp3-cop-22to25,IHTC-i18_c25,false,,false,true,288,10000,xcsp3,global,266,14,false,
xcsp3-cop-22to25,IHTC-i29_c25,false,,,false,10000,10000,xcsp3,global,294,27,true,
xcsp3-cop-22to25,IHTC-i30_c25,false,,false,true,701,10000,xcsp3,global,486,17,true,
xcsp3-cop-22to25,ItemsetMining-k1-anneal_c22,true,494.0,true,true,1331,10000,xcsp3,global,1,3,true,
xcsp3-cop-22to25,ItemsetMining-k1-german-credit_c22,true,399.0,true,false,10003,10000,xcsp3,global,1,3,true,
xcsp3-cop-22to25,ItemsetMining-k1-hypothyroid_c22,true,,,false,10000,10000,xcsp3,global,1,3,true,
xcsp3-cop-22to25,ItemsetMining-k1-ionosphere_c22,true,195.0,true,false,9999,10000,xcsp3,global,1,3,true,
xcsp3-cop-22to25,ItemsetMining-k1-mushroom_c22,true,,,false,10000,10000,xcsp3,global,1,3,true,
xcsp3-cop-22to25,ItemsetMining-k1-pendigits_c22,true,,,false,10000,10000,xcsp3,global,1,3,true,
xcsp3-cop-22to25,ItemsetMining-k1-splice-1_c22,true,,,false,10000,10000,xcsp3,global,1,3,true,
xcsp3-cop-22to25,ItemsetMining-k1-vehicle_c22,true,-74.0,true,false,10001,10000,xcsp3,global,1,3,true,
xcsp3-cop-22to25,ItemsetMining-k2-audiology_c22,true,54.0,true,true,1758,10000,xcsp3,global,3,5,true,
xcsp3-cop-22to25,ItemsetMining-k2-german-credit_c22,true,,,false,10000,10000,xcsp3,global,3,5,true,
xcsp3-cop-22to25,ItemsetMining-k2-hepatitis_c22,true,92.0,true,false,10002,10000,xcsp3,global,3,5,true,
xcsp3-cop-22to25,ItemsetMining-k2-kr-vs-kp_c22,true,,,false,10000,10000,xcsp3,global,3,5,true,
xcsp3-cop-22to25,ItemsetMining-k2-segment_c22,true,,,false,10000,10000,xcsp3,global,3,5,true,
xcsp3-cop-22to25,ItemsetMining-k2-sonar_c22,true,,,false,10000,10000,xcsp3,global,3,5,true,
xcsp3-cop-22to25,ItemsetMining-k2-yeast_c22,true,3.0,true,false,10010,10000,xcsp3,global,3,5,true,
xcsp3-cop-22to25,KMedian-aux-pmed01_c23,false,10549.0,true,false,10081,10000,xcsp3,global,8,0,false,
xcsp3-cop-22to25,KMedian-aux-pmed02_c23,false,6389.0,true,false,10204,10000,xcsp3,global,13,0,false,
xcsp3-cop-22to25,KMedian-aux-pmed03_c23,false,7796.0,true,false,10205,10000,xcsp3,global,13,0,false,
xcsp3-cop-22to25,KMedian-aux-pmed04_c23,false,,,false,10000,10000,xcsp3,global,23,0,false,
xcsp3-cop-22to25,KMedian-aux-pmed05_c23,false,,,false,10000,10000,xcsp3,global,36,0,false,
xcsp3-cop-22to25,KMedian-aux-pmed06_c23,false,,,false,10000,10000,xcsp3,global,8,0,false,
xcsp3-cop-22to25,KMedian-aux-pmed07_c23,false,,,false,10000,10000,xcsp3,global,13,0,false,
xcsp3-cop-22to25,KMedian-aux-pmed08_c23,false,,,false,10000,10000,xcsp3,global,23,0,false,
xcsp3-cop-22to25,KMedian-aux-pmed09_c23,false,,,false,10000,10000,xcsp3,global,43,0,false,
xcsp3-cop-22to25,KMedian-aux-pmed10_c23,false,,,false,10000,10000,xcsp3,global,70,0,false,
xcsp3-cop-22to25,KMedian-aux-pmed11_c23,false,,,false,10000,10000,xcsp3,global,8,0,false,
xcsp3-cop-22to25,KMedian-aux-pmed12_c23,false,,,false,10000,10000,xcsp3,global,13,0,false,
xcsp3-cop-22to25,KMedian-aux-pmed13_c23,false,,,false,10000,10000,xcsp3,global,33,0,false,
xcsp3-cop-22to25,KMedian-aux-pmed14_c23,false,,,false,10000,10000,xcsp3,global,63,0,false,
xcsp3-cop-22to25,KMedian-aux-pmed15_c23,false,,,false,10000,10000,xcsp3,global,103,0,false,
xcsp3-cop-22to25,KidneyExchange-4-041_c23,true,1.0,true,true,1452,10000,xcsp3,global,29,1,false,
xcsp3-cop-22to25,KidneyExchange-4-051_c23,true,1.0,true,true,6345,10000,xcsp3,global,23,1,false,
xcsp3-cop-22to25,KidneyExchange-4-061_c23,true,11.0,true,false,10000,10000,xcsp3,global,31,1,false,
xcsp3-cop-22to25,KidneyExchange-4-071_c23,true,27.0,true,false,10002,10000,xcsp3,global,67,1,false,
xcsp3-cop-22to25,KidneyExchange-4-081_c23,true,25.0,true,false,10016,10000,xcsp3,global,69,1,false,
xcsp3-cop-22to25,KidneyExchange-4-091_c23,true,9.0,true,false,10013,10000,xcsp3,global,72,1,false,
xcsp3-cop-22to25,KidneyExchange-4-101_c23,true,17.0,true,false,10002,10000,xcsp3,global,68,1,false,
xcsp3-cop-22to25,KidneyExchange-4-111_c23,true,-83.0,true,false,10008,10000,xcsp3,global,132,1,false,
xcsp3-cop-22to25,KidneyExchange-4-121_c23,true,-130.0,true,false,10009,10000,xcsp3,global,138,1,false,
xcsp3-cop-22to25,KidneyExchange-4-131_c23,true,,,false,10000,10000,xcsp3,global,144,1,false,
xcsp3-cop-22to25,KidneyExchange-4-141_c23,true,,,false,10000,10000,xcsp3,global,139,1,false,
xcsp3-cop-22to25,KidneyExchange-4-151_c23,false,,,false,10000,10000,xcsp3,global,260,1,false,
xcsp3-cop-22to25,KidneyExchange-4-161_c23,false,,,false,10000,10000,xcsp3,global,272,1,false,
xcsp3-cop-22to25,KidneyExchange-4-171_c23,false,,,false,10000,10000,xcsp3,global,285,1,false,
xcsp3-cop-22to25,LargeScaleScheduling-00100-0_c23,false,214561.0,true,false,10001,10000,xcsp3,global,1,0,false,
xcsp3-cop-22to25,LargeScaleScheduling-00200-0_c23,false,391555.0,true,false,10001,10000,xcsp3,global,1,0,false,
xcsp3-cop-22to25,LargeScaleScheduling-00400-0_c23,false,830836.0,true,false,10000,10000,xcsp3,global,1,0,false,
xcsp3-cop-22to25,LargeScaleScheduling-00800-0_c23,false,1707610.0,true,false,10001,10000,xcsp3,global,1,0,false,
xcsp3-cop-22to25,LargeScaleScheduling-01600-0_c23,false,3221674.0,true,false,10004,10000,xcsp3,global,1,0,false,
xcsp3-cop-22to25,LargeScaleScheduling-03200-0_c23,false,6798723.0,true,false,10026,10000,xcsp3,global,1,0,false,
xcsp3-cop-22to25,LargeScaleScheduling-06400-0_c23,false,,,false,10000,10000,xcsp3,global,1,0,false,
xcsp3-cop-22to25,LargeScaleScheduling-12800-0_c23,false,,,false,10000,10000,xcsp3,global,1,0,false,
xcsp3-cop-22to25,LargeScaleScheduling-25600-0_c23,false,,,false,10000,10000,xcsp3,global,1,0,false,
xcsp3-cop-22to25,LitPuzzle-10_c24,false,44.0,true,true,37,10000,xcsp3,global,1,1,true,
xcsp3-cop-22to25,LitPuzzle-15_c24,false,,,false,10000,10000,xcsp3,global,1,1,true,
xcsp3-cop-22to25,LitPuzzle-16_c24,false,122.0,true,false,10000,10000,xcsp3,global,1,1,true,
xcsp3-cop-22to25,LitPuzzle-17_c24,false,,,false,10000,10000,xcsp3,global,1,1,true,
xcsp3-cop-22to25,LitPuzzle-18_c24,false,,,false,10000,10000,xcsp3,global,1,1,true,
xcsp3-cop-22to25,LitPuzzle-20_c24,false,,,false,10000,10000,xcsp3,global,1,1,true,
xcsp3-cop-22to25,LitPuzzle-25_c24,false,,,false,10000,10000,xcsp3,global,1,1,true,
xcsp3-cop-22to25,LitPuzzle-30_c24,false,,,false,10000,10000,xcsp3,global,1,1,true,
xcsp3-cop-22to25,LitPuzzle-40_c24,false,,,false,10000,10000,xcsp3,global,1,1,true,
xcsp3-cop-22to25,LitPuzzle-50_c24,false,,,false,10000,10000,xcsp3,global,1,1,true,
xcsp3-cop-22to25,LowAutocorrelation-010_c25,false,13.0,true,true,5,10000,xcsp3,linear,0,3,false,
xcsp3-cop-22to25,LowAutocorrelation-020_c25,false,26.0,true,true,1249,10000,xcsp3,linear,0,3,false,
xcsp3-cop-22to25,LowAutocorrelation-040_c25,false,240.0,true,false,10040,10000,xcsp3,linear,0,3,false,
xcsp3-cop-22to25,LowAutocorrelation-060_c25,false,878.0,true,false,10000,10000,xcsp3,linear,0,3,false,
xcsp3-cop-22to25,LowAutocorrelation-080_c25,false,1672.0,true,false,10001,10000,xcsp3,linear,0,3,false,
xcsp3-cop-22to25,LowAutocorrelation-100_c25,false,2450.0,true,false,10002,10000,xcsp3,linear,0,3,false,
xcsp3-cop-22to25,LowAutocorrelation-120_c25,false,15164.0,true,false,10002,10000,xcsp3,linear,0,3,false,
xcsp3-cop-22to25,LowAutocorrelation-150_c25,false,24079.0,true,false,10003,10000,xcsp3,linear,0,3,false,
xcsp3-cop-22to25,LowAutocorrelation-200_c25,false,196020.0,true,false,10006,10000,xcsp3,linear,0,3,false,
xcsp3-cop-22to25,LowAutocorrelation-300_c25,false,358078.0,true,false,10012,10000,xcsp3,linear,0,3,false,
xcsp3-cop-22to25,LowAutocorrelation-500_c25,false,2.4555342E7,true,false,10031,10000,xcsp3,linear,0,3,false,
xcsp3-cop-22to25,LowAutocorrelation-800_c25,false,,,false,10000,10000,xcsp3,linear,0,3,false,
xcsp3-cop-22to25,MaximumDensityOscillatingLife-5-2_c24,true,28.0,true,true,1821,10000,xcsp3,global,10,0,false,
xcsp3-cop-22to25,MaximumDensityOscillatingLife-5-3_c24,true,,false,true,2763,10000,xcsp3,global,11,0,false,
xcsp3-cop-22to25,MaximumDensityOscillatingLife-5-4_c24,true,45.0,true,true,5571,10000,xcsp3,global,12,0,false,
xcsp3-cop-22to25,MaximumDensityOscillatingLife-5-5_c24,true,,,false,10000,10000,xcsp3,global,13,0,false,
xcsp3-cop-22to25,MaximumDensityOscillatingLife-5-6_c24,true,,,false,10000,10000,xcsp3,global,14,0,false,
xcsp3-cop-22to25,MaximumDensityOscillatingLife-6-2_c24,true,40.0,true,true,4377,10000,xcsp3,global,10,0,false,
xcsp3-cop-22to25,MaximumDensityOscillatingLife-6-3_c24,true,49.0,true,false,10003,10000,xcsp3,global,11,0,false,
xcsp3-cop-22to25,MaximumDensityOscillatingLife-6-4_c24,true,80.0,true,false,10003,10000,xcsp3,global,12,0,false,
xcsp3-cop-22to25,MaximumDensityOscillatingLife-6-5_c24,true,,,false,10000,10000,xcsp3,global,13,0,false,
xcsp3-cop-22to25,MaximumDensityOscillatingLife-6-6_c24,true,,,false,10000,10000,xcsp3,global,14,0,false,
xcsp3-cop-22to25,MaximumDensityOscillatingLife-7-2_c24,true,52.0,true,false,10002,10000,xcsp3,global,10,0,false,
xcsp3-cop-22to25,MaximumDensityOscillatingLife-7-3_c24,true,84.0,true,false,10003,10000,xcsp3,global,11,0,false,
xcsp3-cop-22to25,MaximumDensityOscillatingLife-7-4_c24,true,,,false,10000,10000,xcsp3,global,12,0,false,
xcsp3-cop-22to25,MaximumDensityOscillatingLife-7-5_c24,true,,,false,10000,10000,xcsp3,global,13,0,false,
xcsp3-cop-22to25,MaximumDensityOscillatingLife-7-6_c24,true,,,false,10000,10000,xcsp3,global,14,0,false,
xcsp3-cop-22to25,MetabolicNetwork-09_c25,false,2.0,true,true,2,10000,xcsp3,linear,0,4,false,
xcsp3-cop-22to25,MetabolicNetwork-10_c25,false,2.0,true,true,2,10000,xcsp3,linear,0,5,false,
xcsp3-cop-22to25,MetabolicNetwork-14_c25,false,2.0,true,true,415,10000,xcsp3,linear,0,6,false,
xcsp3-cop-22to25,MetabolicNetwork-16_c25,false,2.0,true,true,3,10000,xcsp3,linear,0,5,false,
xcsp3-cop-22to25,MetabolicNetwork-17_c25,false,2.0,true,true,4,10000,xcsp3,linear,0,5,false,
xcsp3-cop-22to25,MetabolicNetwork-36_c25,false,3.0,true,true,183,10000,xcsp3,linear,0,62,false,
xcsp3-cop-22to25,MetabolicNetwork-37_c25,false,1.0,true,true,109,10000,xcsp3,linear,0,62,false,
xcsp3-cop-22to25,MetabolicNetwork-38_c25,false,2.0,true,true,79,10000,xcsp3,linear,0,53,false,
xcsp3-cop-22to25,MetabolicNetwork-39_c25,false,2.0,true,true,84,10000,xcsp3,linear,0,63,false,
xcsp3-cop-22to25,MetabolicNetwork-40_c25,false,15.0,true,true,386,10000,xcsp3,linear,0,49,false,
xcsp3-cop-22to25,MetabolicNetwork-41_c25,false,2.0,true,true,36,10000,xcsp3,linear,0,38,true,
xcsp3-cop-22to25,MetabolicNetwork-43_c25,false,1.0,true,true,70,10000,xcsp3,linear,0,59,false,
xcsp3-cop-22to25,MetabolicNetwork-45_c25,false,2.0,true,true,88,10000,xcsp3,linear,0,57,true,
xcsp3-cop-22to25,MetabolicNetwork-47_c25,false,1.0,true,true,94,10000,xcsp3,linear,0,61,false,
xcsp3-cop-22to25,MetabolicNetwork-49_c25,false,3.0,true,true,292,10000,xcsp3,linear,0,69,true,
xcsp3-cop-22to25,MultiAgentPathFinding-table-g16-p10-a05_c22,false,55.0,true,true,2697,10000,xcsp3,global,2,3,false,
xcsp3-cop-22to25,MultiAgentPathFinding-table-g16-p10-a10_c22,false,,,false,10000,10000,xcsp3,global,2,3,false,
xcsp3-cop-22to25,MultiAgentPathFinding-table-g16-p10-a20_c22,false,,,false,10000,10000,xcsp3,global,2,3,false,
xcsp3-cop-22to25,MultiAgentPathFinding-table-g16-p20-a20_c22,false,,,false,10000,10000,xcsp3,global,2,3,false,
xcsp3-cop-22to25,MultiAgentPathFinding-table-g16-p20-a30_c22,false,,,false,10000,10000,xcsp3,global,2,3,false,
xcsp3-cop-22to25,MultiAgentPathFinding-table-g32-p10-a05_c22,false,,,false,10000,10000,xcsp3,global,2,3,false,
xcsp3-cop-22to25,MultiAgentPathFinding-table-g32-p10-a10_c22,false,,,false,10000,10000,xcsp3,global,2,3,false,
xcsp3-cop-22to25,MultiAgentPathFinding-table-g32-p10-a20_c22,false,,,false,10000,10000,xcsp3,global,2,3,false,
xcsp3-cop-22to25,MultiAgentPathFinding-table-g32-p20-a20_c22,false,,,false,10000,10000,xcsp3,global,2,3,false,
xcsp3-cop-22to25,MultiAgentPathFinding-table-g32-p20-a30_c22,false,,,false,10000,10000,xcsp3,global,2,3,false,
xcsp3-cop-22to25,MultiAgentPathFinding-table-mks-g16-p10-a05_c22,false,14.0,true,true,4220,10000,xcsp3,global,2,2,false,
xcsp3-cop-22to25,MultiAgentPathFinding-table-mks-g16-p10-a10_c22,false,,,false,10000,10000,xcsp3,global,2,2,false,
xcsp3-cop-22to25,MultiAgentPathFinding-table-mks-g16-p10-a20_c22,false,,,false,10000,10000,xcsp3,global,2,2,false,
xcsp3-cop-22to25,MultiAgentPathFinding-table-mks-g16-p20-a20_c22,false,,,false,10000,10000,xcsp3,global,2,2,false,
xcsp3-cop-22to25,MultiAgentPathFinding-table-mks-g16-p20-a30_c22,false,,,false,10000,10000,xcsp3,global,2,2,false,
xcsp3-cop-22to25,MultiAgentPathFinding-table-mks-g32-p10-a05_c22,false,,,false,10000,10000,xcsp3,global,2,2,false,
xcsp3-cop-22to25,MultiAgentPathFinding-table-mks-g32-p10-a10_c22,false,,,false,10000,10000,xcsp3,global,2,2,false,
xcsp3-cop-22to25,MultiAgentPathFinding-table-mks-g32-p10-a20_c22,false,,,false,10000,10000,xcsp3,global,2,2,false,
xcsp3-cop-22to25,MultiAgentPathFinding-table-mks-g32-p20-a20_c22,false,,,false,10000,10000,xcsp3,global,2,2,false,
xcsp3-cop-22to25,MultiAgentPathFinding-table-mks-g32-p20-a30_c22,false,,,false,10000,10000,xcsp3,global,2,2,false,
xcsp3-cop-22to25,NurseRostering-01_c22,false,607.0,true,true,283,10000,xcsp3,global,53,6,false,
xcsp3-cop-22to25,NurseRostering-02_c22,false,944.0,true,false,10000,10000,xcsp3,global,109,7,true,
xcsp3-cop-22to25,NurseRostering-03_c22,false,1433.0,true,false,10000,10000,xcsp3,global,167,7,true,
xcsp3-cop-22to25,NurseRostering-04_c22,false,2238.0,true,false,10000,10000,xcsp3,global,134,6,true,
xcsp3-cop-22to25,NurseRostering-05_c22,false,2799.0,true,false,10001,10000,xcsp3,global,159,7,true,
xcsp3-cop-22to25,NurseRostering-06_c22,false,5307.0,true,false,10001,10000,xcsp3,global,213,8,true,
xcsp3-cop-22to25,NurseRostering-07_c22,false,4331.0,true,false,10000,10000,xcsp3,global,225,8,true,
xcsp3-cop-22to25,NurseRostering-08_c22,false,,,false,10000,10000,xcsp3,global,333,9,true,
xcsp3-cop-22to25,NurseRostering-09_c22,false,,,false,10000,10000,xcsp3,global,370,10,true,
xcsp3-cop-22to25,NurseRostering-10_c22,false,,,false,10000,10000,xcsp3,global,461,7,true,
xcsp3-cop-22to25,NurseRostering-11_c22,false,,,false,10000,10000,xcsp3,global,611,6,true,
xcsp3-cop-22to25,NurseRostering-12_c22,false,,,false,10000,10000,xcsp3,global,1038,8,true,
xcsp3-cop-22to25,NurseRostering-13_c22,false,,,false,10000,10000,xcsp3,global,2944,11,true,
xcsp3-cop-22to25,NurseRostering-14_c22,false,,,false,10000,10000,xcsp3,global,415,7,true,
xcsp3-cop-22to25,NurseRostering-15_c22,false,,,false,10000,10000,xcsp3,global,670,11,true,
xcsp3-cop-22to25,NurseRostering-16_c22,false,,,false,10000,10000,xcsp3,global,334,6,true,
xcsp3-cop-22to25,NurseRostering-17_c22,false,,,false,10000,10000,xcsp3,global,483,7,true,
xcsp3-cop-22to25,NurseRostering-18_c22,false,,,false,10000,10000,xcsp3,global,457,7,true,
xcsp3-cop-22to25,NurseRostering-19_c22,false,,,false,10000,10000,xcsp3,global,798,9,true,
xcsp3-cop-22to25,NurseRostering-20_c22,false,,,false,10000,10000,xcsp3,global,1690,10,true,
xcsp3-cop-22to25,NursingWorkload-15zones_c22,false,,false,true,124,10000,xcsp3,global,2,2,false,
xcsp3-cop-22to25,NursingWorkload-2zones0_c22,false,82537.0,true,false,10009,10000,xcsp3,global,2,2,false,
xcsp3-cop-22to25,NursingWorkload-2zones1_c22,false,70945.0,true,false,10001,10000,xcsp3,global,2,2,false,
xcsp3-cop-22to25,NursingWorkload-2zones2_c22,false,60929.0,true,false,10000,10000,xcsp3,global,2,2,false,
xcsp3-cop-22to25,NursingWorkload-2zones3_c22,false,,,false,10000,10000,xcsp3,global,2,2,false,
xcsp3-cop-22to25,NursingWorkload-2zones4_c22,false,84808.0,true,false,10000,10000,xcsp3,global,2,2,false,
xcsp3-cop-22to25,NursingWorkload-3zones0_c22,false,,,false,10000,10000,xcsp3,global,2,2,false,
xcsp3-cop-22to25,NursingWorkload-3zones1_c22,false,,,false,10000,10000,xcsp3,global,2,2,false,
xcsp3-cop-22to25,NursingWorkload-3zones2_c22,false,,,false,10000,10000,xcsp3,global,2,2,false,
xcsp3-cop-22to25,NursingWorkload-3zones3_c22,false,,,false,10000,10000,xcsp3,global,2,2,false,
xcsp3-cop-22to25,NursingWorkload-3zones4_c22,false,,,false,10000,10000,xcsp3,global,2,2,false,
xcsp3-cop-22to25,NursingWorkload-6zones_c22,false,,false,true,478,10000,xcsp3,global,2,2,false,
xcsp3-cop-22to25,PSP1-001_c23,false,17015.0,true,false,10001,10000,xcsp3,linear,0,6,false,
xcsp3-cop-22to25,PSP1-002_c23,false,47478.0,true,false,10001,10000,xcsp3,linear,0,6,false,
xcsp3-cop-22to25,PSP1-003_c23,false,17388.0,true,false,10001,10000,xcsp3,linear,0,6,false,
xcsp3-cop-22to25,PSP1-004_c23,false,18983.0,true,false,10001,10000,xcsp3,linear,0,6,false,
xcsp3-cop-22to25,PSP1-301_c23,false,25194.0,true,false,10004,10000,xcsp3,linear,0,6,false,
xcsp3-cop-22to25,PSP1-302_c23,false,135570.0,true,false,10002,10000,xcsp3,linear,0,6,false,
xcsp3-cop-22to25,PSP1-303_c23,false,77760.0,true,false,10002,10000,xcsp3,linear,0,6,false,
xcsp3-cop-22to25,PSP1-304_c23,false,61764.0,true,false,10002,10000,xcsp3,linear,0,6,false,
xcsp3-cop-22to25,PSP2-001_c23,false,14752.0,true,false,10002,10000,xcsp3,global,2,4,false,
xcsp3-cop-22to25,PSP2-002_c23,false,11959.0,true,false,10002,10000,xcsp3,global,2,4,false,
xcsp3-cop-22to25,PSP2-003_c23,false,12285.0,true,false,10002,10000,xcsp3,global,2,4,false,
xcsp3-cop-22to25,PSP2-004_c23,false,14722.0,true,false,10002,10000,xcsp3,global,2,4,false,
xcsp3-cop-22to25,PSP2-301_c23,false,19960.0,true,false,10003,10000,xcsp3,global,2,4,false,
xcsp3-cop-22to25,PSP2-302_c23,false,47192.0,true,false,10003,10000,xcsp3,global,2,4,false,
xcsp3-cop-22to25,PSP2-303_c23,false,,,false,10000,10000,xcsp3,global,2,4,false,
xcsp3-cop-22to25,PSP2-304_c23,false,50168.0,true,false,10004,10000,xcsp3,global,2,4,false,
xcsp3-cop-22to25,ProgressiveParty-rally-red12-05_c23,false,5.0,true,true,573,10000,xcsp3,global,62,7,false,
xcsp3-cop-22to25,ProgressiveParty-rally-red12-07_c23,false,7.0,true,true,946,10000,xcsp3,global,86,7,false,
xcsp3-cop-22to25,ProgressiveParty-rally-red12-09_c23,false,9.0,true,true,3521,10000,xcsp3,global,110,7,false,
xcsp3-cop-22to25,ProgressiveParty-rally-red42-03_c23,false,14.0,true,false,10003,10000,xcsp3,global,128,10,false,
xcsp3-cop-22to25,ProgressiveParty-rally-red42-06_c23,false,14.0,true,false,10004,10000,xcsp3,global,254,10,false,
xcsp3-cop-22to25,ProgressiveParty-rally-red42-09_c23,false,17.0,true,false,10008,10000,xcsp3,global,380,10,false,
xcsp3-cop-22to25,ProgressiveParty-rally-red42-12_c23,false,,,false,10000,10000,xcsp3,global,506,10,false,
xcsp3-cop-22to25,Pyramid-07-500_c24,false,212.0,true,true,3794,10000,xcsp3,global,1,2,true,
xcsp3-cop-22to25,Pyramid-08-800_c24,false,473.0,true,false,10001,10000,xcsp3,global,1,2,true,
xcsp3-cop-22to25,Pyramid-09-1300_c24,false,1076.0,true,false,10000,10000,xcsp3,global,1,2,true,
xcsp3-cop-22to25,Pyramid-10-2500_c24,false,2387.0,true,false,10001,10000,xcsp3,global,1,2,true,
xcsp3-cop-22to25,Pyramid-11-5000_c24,false,,,false,10000,10000,xcsp3,global,1,2,true,
xcsp3-cop-22to25,Pyramid-12-10000_c24,false,,,false,10000,10000,xcsp3,global,1,2,true,
xcsp3-cop-22to25,Pyramid-13-20000_c24,false,,,false,10000,10000,xcsp3,global,1,2,true,
xcsp3-cop-22to25,Pyramid-14-45000_c24,false,,,false,10000,10000,xcsp3,global,1,2,true,
xcsp3-cop-22to25,Pyramid-15-80000_c24,false,,,false,10000,10000,xcsp3,global,1,2,true,
xcsp3-cop-22to25,Pyramid-16-200000_c24,false,,,false,10000,10000,xcsp3,global,1,2,true,
xcsp3-cop-22to25,RCPSP-j120-01-01_c22,false,107.0,true,false,10001,10000,xcsp3,global,4,1,false,
xcsp3-cop-22to25,RCPSP-j120-01-02_c22,false,109.0,true,true,486,10000,xcsp3,global,4,1,false,
xcsp3-cop-22to25,RCPSP-j120-01-03_c22,false,126.0,true,false,10001,10000,xcsp3,global,4,1,false,
xcsp3-cop-22to25,RCPSP-j120-01-04_c22,false,97.0,true,true,148,10000,xcsp3,global,4,1,false,
xcsp3-cop-22to25,RCPSP-j120-01-05_c22,false,112.0,true,true,207,10000,xcsp3,global,4,1,false,
xcsp3-cop-22to25,RCPSP-j120-01-06_c22,false,84.0,true,true,48,10000,xcsp3,global,4,1,false,
xcsp3-cop-22to25,RCPSP-j120-01-07_c22,false,117.0,true,true,180,10000,xcsp3,global,4,1,false,
xcsp3-cop-22to25,RCPSP-j120-01-08_c22,false,109.0,true,true,2779,10000,xcsp3,global,4,1,false,
xcsp3-cop-22to25,RCPSP-j120-01-09_c22,false,112.0,true,true,81,10000,xcsp3,global,4,1,false,
xcsp3-cop-22to25,RCPSP-j120-01-10_c22,false,108.0,true,true,341,10000,xcsp3,global,4,1,false,
xcsp3-cop-22to25,RIP-25-0-j060-01-01_c23,false,187.0,true,true,6,10000,xcsp3,global,1,2,false,
xcsp3-cop-22to25,RIP-25-0-j090-01-01_c23,false,214.0,true,true,1935,10000,xcsp3,global,1,2,false,
xcsp3-cop-22to25,RIP-25-0-j120-01-01_c23,false,206.0,true,false,10001,10000,xcsp3,global,1,2,false,
xcsp3-cop-22to25,RIP-25-1-j060-10-01_c23,false,833.0,true,false,10002,10000,xcsp3,global,1,2,false,
xcsp3-cop-22to25,RIP-25-1-j090-10-01_c23,false,1511.0,true,false,10000,10000,xcsp3,global,1,2,false,
xcsp3-cop-22to25,RIP-25-1-j120-10-01_c23,false,1056.0,true,false,10001,10000,xcsp3,global,1,2,false,
xcsp3-cop-22to25,RIP-25-2-j060-20-01_c23,false,118.0,true,true,23,10000,xcsp3,global,1,2,false,
xcsp3-cop-22to25,RIP-25-2-j090-20-01_c23,false,123.0,true,true,383,10000,xcsp3,global,1,2,false,
xcsp3-cop-22to25,RIP-25-2-j120-20-01_c23,false,461.0,true,false,10000,10000,xcsp3,global,1,2,false,
xcsp3-cop-22to25,RIP-25-3-j060-30-01_c23,false,629.0,true,false,10000,10000,xcsp3,global,1,2,false,
xcsp3-cop-22to25,RIP-25-3-j090-30-01_c23,false,717.0,true,false,10000,10000,xcsp3,global,1,2,false,
xcsp3-cop-22to25,RIP-25-3-j120-30-01_c23,false,1337.0,true,false,10001,10000,xcsp3,global,1,2,false,
xcsp3-cop-22to25,RLFAP-graph-01-opt_c22,false,18.0,true,false,10004,10000,xcsp3,linear,0,2,true,
xcsp3-cop-22to25,RLFAP-graph-02-opt_c22,false,14.0,true,false,10007,10000,xcsp3,linear,0,2,false,
xcsp3-cop-22to25,RLFAP-graph-03-opt_c22,false,380.0,true,true,674,10000,xcsp3,linear,0,2,false,
xcsp3-cop-22to25,RLFAP-graph-04-opt_c22,false,394.0,true,true,1401,10000,xcsp3,linear,0,2,false,
xcsp3-cop-22to25,RLFAP-graph-05-opt_c22,false,,,false,10000,10000,xcsp3,linear,0,2,false,
xcsp3-cop-22to25,RLFAP-graph-06-opt_c22,false,,,false,10000,10000,xcsp3,linear,0,2,false,
xcsp3-cop-22to25,RLFAP-graph-07-opt_c22,false,,,false,10000,10000,xcsp3,linear,0,3,false,
xcsp3-cop-22to25,RLFAP-graph-08-opt_c22,false,20.0,true,false,10014,10000,xcsp3,linear,0,2,true,
xcsp3-cop-22to25,RLFAP-graph-09-opt_c22,false,,,false,10000,10000,xcsp3,linear,0,2,false,
xcsp3-cop-22to25,RLFAP-graph-10-opt_c22,false,394.0,true,true,2484,10000,xcsp3,linear,0,2,false,
xcsp3-cop-22to25,RLFAP-graph-11-opt_c22,false,,,false,10000,10000,xcsp3,linear,0,2,false,
xcsp3-cop-22to25,RLFAP-graph-12-opt_c22,false,,,false,10000,10000,xcsp3,linear,0,3,false,
xcsp3-cop-22to25,RLFAP-graph-13-opt_c22,false,,,false,10000,10000,xcsp3,linear,0,2,false,
xcsp3-cop-22to25,RLFAP-graph-14-opt_c22,false,,,false,10000,10000,xcsp3,linear,0,2,false,
xcsp3-cop-22to25,RLFAP-scen-01-opt_c22,false,,,false,10000,10000,xcsp3,linear,0,2,true,
xcsp3-cop-22to25,RLFAP-scen-02-opt_c22,false,14.0,true,false,10004,10000,xcsp3,linear,0,2,false,
xcsp3-cop-22to25,RLFAP-scen-03-opt_c22,false,14.0,true,false,10008,10000,xcsp3,linear,0,2,false,
xcsp3-cop-22to25,RLFAP-scen-04-opt_c22,false,46.0,true,true,3360,10000,xcsp3,linear,0,2,true,
xcsp3-cop-22to25,RLFAP-scen-05-opt_c22,false,792.0,true,true,292,10000,xcsp3,linear,0,2,false,
xcsp3-cop-22to25,RLFAP-scen-06-opt_c22,false,,,false,10000,10000,xcsp3,linear,0,2,false,
xcsp3-cop-22to25,RLFAP-scen-07-opt_c22,false,,,false,10000,10000,xcsp3,linear,0,2,false,
xcsp3-cop-22to25,RLFAP-scen-08-opt_c22,false,,,false,10000,10000,xcsp3,linear,0,2,false,
xcsp3-cop-22to25,RLFAP-scen-09-opt_c22,false,,,false,10000,10000,xcsp3,linear,0,3,false,
xcsp3-cop-22to25,RLFAP-scen-10-opt_c22,false,,,false,10000,10000,xcsp3,linear,0,3,false,
xcsp3-cop-22to25,RLFAP-scen-11-opt_c22,false,26.0,true,false,10013,10000,xcsp3,linear,0,2,false,
xcsp3-cop-22to25,RoadefPlaning2-2021-04_c25,false,,,false,10000,10000,xcsp3,global,6,5,true,
xcsp3-cop-22to25,RoadefPlaning2-2021-05_c25,false,0.0,true,true,86,10000,xcsp3,global,6,5,true,
xcsp3-cop-22to25,RoadefPlaning2-2021-06_c25,false,0.0,true,true,75,10000,xcsp3,global,6,5,true,
xcsp3-cop-22to25,RoadefPlaning2-2022-10_c25,false,,,false,10000,10000,xcsp3,global,10,4,true,
xcsp3-cop-22to25,RoadefPlaning2-2022-11_c25,false,29.0,true,false,10000,10000,xcsp3,global,10,4,true,
xcsp3-cop-22to25,RoadefPlaning2-2022-12_c25,false,29.0,true,false,10000,10000,xcsp3,global,10,4,true,
xcsp3-cop-22to25,RoadefPlaning2-2023-11_c25,false,,,false,10000,10000,xcsp3,global,16,2,true,
xcsp3-cop-22to25,RoadefPlaning2-2023-12_c25,false,10.0,true,false,10001,10000,xcsp3,global,16,2,true,
xcsp3-cop-22to25,RoadefPlaning2-2023-13_c25,false,12.0,true,false,10000,10000,xcsp3,global,16,2,true,
xcsp3-cop-22to25,RoadefPlaning2-2024-09_c25,false,,,false,10000,10000,xcsp3,global,7,3,true,
xcsp3-cop-22to25,RoadefPlaning2-2024-10_c25,false,4.0,true,false,10000,10000,xcsp3,global,7,3,true,
xcsp3-cop-22to25,RoadefPlaning2-2024-11_c25,false,4.0,true,false,10001,10000,xcsp3,global,7,3,true,
xcsp3-cop-22to25,RollerSplat-04-20_c25,false,10.0,true,true,294,10000,xcsp3,global,35,14,false,
xcsp3-cop-22to25,RollerSplat-05a-30_c25,false,10.0,true,true,247,10000,xcsp3,global,25,6,false,
xcsp3-cop-22to25,RollerSplat-05b-50_c25,false,22.0,true,true,2198,10000,xcsp3,global,47,8,false,
xcsp3-cop-22to25,RollerSplat-05c-70_c25,false,,,false,10000,10000,xcsp3,global,85,8,false,
xcsp3-cop-22to25,RollerSplat-05d-90_c25,false,,,false,10000,10000,xcsp3,global,163,12,false,
xcsp3-cop-22to25,RollerSplat-06a-30_c25,false,18.0,true,true,1697,10000,xcsp3,global,50,13,false,
xcsp3-cop-22to25,RollerSplat-06b-50_c25,false,,,false,10000,10000,xcsp3,global,87,19,false,
xcsp3-cop-22to25,RollerSplat-06c-70_c25,false,,,false,10000,10000,xcsp3,global,164,21,false,
xcsp3-cop-22to25,RollerSplat-06d-90_c25,false,,,false,10000,10000,xcsp3,global,240,21,false,
xcsp3-cop-22to25,RollerSplat-07a-30_c25,false,19.0,true,true,2301,10000,xcsp3,global,54,14,false,
xcsp3-cop-22to25,RollerSplat-07b-50_c25,false,,,false,10000,10000,xcsp3,global,105,15,false,
xcsp3-cop-22to25,RollerSplat-07c-70_c25,false,,,false,10000,10000,xcsp3,global,104,15,false,
xcsp3-cop-22to25,RubiksCube-10-4-20-0_c24,false,10.0,true,true,1431,10000,xcsp3,global,3,4,true,
xcsp3-cop-22to25,RubiksCube-10-4-20-1_c24,false,,,false,10000,10000,xcsp3,global,3,4,true,
xcsp3-cop-22to25,RubiksCube-10-4-20-2_c24,false,,,false,10000,10000,xcsp3,global,3,4,true,
xcsp3-cop-22to25,RubiksCube-10-4-20-3_c24,false,10.0,true,true,1409,10000,xcsp3,global,3,4,true,
xcsp3-cop-22to25,RubiksCube-11-4-20-0_c24,false,11.0,true,true,2610,10000,xcsp3,global,3,4,true,
xcsp3-cop-22to25,RubiksCube-11-4-20-1_c24,false,,,false,10000,10000,xcsp3,global,3,4,true,
xcsp3-cop-22to25,RubiksCube-11-4-20-2_c24,false,,,false,10000,10000,xcsp3,global,3,4,true,
xcsp3-cop-22to25,RubiksCube-11-4-20-3_c24,false,11.0,true,true,2479,10000,xcsp3,global,3,4,true,
xcsp3-cop-22to25,RubiksCube-12-4-20-0_c24,false,,,false,10000,10000,xcsp3,global,3,4,true,
xcsp3-cop-22to25,RubiksCube-12-4-20-1_c24,false,12.0,true,false,10002,10000,xcsp3,global,3,4,true,
xcsp3-cop-22to25,RubiksCube-12-4-20-2_c24,false,,,false,10000,10000,xcsp3,global,3,4,true,
xcsp3-cop-22to25,RubiksCube-13-4-20-0_c24,false,,,false,10000,10000,xcsp3,global,3,4,true,
xcsp3-cop-22to25,RubiksCube-13-4-20-1_c24,false,,,false,10000,10000,xcsp3,global,3,4,true,
xcsp3-cop-22to25,RubiksCube-13-4-20-2_c24,false,,,false,10000,10000,xcsp3,global,3,4,true,
xcsp3-cop-22to25,Rulemining-fmeas--hab-10-2_c23,true,,,false,10000,10000,xcsp3,global,120,13,false,
xcsp3-cop-22to25,Rulemining-hab-07-3-30_c23,true,,,false,10000,10000,xcsp3,global,120,13,false,
xcsp3-cop-22to25,Rulemining-hab-07-3-50_c23,true,,,false,10000,10000,xcsp3,global,120,13,false,
xcsp3-cop-22to25,Rulemining-hab-08-3-30_c23,true,,,false,10000,10000,xcsp3,global,120,13,false,
xcsp3-cop-22to25,Rulemining-hab-08-3-50_c23,true,,,false,10000,10000,xcsp3,global,120,13,false,
xcsp3-cop-22to25,Rulemining-hab-09-3-30_c23,true,,,false,10000,10000,xcsp3,global,120,13,false,
xcsp3-cop-22to25,Rulemining-hab-09-3-50_c23,true,,,false,10000,10000,xcsp3,global,120,13,false,
xcsp3-cop-22to25,Rulemining-hab-10-3-30_c23,true,,,false,10000,10000,xcsp3,global,120,13,false,
xcsp3-cop-22to25,Rulemining-hab-10-3-50_c23,true,,,false,10000,10000,xcsp3,global,120,13,false,
xcsp3-cop-22to25,SREFLP-Cl07_c23,false,1590.0,true,true,372,10000,xcsp3,global,3,2,false,
xcsp3-cop-22to25,SREFLP-Cl12_c23,false,11700.0,true,false,10003,10000,xcsp3,global,3,2,false,
xcsp3-cop-22to25,SREFLP-Cl15_c23,false,25300.0,true,false,10005,10000,xcsp3,global,3,2,false,
xcsp3-cop-22to25,SREFLP-Cl20_c23,false,81470.0,true,false,10237,10000,xcsp3,global,3,2,false,
xcsp3-cop-22to25,SREFLP-Cl30_c23,false,,,false,10000,10000,xcsp3,global,3,2,false,
xcsp3-cop-22to25,SREFLP-sko042-1_c23,false,,,false,10000,10000,xcsp3,global,3,2,false,
xcsp3-cop-22to25,SREFLP-sko042-2_c23,false,,,false,10000,10000,xcsp3,global,3,2,false,
xcsp3-cop-22to25,SREFLP-sko042-3_c23,false,,,false,10000,10000,xcsp3,global,3,2,false,
xcsp3-cop-22to25,SREFLP-sko042-4_c23,false,,,false,10000,10000,xcsp3,global,3,2,false,
xcsp3-cop-22to25,SREFLP-sko042-5_c23,false,,,false,10000,10000,xcsp3,global,3,2,false,
xcsp3-cop-22to25,SREFLP-sko049-1_c23,false,,,false,10000,10000,xcsp3,global,3,2,false,
xcsp3-cop-22to25,SREFLP-sko049-2_c23,false,,,false,10000,10000,xcsp3,global,3,2,false,
xcsp3-cop-22to25,SREFLP-sko049-3_c23,false,,,false,10000,10000,xcsp3,global,3,2,false,
xcsp3-cop-22to25,SREFLP-sko049-4_c23,false,,,false,10000,10000,xcsp3,global,3,2,false,
xcsp3-cop-22to25,SREFLP-sko049-5_c23,false,,,false,10000,10000,xcsp3,global,3,2,false,
xcsp3-cop-22to25,SameQueensKnights-b-05_c24,true,6.0,true,true,61,10000,xcsp3,linear,0,4,true,
xcsp3-cop-22to25,SameQueensKnights-b-10_c24,true,15.0,true,false,10000,10000,xcsp3,linear,0,4,true,
xcsp3-cop-22to25,SameQueensKnights-b-15_c24,true,24.0,true,false,10000,10000,xcsp3,linear,0,4,true,
xcsp3-cop-22to25,SameQueensKnights-b-20_c24,true,32.0,true,false,10001,10000,xcsp3,linear,0,4,true,
xcsp3-cop-22to25,SameQueensKnights-b-25_c24,true,35.0,true,false,10005,10000,xcsp3,linear,0,4,true,
xcsp3-cop-22to25,SameQueensKnights-b-30_c24,true,37.0,true,false,10003,10000,xcsp3,linear,0,4,true,
xcsp3-cop-22to25,SameQueensKnights-b-35_c24,true,49.0,true,false,10015,10000,xcsp3,linear,0,4,true,
xcsp3-cop-22to25,SameQueensKnights-b-40_c24,true,55.0,true,false,10012,10000,xcsp3,linear,0,4,true,
xcsp3-cop-22to25,SameQueensKnights-b-45_c24,true,,,false,10000,10000,xcsp3,linear,0,4,true,
xcsp3-cop-22to25,SameQueensKnights-b-50_c24,true,,,false,10000,10000,xcsp3,linear,0,4,true,
xcsp3-cop-22to25,SameQueensKnights-b-55_c24,true,,,false,10000,10000,xcsp3,linear,0,4,true,
xcsp3-cop-22to25,SameQueensKnights-b-60_c24,true,,,false,10000,10000,xcsp3,linear,0,4,true,
xcsp3-cop-22to25,SameQueensKnights-b-65_c24,true,,,false,10000,10000,xcsp3,linear,0,4,true,
xcsp3-cop-22to25,SameQueensKnights-b-70_c24,true,,,false,10000,10000,xcsp3,linear,0,4,true,
xcsp3-cop-22to25,SameQueensKnights-b-75_c24,true,,,false,10000,10000,xcsp3,linear,0,4,true,
xcsp3-cop-22to25,SchedulingOS-gp-04-01_c25,false,1281.0,true,true,50,10000,xcsp3,global,14,1,false,
xcsp3-cop-22to25,SchedulingOS-gp-04-05_c25,false,1289.0,true,true,39,10000,xcsp3,global,14,1,false,
xcsp3-cop-22to25,SchedulingOS-gp-05-01_c25,false,1245.0,true,true,210,10000,xcsp3,global,17,1,false,
xcsp3-cop-22to25,SchedulingOS-gp-05-05_c25,false,1280.0,true,true,186,10000,xcsp3,global,17,1,false,
xcsp3-cop-22to25,SchedulingOS-gp-06-01_c25,false,1264.0,true,true,408,10000,xcsp3,global,20,1,false,
xcsp3-cop-22to25,SchedulingOS-gp-06-05_c25,false,1299.0,true,true,229,10000,xcsp3,global,20,1,false,
xcsp3-cop-22to25,SchedulingOS-gp-07-01_c25,false,1159.0,true,true,1690,10000,xcsp3,global,23,1,false,
xcsp3-cop-22to25,SchedulingOS-gp-07-05_c25,false,1157.0,true,true,1275,10000,xcsp3,global,23,1,false,
xcsp3-cop-22to25,SchedulingOS-gp-08-01_c25,false,1130.0,true,true,2994,10000,xcsp3,global,26,1,false,
xcsp3-cop-22to25,SchedulingOS-gp-08-05_c25,false,1218.0,true,true,2862,10000,xcsp3,global,26,1,false,
xcsp3-cop-22to25,SchedulingOS-gp-09-01_c25,false,1148.0,true,false,10001,10000,xcsp3,global,29,1,false,
xcsp3-cop-22to25,SchedulingOS-gp-09-05_c25,false,1180.0,true,false,10001,10000,xcsp3,global,29,1,false,
xcsp3-cop-22to25,SchedulingOS-gp-10-01_c25,false,1113.0,true,false,10001,10000,xcsp3,global,32,1,false,
xcsp3-cop-22to25,SchedulingOS-gp-10-05_c25,false,1112.0,true,false,10001,10000,xcsp3,global,32,1,false,
xcsp3-cop-22to25,Sonet-s2ring02_c23,false,14.0,true,true,929,10000,xcsp3,global,3,0,true,
xcsp3-cop-22to25,Sonet-s3ring01_c23,false,22.0,true,false,10000,10000,xcsp3,global,3,0,false,
xcsp3-cop-22to25,Sonet-s3ring02_c23,false,22.0,true,false,10000,10000,xcsp3,global,3,0,false,
xcsp3-cop-22to25,Sonet-s3ring03_c23,false,22.0,true,false,10010,10000,xcsp3,global,3,0,false,
xcsp3-cop-22to25,Sonet-s3ring04_c23,false,23.0,true,false,10000,10000,xcsp3,global,3,0,false,
xcsp3-cop-22to25,Sonet-s3ring05_c23,false,20.0,true,false,10000,10000,xcsp3,global,3,0,true,
xcsp3-cop-22to25,Sonet-s3ring06_c23,false,22.0,true,false,10000,10000,xcsp3,global,3,0,false,
xcsp3-cop-22to25,Sonet-s3ring07_c23,false,20.0,true,false,9988,10000,xcsp3,global,3,0,false,
xcsp3-cop-22to25,Sonet-s3ring08_c23,false,20.0,true,false,10000,10000,xcsp3,global,3,0,false,
xcsp3-cop-22to25,Sonet-s3ring09_c23,false,22.0,true,false,10000,10000,xcsp3,global,3,0,true,
xcsp3-cop-22to25,Sonet-s3ring10_c23,false,23.0,true,false,10000,10000,xcsp3,global,3,0,true,
xcsp3-cop-22to25,Sonet-s3ring11_c23,false,22.0,true,false,10000,10000,xcsp3,global,3,0,false,
xcsp3-cop-22to25,Sonet-s3ring12_c23,false,20.0,true,false,10000,10000,xcsp3,global,3,0,false,
xcsp3-cop-22to25,Sonet-s3ring13_c23,false,22.0,true,false,10000,10000,xcsp3,global,3,0,true,
xcsp3-cop-22to25,Sonet-s3ring14_c23,false,24.0,true,false,10000,10000,xcsp3,global,3,0,true,
xcsp3-cop-22to25,Sonet-s3ring15_c23,false,22.0,true,false,10000,10000,xcsp3,global,3,0,false,
xcsp3-cop-22to25,Spot5-0005_c22,false,261.0,true,true,858,10000,xcsp3,global,11,0,false,
xcsp3-cop-22to25,Spot5-0028_c22,false,270105.0,true,true,227,10000,xcsp3,global,27,0,false,
xcsp3-cop-22to25,Spot5-0029_c22,false,8059.0,true,true,6,10000,xcsp3,global,6,0,false,
xcsp3-cop-22to25,Spot5-0042_c22,false,155050.0,true,true,109,10000,xcsp3,global,9,0,false,
xcsp3-cop-22to25,Spot5-0054_c22,false,37.0,true,true,9,10000,xcsp3,global,10,0,false,
xcsp3-cop-22to25,Spot5-0412_c22,false,32381.0,true,true,143,10000,xcsp3,global,33,0,false,
xcsp3-cop-22to25,Spot5-0414_c22,false,38478.0,true,true,591,10000,xcsp3,global,45,0,false,
xcsp3-cop-22to25,Spot5-0503_c22,false,11113.0,true,true,18,10000,xcsp3,global,24,0,false,
xcsp3-cop-22to25,Spot5-1401_c22,false,459106.0,true,false,10000,10000,xcsp3,global,37,0,false,
xcsp3-cop-22to25,Spot5-1502_c22,false,28042.0,true,true,20,10000,xcsp3,global,23,0,false,
xcsp3-cop-22to25,StillLife-05-05_c24,true,16.0,true,true,36,10000,xcsp3,global,2,2,true,
xcsp3-cop-22to25,StillLife-08-08_c24,true,36.0,true,true,2963,10000,xcsp3,global,2,2,true,
xcsp3-cop-22to25,StillLife-08-10_c24,true,43.0,true,false,10000,10000,xcsp3,global,2,1,true,
xcsp3-cop-22to25,StillLife-09-09_c24,true,43.0,true,false,10000,10000,xcsp3,global,2,2,true,
xcsp3-cop-22to25,StillLife-09-12_c24,true,56.0,true,false,10000,10000,xcsp3,global,2,1,true,
xcsp3-cop-22to25,StillLife-10-10_c24,true,51.0,true,false,10000,10000,xcsp3,global,2,2,true,
xcsp3-cop-22to25,StillLife-10-14_c24,true,71.0,true,false,10000,10000,xcsp3,global,2,1,true,
xcsp3-cop-22to25,StillLife-12-12_c24,true,72.0,true,false,10000,10000,xcsp3,global,2,2,true,
xcsp3-cop-22to25,StillLife-12-18_c24,true,101.0,true,false,10000,10000,xcsp3,global,2,1,true,
xcsp3-cop-22to25,StillLife-wastage-05-05_c24,true,16.0,true,true,677,10000,xcsp3,global,2,3,false,
xcsp3-cop-22to25,StillLife-wastage-10-10_c24,true,54.0,true,false,10002,10000,xcsp3,global,2,3,false,
xcsp3-cop-22to25,StillLife-wastage-15-15_c24,true,111.0,true,false,10006,10000,xcsp3,global,2,3,false,
xcsp3-cop-22to25,StillLife-wastage-20-20_c24,true,162.0,true,false,10010,10000,xcsp3,global,2,3,false,
xcsp3-cop-22to25,StillLife-wastage-30-30_c24,true,,,false,10000,10000,xcsp3,global,2,3,false,
xcsp3-cop-22to25,StillLife-wastage-40-40_c24,true,,,false,10000,10000,xcsp3,global,2,3,false,
xcsp3-cop-22to25,StillLife-wastage-50-50_c24,true,,,false,10000,10000,xcsp3,global,2,3,false,
xcsp3-cop-22to25,TAL-01_c22,false,6.0,true,true,32,10000,xcsp3,global,9,17,true,
xcsp3-cop-22to25,TAL-02_c22,false,86.0,true,true,943,10000,xcsp3,global,21,20,true,
xcsp3-cop-22to25,TAL-03_c22,false,96.0,true,true,3304,10000,xcsp3,global,25,21,true,
xcsp3-cop-22to25,TAL-04_c22,false,142.0,true,false,10031,10000,xcsp3,global,28,21,true,
xcsp3-cop-22to25,TAL-05_c22,false,16.0,true,true,5469,10000,xcsp3,global,29,22,true,
xcsp3-cop-22to25,TAL-06_c22,false,114.0,true,false,10006,10000,xcsp3,global,33,23,true,
xcsp3-cop-22to25,TAL-07_c22,false,206.0,true,false,10004,10000,xcsp3,global,36,23,true,
xcsp3-cop-22to25,TAL-08_c22,false,,,false,10000,10000,xcsp3,global,39,23,true,
xcsp3-cop-22to25,TAL-09_c22,false,,,false,10000,10000,xcsp3,global,39,23,true,
xcsp3-cop-22to25,TAL-10_c22,false,,,false,10000,10000,xcsp3,global,45,23,true,
xcsp3-cop-22to25,TSPTW1-n020w020-1_c23,false,378.0,true,true,526,10000,xcsp3,global,8,1,false,
xcsp3-cop-22to25,TSPTW1-n020w040-1_c23,false,254.0,true,true,1627,10000,xcsp3,global,8,1,false,
xcsp3-cop-22to25,TSPTW1-n020w060-1_c23,false,335.0,true,true,1941,10000,xcsp3,global,8,1,false,
xcsp3-cop-22to25,TSPTW1-n020w080-1_c23,false,329.0,true,true,2754,10000,xcsp3,global,8,1,false,
xcsp3-cop-22to25,TSPTW1-n040w020-1_c23,false,500.0,true,true,6789,10000,xcsp3,global,8,1,false,
xcsp3-cop-22to25,TSPTW1-n040w040-1_c23,false,525.0,true,false,10012,10000,xcsp3,global,8,1,false,
xcsp3-cop-22to25,TSPTW1-n040w060-1_c23,false,,,false,10000,10000,xcsp3,global,8,1,false,
xcsp3-cop-22to25,TSPTW1-n040w080-1_c23,false,,,false,10000,10000,xcsp3,global,8,1,false,
xcsp3-cop-22to25,TSPTW2-n040w020-1_c23,false,500.0,true,true,948,10000,xcsp3,global,42,4,false,
xcsp3-cop-22to25,TSPTW2-n040w040-1_c23,false,465.0,true,true,3482,10000,xcsp3,global,42,4,false,
xcsp3-cop-22to25,TSPTW2-n040w060-1_c23,false,494.0,true,false,10023,10000,xcsp3,global,42,4,false,
xcsp3-cop-22to25,TSPTW2-n040w080-1_c23,false,401.0,true,false,10015,10000,xcsp3,global,42,4,false,
xcsp3-cop-22to25,TSPTW2-n060w020-1_c23,false,551.0,true,true,4653,10000,xcsp3,global,62,4,false,
xcsp3-cop-22to25,TSPTW2-n060w040-1_c23,false,599.0,true,false,10003,10000,xcsp3,global,62,4,false,
xcsp3-cop-22to25,TSPTW2-n060w060-1_c23,false,609.0,true,false,10002,10000,xcsp3,global,62,4,false,
xcsp3-cop-22to25,TSPTW2-n060w080-1_c23,false,,,false,10000,10000,xcsp3,global,62,4,false,
xcsp3-cop-22to25,TankAllocation1-0000_c25,true,1600.0,true,false,9999,10000,xcsp3,global,24,14,false,
xcsp3-cop-22to25,TankAllocation1-0400_c25,true,1164.0,true,false,10005,10000,xcsp3,global,36,15,false,
xcsp3-cop-22to25,TankAllocation1-0800_c25,true,5604.0,true,false,10000,10000,xcsp3,global,41,15,false,
xcsp3-cop-22to25,TankAllocation1-1200_c25,true,300.0,true,true,2540,10000,xcsp3,global,26,24,false,
xcsp3-cop-22to25,TankAllocation1-1600_c25,true,835.0,true,false,10000,10000,xcsp3,global,36,24,false,
xcsp3-cop-22to25,TankAllocation1-2000_c25,true,,,false,10000,10000,xcsp3,global,36,28,false,
xcsp3-cop-22to25,TankAllocation1-2400_c25,true,4304.0,true,true,564,10000,xcsp3,global,41,29,false,
xcsp3-cop-22to25,TankAllocation1-2591_c25,true,1902.0,true,true,7405,10000,xcsp3,global,41,26,false,
xcsp3-cop-22to25,TankAllocation1-chemical_c25,true,1017.0,true,false,10000,10000,xcsp3,global,2,2,false,
xcsp3-cop-22to25,TankAllocation2-0000_c25,true,997.0,true,false,10002,10000,xcsp3,global,25,1,true,
xcsp3-cop-22to25,TankAllocation2-0400_c25,true,,,false,10000,10000,xcsp3,global,30,1,false,
xcsp3-cop-22to25,TankAllocation2-0800_c25,false,,,false,10000,10000,xcsp3,global,27,1,false,
xcsp3-cop-22to25,TankAllocation2-1200_c25,true,290.0,true,false,10001,10000,xcsp3,global,31,1,true,
xcsp3-cop-22to25,TankAllocation2-1600_c25,true,571.0,true,false,10001,10000,xcsp3,global,35,1,true,
xcsp3-cop-22to25,TankAllocation2-2000_c25,true,,,false,10000,10000,xcsp3,global,44,1,true,
xcsp3-cop-22to25,TankAllocation2-2400_c25,true,4062.0,true,false,10004,10000,xcsp3,global,48,1,true,
xcsp3-cop-22to25,TankAllocation2-2591_c25,true,1323.0,true,false,10002,10000,xcsp3,global,37,1,true,
xcsp3-cop-22to25,TankAllocation2-chemical_c25,true,451.0,true,false,10002,10000,xcsp3,global,19,1,true,
xcsp3-cop-22to25,TestScheduling-t020m10r03-1_c24,false,1876.0,true,true,67,10000,xcsp3,global,4,1,false,
xcsp3-cop-22to25,TestScheduling-t020m10r05-1_c24,false,2586.0,true,true,83,10000,xcsp3,global,6,1,false,
xcsp3-cop-22to25,TestScheduling-t020m10r10-1_c24,false,1337.0,true,true,1445,10000,xcsp3,global,5,1,false,
xcsp3-cop-22to25,TestScheduling-t030m10r03-1_c24,false,2901.0,true,true,257,10000,xcsp3,global,4,1,false,
xcsp3-cop-22to25,TestScheduling-t030m10r05-1_c24,false,1998.0,true,true,506,10000,xcsp3,global,6,1,false,
xcsp3-cop-22to25,TestScheduling-t030m10r10-1_c24,false,3344.0,true,true,274,10000,xcsp3,global,11,1,false,
xcsp3-cop-22to25,TestScheduling-t030m20r03-1_c24,false,2200.0,true,true,2433,10000,xcsp3,global,4,1,false,
xcsp3-cop-22to25,TestScheduling-t030m20r05-1_c24,false,3448.0,true,false,10000,10000,xcsp3,global,6,1,false,
xcsp3-cop-22to25,TestScheduling-t030m20r10-1_c24,false,3702.0,true,true,4796,10000,xcsp3,global,11,1,false,
xcsp3-cop-22to25,TestScheduling-t050m10r03-1_c24,false,7067.0,true,true,1597,10000,xcsp3,global,4,1,false,
xcsp3-cop-22to25,TestScheduling-t050m10r05-1_c24,false,5397.0,true,true,796,10000,xcsp3,global,6,1,false,
xcsp3-cop-22to25,TestScheduling-t050m10r10-1_c24,false,6499.0,true,true,1104,10000,xcsp3,global,11,1,false,
xcsp3-cop-22to25,TestScheduling-t050m20r03-1_c24,false,3869.0,true,true,9471,10000,xcsp3,global,4,1,false,
xcsp3-cop-22to25,TestScheduling-t050m20r05-1_c24,false,6273.0,true,true,4404,10000,xcsp3,global,6,1,false,
xcsp3-cop-22to25,TestScheduling-t050m20r10-1_c24,false,5211.0,true,true,5932,10000,xcsp3,global,11,1,false,
xcsp3-cop-22to25,TestScheduling-t100m10r03-1_c24,false,11428.0,true,false,10003,10000,xcsp3,global,6,1,false,
xcsp3-cop-22to25,TestScheduling-t100m10r05-1_c24,false,,,false,10000,10000,xcsp3,global,8,1,false,
xcsp3-cop-22to25,TestScheduling-t100m10r10-1_c24,false,12632.0,true,false,10003,10000,xcsp3,global,14,1,false,
xcsp3-cop-22to25,TestScheduling-t100m20r03-1_c24,false,7381.0,true,false,10003,10000,xcsp3,global,4,1,false,
xcsp3-cop-22to25,TestScheduling-t100m20r05-1_c24,false,,,false,10000,10000,xcsp3,global,6,1,false,
xcsp3-cop-22to25,TestScheduling-t100m20r10-1_c24,false,13574.0,true,false,10003,10000,xcsp3,global,11,1,false,
xcsp3-cop-22to25,TravelingTournament-galaxy04_c24,false,416.0,true,true,128,10000,xcsp3,global,25,2,false,
xcsp3-cop-22to25,TravelingTournament-galaxy06_c24,false,1413.0,true,false,10001,10000,xcsp3,global,37,2,false,
xcsp3-cop-22to25,TravelingTournament-galaxy08_c24,false,3090.0,true,false,10001,10000,xcsp3,global,49,2,false,
xcsp3-cop-22to25,TravelingTournament-galaxy10_c24,false,6066.0,true,false,10005,10000,xcsp3,global,61,2,false,
xcsp3-cop-22to25,TravelingTournament-galaxy12_c24,false,10669.0,true,false,10008,10000,xcsp3,global,73,2,false,
xcsp3-cop-22to25,TravelingTournament-galaxy14_c24,false,16754.0,true,false,10012,10000,xcsp3,global,85,2,false,
xcsp3-cop-22to25,TravelingTournament-galaxy16_c24,false,,,false,10000,10000,xcsp3,global,97,2,false,
xcsp3-cop-22to25,TravelingTournament-galaxy18_c24,false,,,false,10000,10000,xcsp3,global,109,2,false,
xcsp3-cop-22to25,TravelingTournament-galaxy20_c24,false,,,false,10000,10000,xcsp3,global,121,2,false,
xcsp3-cop-22to25,TravelingTournament-galaxy24_c24,false,,,false,10000,10000,xcsp3,global,145,2,false,
xcsp3-cop-22to25,TravelingTournament-galaxy28_c24,false,,,false,10000,10000,xcsp3,global,169,2,false,
xcsp3-cop-22to25,TravelingTournament-galaxy32_c24,false,,,false,10000,10000,xcsp3,global,193,2,false,
xcsp3-cop-22to25,TravelingTournament-galaxy36_c24,false,,,false,10000,10000,xcsp3,global,217,2,false,
xcsp3-cop-22to25,TravelingTournament-galaxy40_c24,false,,,false,10000,10000,xcsp3,global,241,2,false,
xcsp3-cop-22to25,Triangular-10_c22,true,20.0,true,false,10000,10000,xcsp3,linear,0,1,true,
xcsp3-cop-22to25,Triangular-15_c22,true,32.0,true,false,10000,10000,xcsp3,linear,0,1,true,
xcsp3-cop-22to25,Triangular-20_c22,true,44.0,true,false,10000,10000,xcsp3,linear,0,1,true,
xcsp3-cop-22to25,Triangular-22_c22,true,47.0,true,false,10000,10000,xcsp3,linear,0,1,true,
xcsp3-cop-22to25,Triangular-25_c22,true,57.0,true,false,10000,10000,xcsp3,linear,0,1,true,
xcsp3-cop-22to25,Triangular-28_c22,true,63.0,true,false,10000,10000,xcsp3,linear,0,1,true,
xcsp3-cop-22to25,Triangular-30_c22,true,68.0,true,false,10001,10000,xcsp3,linear,0,1,true,
xcsp3-cop-22to25,Triangular-32_c22,true,72.0,true,false,10001,10000,xcsp3,linear,0,1,true,
xcsp3-cop-22to25,Triangular-35_c22,true,83.0,true,false,10001,10000,xcsp3,linear,0,1,true,
xcsp3-cop-22to25,Triangular-38_c22,true,86.0,true,false,10001,10000,xcsp3,linear,0,1,true,
xcsp3-cop-22to25,VRP_LC-09-05-10-s1_c24,false,351.0,true,true,1818,10000,xcsp3,global,37,10,false,
xcsp3-cop-22to25,VRP_LC-09-05-10-s2_c24,false,329.0,true,true,4902,10000,xcsp3,global,37,10,false,
xcsp3-cop-22to25,VRP_LC-09-05-10-s3_c24,false,329.0,true,true,4864,10000,xcsp3,global,37,10,false,
xcsp3-cop-22to25,VRP_LC-09-05-15-s2_c24,false,419.0,true,false,10002,10000,xcsp3,global,51,10,false,
xcsp3-cop-22to25,VRP_LC-09-05-15-s3_c24,false,419.0,true,false,10031,10000,xcsp3,global,51,10,false,
xcsp3-cop-22to25,VRP_LC-10-05-20-s3_c24,false,396.0,true,false,10032,10000,xcsp3,global,66,10,false,
xcsp3-cop-22to25,VRP_LC-11-05-15-s3_c24,false,348.0,true,false,10002,10000,xcsp3,global,52,10,false,
xcsp3-cop-22to25,VRP_LC-11-05-15-s4_c24,false,339.0,true,false,10018,10000,xcsp3,global,52,10,false,
xcsp3-cop-22to25,VRP_LC-13-11-15-s3_c24,false,446.0,true,false,10002,10000,xcsp3,global,51,10,false,
xcsp3-cop-22to25,VRP_LC-13-11-20-s4_c24,false,634.0,true,false,10039,10000,xcsp3,global,68,10,false,
xcsp3-cop-22to25,WarOrPeace-08_c22,false,12.0,true,true,26,10000,xcsp3,linear,0,2,false,
xcsp3-cop-22to25,WarOrPeace-09_c22,false,16.0,true,true,331,10000,xcsp3,linear,0,2,false,
xcsp3-cop-22to25,WarOrPeace-10_c22,false,20.0,true,true,2752,10000,xcsp3,linear,0,2,false,
xcsp3-cop-22to25,WarOrPeace-12_c22,false,30.0,true,false,10000,10000,xcsp3,linear,0,2,false,
xcsp3-cop-22to25,WarOrPeace-14_c22,false,42.0,true,false,10000,10000,xcsp3,linear,0,2,false,
xcsp3-cop-22to25,WarOrPeace-or-08_c22,false,12.0,true,true,30,10000,xcsp3,linear,0,6,true,
xcsp3-cop-22to25,WarOrPeace-or-09_c22,false,16.0,true,true,548,10000,xcsp3,linear,0,7,true,
xcsp3-cop-22to25,WarOrPeace-or-10_c22,false,20.0,true,true,6555,10000,xcsp3,linear,0,8,true,
xcsp3-cop-22to25,WarOrPeace-or-12_c22,false,30.0,true,false,10000,10000,xcsp3,linear,0,10,true,
xcsp3-cop-22to25,WarOrPeace-or-14_c22,false,42.0,true,false,10000,10000,xcsp3,linear,0,12,true,
xcsp3-cop-22to25,Warehouse-40-80-00_c22,false,5317.0,true,false,10002,10000,xcsp3,global,82,0,false,
xcsp3-cop-22to25,Warehouse-40-80-01_c22,false,5334.0,true,false,9994,10000,xcsp3,global,82,0,false,
xcsp3-cop-22to25,Warehouse-40-80-02_c22,false,5488.0,true,false,10001,10000,xcsp3,global,82,0,false,
xcsp3-cop-22to25,Warehouse-50-100-00_c22,false,6444.0,true,false,10001,10000,xcsp3,global,102,0,false,
xcsp3-cop-22to25,Warehouse-50-100-01_c22,false,6412.0,true,false,10000,10000,xcsp3,global,102,0,false,
xcsp3-cop-22to25,Warehouse-50-100-02_c22,false,6933.0,true,false,10001,10000,xcsp3,global,102,0,false,
xcsp3-cop-22to25,Warehouse-60-120-00_c22,false,7127.0,true,false,10001,10000,xcsp3,global,122,0,false,
xcsp3-cop-22to25,Warehouse-60-120-01_c22,false,7414.0,true,false,10001,10000,xcsp3,global,122,0,false,
xcsp3-cop-22to25,Warehouse-60-120-02_c22,false,7669.0,true,false,10001,10000,xcsp3,global,122,0,false,
xcsp3-cop-22to25,WordGolf-4-ogd2008-50-0_c24,false,,,false,10000,10000,xcsp3,global,49,5,false,
xcsp3-cop-22to25,WordGolf-4-ogd2008-50-1_c24,false,,,false,10000,10000,xcsp3,global,49,5,false,
xcsp3-cop-22to25,WordGolf-4-ogd2008-50-2_c24,false,,,false,10000,10000,xcsp3,global,49,5,false,
xcsp3-cop-22to25,WordGolf-4-ogd2008-50-3_c24,false,,,false,10000,10000,xcsp3,global,49,5,false,
xcsp3-cop-22to25,WordGolf-5-ogd2008-50-0_c24,false,,,false,10000,10000,xcsp3,global,49,5,false,
xcsp3-cop-22to25,WordGolf-5-ogd2008-50-1_c24,false,,,false,10000,10000,xcsp3,global,49,5,false,
xcsp3-cop-22to25,WordGolf-5-ogd2008-50-2_c24,false,,,false,10000,10000,xcsp3,global,49,5,false,
xcsp3-cop-22to25,WordGolf-5-ogd2008-50-3_c24,false,,,false,10000,10000,xcsp3,global,49,5,false,
xcsp3-cop-22to25,WordGolf-6-ogd2008-50-0_c24,false,,,false,10000,10000,xcsp3,global,49,5,false,
xcsp3-cop-22to25,WordGolf-6-ogd2008-50-1_c24,false,,,false,10000,10000,xcsp3,global,49,5,false,
xcsp3-cop-22to25,WordGolf-6-ogd2008-50-2_c24,false,,,false,10000,10000,xcsp3,global,49,5,false,
xcsp3-cop-22to25,WordGolf-6-ogd2008-50-3_c24,false,,,false,10000,10000,xcsp3,global,49,5,false,
xcsp3-cop-22to25,WordGolf-7-ogd2008-50-0_c24,false,,,false,10000,10000,xcsp3,global,49,5,false,
xcsp3-cop-22to25,WordGolf-7-ogd2008-50-1_c24,false,,,false,10000,10000,xcsp3,global,49,5,false,
xcsp3-cop-22to25,WordGolf-7-ogd2008-50-2_c24,false,,,false,10000,10000,xcsp3,global,49,5,false,
xcsp3-cop-22to25,WordGolf-7-ogd2008-50-3_c24,false,,,false,10000,10000,xcsp3,global,49,5,false,
xcsp3-cop-22to25,Wordpress-04-05-500_c24,false,,false,true,273,10000,xcsp3,global,7,15,false,
xcsp3-cop-22to25,Wordpress-04-06-500_c24,false,1866.0,true,true,459,10000,xcsp3,global,8,16,false,
xcsp3-cop-22to25,Wordpress-04-07-500_c24,false,1748.0,true,true,1130,10000,xcsp3,global,9,17,false,
xcsp3-cop-22to25,Wordpress-04-08-500_c24,false,1630.0,true,true,2120,10000,xcsp3,global,10,18,false,
xcsp3-cop-22to25,Wordpress-04-09-500_c24,false,1536.0,true,true,1804,10000,xcsp3,global,11,19,false,
xcsp3-cop-22to25,Wordpress-04-10-500_c24,false,1442.0,true,true,1126,10000,xcsp3,global,12,20,false,
xcsp3-cop-22to25,Wordpress-08-20-500_c24,false,2674.0,true,false,10003,10000,xcsp3,global,22,30,false,
xcsp3-cop-22to25,Wordpress-12-30-500_c24,false,3580.0,true,false,10002,10000,xcsp3,global,32,40,false,
xcsp3-cop-22to25,Wordpress-16-40-500_c24,false,7477.0,true,false,10002,10000,xcsp3,global,42,50,false,
xcsp3-cop-22to25,Wordpress-20-50-500_c24,false,10222.0,true,false,10003,10000,xcsp3,global,52,60,false,
xcsp3-cop-22to25,Wordpress-24-60-500_c24,false,12402.0,true,false,10003,10000,xcsp3,global,62,70,false,
xcsp3-cop-22to25,Wordpress-28-70-500_c24,false,13543.0,true,false,10004,10000,xcsp3,global,72,80,false,
xcsp3-cop-22to25,Wordpress-32-80-500_c24,false,11443.0,true,false,10005,10000,xcsp3,global,82,90,false,
xcsp3-csp-22to25,Accordion-11-01_c25,false,,true,false,277,10000,xcsp3,global,30,6,false,
xcsp3-csp-22to25,Accordion-11-03_c25,false,,false,true,6244,10000,xcsp3,global,30,6,false,
xcsp3-csp-22to25,Accordion-12-01_c25,false,,true,false,71,10000,xcsp3,global,33,6,false,
xcsp3-csp-22to25,Accordion-12-03_c25,false,,,false,10000,10000,xcsp3,global,33,6,false,
xcsp3-csp-22to25,Accordion-13-02_c25,false,,true,false,63,10000,xcsp3,global,36,6,false,
xcsp3-csp-22to25,Accordion-14-03_c25,false,,true,false,467,10000,xcsp3,global,39,6,false,
xcsp3-csp-22to25,Accordion-14-04_c25,false,,true,false,80,10000,xcsp3,global,39,6,false,
xcsp3-csp-22to25,Accordion-15-03_c25,false,,true,false,133,10000,xcsp3,global,42,6,false,
xcsp3-csp-22to25,Accordion-15-04_c25,false,,true,false,1262,10000,xcsp3,global,42,6,false,
xcsp3-csp-22to25,Accordion-16-01_c25,false,,true,false,1088,10000,xcsp3,global,45,6,false,
xcsp3-csp-22to25,Accordion-16-04_c25,false,,true,false,135,10000,xcsp3,global,45,6,false,
xcsp3-csp-22to25,Accordion-16-05_c25,false,,true,false,177,10000,xcsp3,global,45,6,false,
xcsp3-csp-22to25,AlmostMagic-03-030_c25,false,,,false,10000,10000,xcsp3,global,1,7,true,
xcsp3-csp-22to25,AlmostMagic-03-035_c25,false,,,false,10000,10000,xcsp3,global,1,7,true,
xcsp3-csp-22to25,AlmostMagic-03-040_c25,false,,true,false,990,10000,xcsp3,global,1,7,true,
xcsp3-csp-22to25,AlmostMagic-03-070_c25,false,,true,false,29,10000,xcsp3,global,1,7,true,
xcsp3-csp-22to25,AlmostMagic-04-050_c25,false,,true,false,2754,10000,xcsp3,global,1,7,false,
xcsp3-csp-22to25,AlmostMagic-04-080_c25,false,,true,false,248,10000,xcsp3,global,1,7,false,
xcsp3-csp-22to25,AlmostMagic-05-070_c25,false,,,false,10000,10000,xcsp3,global,1,7,false,
xcsp3-csp-22to25,AlmostMagic-06-100_c25,false,,,false,10000,10000,xcsp3,global,1,7,false,
xcsp3-csp-22to25,AlmostMagic-07-130_c25,false,,,false,10000,10000,xcsp3,global,1,7,false,
xcsp3-csp-22to25,AlmostMagic-08-160_c25,false,,,false,10000,10000,xcsp3,global,1,7,false,
xcsp3-csp-22to25,AlmostMagic-09-200_c25,false,,,false,10000,10000,xcsp3,global,1,7,false,
xcsp3-csp-22to25,AlmostMagic-10-250_c25,false,,,false,10000,10000,xcsp3,global,1,7,false,
xcsp3-csp-22to25,AnotherMagicSquare-02_c23,false,,false,true,2,10000,xcsp3,global,1,2,false,
xcsp3-csp-22to25,AnotherMagicSquare-03_c23,false,,true,false,9,10000,xcsp3,global,1,2,true,
xcsp3-csp-22to25,AnotherMagicSquare-04_c23,false,,,false,10000,10000,xcsp3,global,1,2,true,
xcsp3-csp-22to25,AnotherMagicSquare-05_c23,false,,,false,10000,10000,xcsp3,global,1,2,true,
xcsp3-csp-22to25,AnotherMagicSquare-06_c23,false,,,false,10000,10000,xcsp3,global,1,2,true,
xcsp3-csp-22to25,AnotherMagicSquare-07_c23,false,,,false,10000,10000,xcsp3,global,1,2,true,
xcsp3-csp-22to25,AnotherMagicSquare-08_c23,false,,,false,10000,10000,xcsp3,global,1,2,true,
xcsp3-csp-22to25,AnotherMagicSquare-09_c23,false,,,false,10000,10000,xcsp3,global,1,2,true,
xcsp3-csp-22to25,AnotherMagicSquare-10_c23,false,,,false,10000,10000,xcsp3,global,1,2,true,
xcsp3-csp-22to25,AnotherMagicSquare-12_c23,false,,,false,10000,10000,xcsp3,global,1,2,true,
xcsp3-csp-22to25,AntimagicSquare-03_c23,false,,false,true,99,10000,xcsp3,global,4,3,false,
xcsp3-csp-22to25,AntimagicSquare-04_c23,false,,true,false,28,10000,xcsp3,global,4,3,false,
xcsp3-csp-22to25,AntimagicSquare-05_c23,false,,true,false,1268,10000,xcsp3,global,4,3,false,
xcsp3-csp-22to25,AntimagicSquare-06_c23,false,,true,false,114,10000,xcsp3,global,4,3,false,
xcsp3-csp-22to25,AntimagicSquare-07_c23,false,,true,false,7660,10000,xcsp3,global,4,3,false,
xcsp3-csp-22to25,AntimagicSquare-08_c23,false,,,false,10000,10000,xcsp3,global,4,3,false,
xcsp3-csp-22to25,AntimagicSquare-09_c23,false,,,false,10000,10000,xcsp3,global,4,3,false,
xcsp3-csp-22to25,AntimagicSquare-10_c23,false,,,false,10000,10000,xcsp3,global,4,3,false,
xcsp3-csp-22to25,AntimagicSquare-11_c23,false,,,false,10000,10000,xcsp3,global,4,3,false,
xcsp3-csp-22to25,AntimagicSquare-12_c23,false,,,false,10000,10000,xcsp3,global,4,3,false,
xcsp3-csp-22to25,AverageAvoiding-20_c24,false,,true,false,138,10000,xcsp3,global,2,1,false,
xcsp3-csp-22to25,AverageAvoiding-25_c24,false,,true,false,5636,10000,xcsp3,global,2,1,false,
xcsp3-csp-22to25,AverageAvoiding-30_c24,false,,,false,10000,10000,xcsp3,global,2,1,false,
xcsp3-csp-22to25,AverageAvoiding-35_c24,false,,,false,10000,10000,xcsp3,global,2,1,false,
xcsp3-csp-22to25,AverageAvoiding-40_c24,false,,,false,10000,10000,xcsp3,global,2,1,false,
xcsp3-csp-22to25,AverageAvoiding-45_c24,false,,,false,10000,10000,xcsp3,global,2,1,false,
xcsp3-csp-22to25,AverageAvoiding-50_c24,false,,,false,10000,10000,xcsp3,global,2,1,false,
xcsp3-csp-22to25,AverageAvoiding-55_c24,false,,,false,10000,10000,xcsp3,global,2,1,false,
xcsp3-csp-22to25,AverageAvoiding-60_c24,false,,,false,10000,10000,xcsp3,global,2,1,false,
xcsp3-csp-22to25,AverageAvoiding-65_c24,false,,,false,10000,10000,xcsp3,global,2,1,false,
xcsp3-csp-22to25,AztecDiamond-025_c22,false,,true,false,129,10000,xcsp3,global,5,0,true,
xcsp3-csp-22to25,AztecDiamond-050_c22,false,,true,false,606,10000,xcsp3,global,5,0,true,
xcsp3-csp-22to25,AztecDiamond-075_c22,false,,true,false,1458,10000,xcsp3,global,5,0,true,
xcsp3-csp-22to25,AztecDiamond-100_c22,false,,true,false,2625,10000,xcsp3,global,5,0,true,
xcsp3-csp-22to25,AztecDiamond-150_c22,false,,true,false,5576,10000,xcsp3,global,5,0,true,
xcsp3-csp-22to25,AztecDiamond-200_c22,false,,,false,10000,10000,xcsp3,global,5,0,true,
xcsp3-csp-22to25,AztecDiamond-250_c22,false,,,false,10000,10000,xcsp3,global,5,0,true,
xcsp3-csp-22to25,AztecDiamond-300_c22,false,,,false,10000,10000,xcsp3,global,5,0,true,
xcsp3-csp-22to25,BinaryPuzzle-020_c23,false,,true,false,424,10000,xcsp3,global,2,4,true,
xcsp3-csp-22to25,BinaryPuzzle-040_c23,false,,true,false,3725,10000,xcsp3,global,2,4,true,
xcsp3-csp-22to25,BinaryPuzzle-060_c23,false,,,false,10000,10000,xcsp3,global,2,4,true,
xcsp3-csp-22to25,BinaryPuzzle-080_c23,false,,,false,10000,10000,xcsp3,global,2,4,true,
xcsp3-csp-22to25,BinaryPuzzle-100_c23,false,,,false,10000,10000,xcsp3,global,2,4,true,
xcsp3-csp-22to25,BinaryPuzzle-120_c23,false,,,false,10000,10000,xcsp3,global,2,4,true,
xcsp3-csp-22to25,BinaryPuzzle-regular-020_c23,false,,true,false,1182,10000,xcsp3,global,4,0,true,
xcsp3-csp-22to25,BinaryPuzzle-regular-040_c23,false,,true,false,4802,10000,xcsp3,global,4,0,true,
xcsp3-csp-22to25,BinaryPuzzle-regular-060_c23,false,,true,false,9737,10000,xcsp3,global,4,0,true,
xcsp3-csp-22to25,BinaryPuzzle-regular-080_c23,false,,,false,10000,10000,xcsp3,global,4,0,true,
xcsp3-csp-22to25,BinaryPuzzle-regular-100_c23,false,,,false,10000,10000,xcsp3,global,4,0,true,
xcsp3-csp-22to25,BinaryPuzzle-regular-120_c23,false,,,false,10000,10000,xcsp3,global,4,0,true,
xcsp3-csp-22to25,BlockedQueens-28-1449787798_c22,false,,false,true,123,10000,xcsp3,global,1,2,false,
xcsp3-csp-22to25,BlockedQueens-28-1449787894_c22,false,,true,false,56,10000,xcsp3,global,1,2,false,
xcsp3-csp-22to25,BlockedQueens-48-1721237620_c22,false,,,false,10000,10000,xcsp3,global,1,2,false,
xcsp3-csp-22to25,BlockedQueens-48-1721237798_c22,false,,false,true,2248,10000,xcsp3,global,1,2,false,
xcsp3-csp-22to25,BlockedQueens-50-1642398261_c22,false,,true,false,3650,10000,xcsp3,global,1,2,false,
xcsp3-csp-22to25,BlockedQueens-50-1642399343_c22,false,,false,true,4408,10000,xcsp3,global,1,2,false,
xcsp3-csp-22to25,BlockedQueens-56-1860436781_c22,false,,false,true,3261,10000,xcsp3,global,1,2,false,
xcsp3-csp-22to25,BlockedQueens-56-1860437025_c22,false,,true,false,2634,10000,xcsp3,global,1,2,false,
xcsp3-csp-22to25,CalvinPuzzle-05_c23,false,,true,false,51,10000,xcsp3,global,2,2,false,
xcsp3-csp-22to25,CalvinPuzzle-06_c23,false,,true,false,345,10000,xcsp3,global,2,2,false,
xcsp3-csp-22to25,CalvinPuzzle-07_c23,false,,true,false,5554,10000,xcsp3,global,2,2,false,
xcsp3-csp-22to25,CalvinPuzzle-08_c23,false,,,false,10000,10000,xcsp3,global,2,2,false,
xcsp3-csp-22to25,CalvinPuzzle-09_c23,false,,,false,10000,10000,xcsp3,global,2,2,false,
xcsp3-csp-22to25,CalvinPuzzle-10_c23,false,,,false,10000,10000,xcsp3,global,2,2,false,
xcsp3-csp-22to25,CalvinPuzzle-12_c23,false,,,false,10000,10000,xcsp3,global,2,2,false,
xcsp3-csp-22to25,CalvinPuzzle-table-05_c23,false,,true,false,174,10000,xcsp3,global,3,1,false,
xcsp3-csp-22to25,CalvinPuzzle-table-06_c23,false,,true,false,758,10000,xcsp3,global,4,1,false,
xcsp3-csp-22to25,CalvinPuzzle-table-07_c23,false,,true,false,5148,10000,xcsp3,global,7,1,false,
xcsp3-csp-22to25,CalvinPuzzle-table-08_c23,false,,,false,10000,10000,xcsp3,global,7,1,false,
xcsp3-csp-22to25,CalvinPuzzle-table-09_c23,false,,,false,10000,10000,xcsp3,global,7,1,false,
xcsp3-csp-22to25,CalvinPuzzle-table-10_c23,false,,,false,10000,10000,xcsp3,global,7,1,false,
xcsp3-csp-22to25,CalvinPuzzle-table-12_c23,false,,,false,10000,10000,xcsp3,global,7,1,false,
xcsp3-csp-22to25,CarSequencing-90-01_c22,false,,,false,10000,10000,xcsp3,global,1,4,false,
xcsp3-csp-22to25,CarSequencing-90-02_c22,false,,,false,10000,10000,xcsp3,global,1,4,false,
xcsp3-csp-22to25,CarSequencing-table-75-01_c22,false,,true,false,8662,10000,xcsp3,global,2,3,false,
xcsp3-csp-22to25,CarSequencing-table-75-02_c22,false,,,false,10000,10000,xcsp3,global,2,3,false,
xcsp3-csp-22to25,CarSequencing-table-80-01_c22,false,,,false,10000,10000,xcsp3,global,2,3,false,
xcsp3-csp-22to25,CarSequencing-table-80-02_c22,false,,,false,10000,10000,xcsp3,global,2,3,false,
xcsp3-csp-22to25,CarSequencing-table-85-01_c22,false,,,false,10000,10000,xcsp3,global,2,3,false,
xcsp3-csp-22to25,CarSequencing-table-85-02_c22,false,,,false,10000,10000,xcsp3,global,2,3,false,
xcsp3-csp-22to25,CarSequencing-table-90-01_c22,false,,,false,10000,10000,xcsp3,global,2,3,false,
xcsp3-csp-22to25,CarSequencing-table-90-02_c22,false,,,false,10000,10000,xcsp3,global,2,3,false,
xcsp3-csp-22to25,ChainReaction-20-020_c25,false,,false,true,35,10000,xcsp3,global,1,1,false,
xcsp3-csp-22to25,ChainReaction-20-025_c25,false,,true,false,228,10000,xcsp3,global,1,1,false,
xcsp3-csp-22to25,ChainReaction-30-035_c25,false,,,false,10000,10000,xcsp3,global,1,1,false,
xcsp3-csp-22to25,ChainReaction-30-040_c25,false,,true,false,7880,10000,xcsp3,global,1,1,false,
xcsp3-csp-22to25,ChainReaction-40-050_c25,false,,,false,10000,10000,xcsp3,global,1,1,false,
xcsp3-csp-22to25,ChainReaction-40-055_c25,false,,true,false,9781,10000,xcsp3,global,1,1,false,
xcsp3-csp-22to25,ChainReaction-50-065_c25,false,,,false,10000,10000,xcsp3,global,1,1,false,
xcsp3-csp-22to25,ChainReaction-50-070_c25,false,,,false,10000,10000,xcsp3,global,1,1,false,
xcsp3-csp-22to25,ChainReaction-60-085_c25,false,,,false,10000,10000,xcsp3,global,1,1,false,
xcsp3-csp-22to25,ChainReaction-60-090_c25,false,,,false,10000,10000,xcsp3,global,1,1,false,
xcsp3-csp-22to25,ChainReaction-70-095_c25,false,,,false,10000,10000,xcsp3,global,1,1,false,
xcsp3-csp-22to25,ChainReaction-70-100_c25,false,,,false,10000,10000,xcsp3,global,1,1,false,
xcsp3-csp-22to25,ChainReaction-80-105_c25,false,,,false,10000,10000,xcsp3,global,1,1,false,
xcsp3-csp-22to25,ChainReaction-80-110_c25,false,,,false,10000,10000,xcsp3,global,1,1,false,
xcsp3-csp-22to25,Coloring-csp-lei450-05a_c23,false,,true,false,2617,10000,xcsp3,linear,0,2,false,
xcsp3-csp-22to25,Coloring-csp-lei450-05b_c23,false,,true,false,804,10000,xcsp3,linear,0,2,false,
xcsp3-csp-22to25,Coloring-csp-lei450-15a_c23,false,,true,false,2929,10000,xcsp3,linear,0,2,false,
xcsp3-csp-22to25,Coloring-csp-lei450-15b_c23,false,,true,false,1616,10000,xcsp3,linear,0,2,false,
xcsp3-csp-22to25,Coloring-csp-lei450-15c_c23,false,,,false,10000,10000,xcsp3,linear,0,2,false,
xcsp3-csp-22to25,Coloring-csp-lei450-15d_c23,false,,,false,10000,10000,xcsp3,linear,0,2,false,
xcsp3-csp-22to25,Coloring-csp-lei450-25a_c23,false,,true,false,480,10000,xcsp3,linear,0,2,false,
xcsp3-csp-22to25,Coloring-csp-lei450-25b_c23,false,,true,false,489,10000,xcsp3,linear,0,2,false,
xcsp3-csp-22to25,Coloring-csp-lei450-25c_c23,false,,,false,10000,10000,xcsp3,linear,0,2,false,
xcsp3-csp-22to25,Coloring-csp-lei450-25d_c23,false,,,false,10000,10000,xcsp3,linear,0,2,false,
xcsp3-csp-22to25,CostasArray-15_c22,false,,true,false,686,10000,xcsp3,global,2,0,false,
xcsp3-csp-22to25,CostasArray-16_c22,false,,,false,10000,10000,xcsp3,global,2,0,false,
xcsp3-csp-22to25,CostasArray-17_c22,false,,true,false,9985,10000,xcsp3,global,2,0,false,
xcsp3-csp-22to25,CostasArray-18_c22,false,,,false,10000,10000,xcsp3,global,2,0,false,
xcsp3-csp-22to25,CostasArray-19_c22,false,,,false,10000,10000,xcsp3,global,2,0,false,
xcsp3-csp-22to25,CostasArray-20_c22,false,,,false,10000,10000,xcsp3,global,2,0,false,
xcsp3-csp-22to25,CostasArray-22_c22,false,,,false,10000,10000,xcsp3,global,2,0,false,
xcsp3-csp-22to25,CostasArray-24_c22,false,,,false,10000,10000,xcsp3,global,2,0,false,
xcsp3-csp-22to25,CostasArray-26_c22,false,,,false,10000,10000,xcsp3,global,2,0,false,
xcsp3-csp-22to25,CostasArray-28_c22,false,,,false,10000,10000,xcsp3,global,2,0,false,
xcsp3-csp-22to25,CoveringArray-3-04-2-08_c23,false,,true,false,15,10000,xcsp3,global,6,0,false,
xcsp3-csp-22to25,CoveringArray-3-05-2-10_c23,false,,true,false,105,10000,xcsp3,global,12,0,false,
xcsp3-csp-22to25,CoveringArray-3-06-2-12_c23,false,,true,false,412,10000,xcsp3,global,22,0,false,
xcsp3-csp-22to25,CoveringArray-3-07-2-12_c23,false,,true,false,1186,10000,xcsp3,global,37,0,false,
xcsp3-csp-22to25,CoveringArray-3-08-2-12_c23,false,,true,false,1706,10000,xcsp3,global,58,0,false,
xcsp3-csp-22to25,CoveringArray-3-09-2-12_c23,false,,true,false,3246,10000,xcsp3,global,86,0,false,
xcsp3-csp-22to25,CoveringArray-3-10-2-12_c23,false,,true,false,6530,10000,xcsp3,global,122,0,false,
xcsp3-csp-22to25,CoveringArray-3-11-2-12_c23,false,,,false,10000,10000,xcsp3,global,167,0,false,
xcsp3-csp-22to25,CoveringArray-4-06-2-21_c23,false,,true,false,9831,10000,xcsp3,global,17,0,false,
xcsp3-csp-22to25,CoveringArray-4-07-2-38_c23,false,,true,false,2785,10000,xcsp3,global,37,0,false,
xcsp3-csp-22to25,CoveringArray-4-08-2-42_c23,false,,true,false,4853,10000,xcsp3,global,72,0,false,
xcsp3-csp-22to25,CoveringArray-4-09-2-50_c23,false,,true,false,8087,10000,xcsp3,global,128,0,false,
xcsp3-csp-22to25,CrazyFrog-06_c25,false,,,false,10000,10000,xcsp3,global,1,0,false,
xcsp3-csp-22to25,CrazyFrog-07_c25,false,,,false,10000,10000,xcsp3,global,1,0,false,
xcsp3-csp-22to25,CrazyFrog-08_c25,false,,,false,10000,10000,xcsp3,global,1,0,false,
xcsp3-csp-22to25,CrazyFrog-09_c25,false,,,false,10000,10000,xcsp3,global,1,0,false,
xcsp3-csp-22to25,CrazyFrog-10_c25,false,,,false,10000,10000,xcsp3,global,1,0,false,
xcsp3-csp-22to25,CrazyFrog-table-06_c25,false,,,false,10000,10000,xcsp3,global,2,1,false,
xcsp3-csp-22to25,CrazyFrog-table-07_c25,false,,,false,10000,10000,xcsp3,global,2,1,false,
xcsp3-csp-22to25,CrazyFrog-table-08_c25,false,,,false,10000,10000,xcsp3,global,2,1,false,
xcsp3-csp-22to25,CrazyFrog-table-09_c25,false,,,false,10000,10000,xcsp3,global,2,1,false,
xcsp3-csp-22to25,CrazyFrog-table-10_c25,false,,,false,10000,10000,xcsp3,global,2,1,false,
xcsp3-csp-22to25,Crossword-m18-ogd2008-vg-04-05_c22,false,,true,false,6138,10000,xcsp3,global,2,0,false,
xcsp3-csp-22to25,Crossword-m18-ogd2008-vg-05-06_c22,false,,true,false,8364,10000,xcsp3,global,2,0,false,
xcsp3-csp-22to25,Crossword-m18-ogd2008-vg-06-07_c22,false,,,false,10000,10000,xcsp3,global,2,0,false,
xcsp3-csp-22to25,Crossword-m18-ogd2008-vg-07-08_c22,false,,,false,10000,10000,xcsp3,global,2,0,false,
xcsp3-csp-22to25,Crossword-m18-ogd2008-vg-08-09_c22,false,,,false,10000,10000,xcsp3,global,2,0,false,
xcsp3-csp-22to25,Crossword-m18-ogd2008-vg-09-10_c22,false,,,false,10000,10000,xcsp3,global,2,0,false,
xcsp3-csp-22to25,Crossword-m18-ogd2008-vg-10-11_c22,false,,,false,10000,10000,xcsp3,global,2,0,false,
xcsp3-csp-22to25,Crossword-m18-ogd2008-vg-11-12_c22,false,,,false,10000,10000,xcsp3,global,2,0,false,
xcsp3-csp-22to25,Crossword-m18-ogd2008-vg-12-13_c22,false,,,false,10000,10000,xcsp3,global,2,0,false,
xcsp3-csp-22to25,Crossword-m18-ogd2008-vg-13-14_c22,false,,,false,10000,10000,xcsp3,global,2,0,false,
xcsp3-csp-22to25,Crossword-m18-ogd2008-vg-14-15_c22,false,,,false,10000,10000,xcsp3,global,2,0,false,
xcsp3-csp-22to25,Crossword-m18-ogd2008-vg-15-16_c22,false,,,false,10000,10000,xcsp3,global,2,0,false,
xcsp3-csp-22to25,Crossword-m18-ogd2008-vg-16-17_c22,false,,,false,10000,10000,xcsp3,global,2,0,false,
xcsp3-csp-22to25,Cryptanalysis-3-04-128_c25,false,,false,true,143,10000,xcsp3,global,1,18,true,
xcsp3-csp-22to25,Cryptanalysis-3-05-128_c25,false,,true,false,153,10000,xcsp3,global,1,18,true,
xcsp3-csp-22to25,Cryptanalysis-4-09-128_c25,false,,false,true,868,10000,xcsp3,global,1,18,true,
xcsp3-csp-22to25,Cryptanalysis-4-11-128_c25,false,,false,true,3649,10000,xcsp3,global,1,18,true,
xcsp3-csp-22to25,Cryptanalysis-4-12-128_c25,false,,true,false,4350,10000,xcsp3,global,1,18,true,
xcsp3-csp-22to25,Cryptanalysis-5-10-128_c25,false,,false,true,2047,10000,xcsp3,global,1,18,true,
xcsp3-csp-22to25,Cryptanalysis-5-14-128_c25,false,,,false,10000,10000,xcsp3,global,1,18,true,
xcsp3-csp-22to25,Cryptanalysis-5-15-128_c25,false,,true,false,1947,10000,xcsp3,global,1,18,true,
xcsp3-csp-22to25,Cryptanalysis-6-12-128_c25,false,,false,true,3093,10000,xcsp3,global,1,18,true,
xcsp3-csp-22to25,Cryptanalysis-6-16-128_c25,false,,,false,10000,10000,xcsp3,global,1,18,true,
xcsp3-csp-22to25,Cryptanalysis-6-17-128_c25,false,,,false,10000,10000,xcsp3,global,1,18,true,
xcsp3-csp-22to25,Crypto1-0-64-0-0x38a4e0bdba96885a-30_c22,false,,,false,10000,10000,xcsp3,global,31398,0,false,
xcsp3-csp-22to25,Crypto1-0-64-0-0x3eb894e67055f622-19_c22,false,,,false,10000,10000,xcsp3,global,31398,0,false,
xcsp3-csp-22to25,Crypto1-0-64-0-0x4f2a0f9276533ae2-49_c22,false,,,false,10000,10000,xcsp3,global,31398,0,false,
xcsp3-csp-22to25,Crypto1-0-64-0-0x57a78f231633897d-25_c22,false,,,false,10000,10000,xcsp3,global,31398,0,false,
xcsp3-csp-22to25,Crypto1-0-64-0-0x71bc5e60fabee1a2-28_c22,false,,,false,10000,10000,xcsp3,global,31398,0,false,
xcsp3-csp-22to25,Crypto1-0-64-0-0xa6bb5862526fe6eb-44_c22,false,,,false,10000,10000,xcsp3,global,31398,0,false,
xcsp3-csp-22to25,Crypto1-0-64-0-0xba0b8444772ff47b-21_c22,false,,,false,10000,10000,xcsp3,global,31398,0,false,
xcsp3-csp-22to25,Crypto1-0-64-0-0xc5c8e049ce07e79e-04_c22,false,,,false,10000,10000,xcsp3,global,31398,0,false,
xcsp3-csp-22to25,Crypto1-0-64-0-0xd764a1aa4fec1bcd-14_c22,false,,,false,10000,10000,xcsp3,global,31398,0,false,
xcsp3-csp-22to25,Crypto1-0-64-0-0xff71f4d378f6732d-15_c22,false,,,false,10000,10000,xcsp3,global,31398,0,false,
xcsp3-csp-22to25,DiamondFree-30_c22,false,,true,false,646,10000,xcsp3,global,2,4,false,
xcsp3-csp-22to25,DiamondFree-40_c22,false,,true,false,3024,10000,xcsp3,global,2,4,false,
xcsp3-csp-22to25,DiamondFree-50_c22,false,,true,false,6966,10000,xcsp3,global,2,4,false,
xcsp3-csp-22to25,DiamondFree-60_c22,false,,,false,10000,10000,xcsp3,global,2,4,false,
xcsp3-csp-22to25,DiamondFree-70_c22,false,,,false,10000,10000,xcsp3,global,2,4,false,
xcsp3-csp-22to25,DiamondFree-80_c22,false,,,false,10000,10000,xcsp3,global,2,4,false,
xcsp3-csp-22to25,Dominoes-25-037_c23,false,,,false,10000,10000,xcsp3,global,27,1,false,
xcsp3-csp-22to25,Dominoes-30-069_c23,false,,,false,10000,10000,xcsp3,global,32,1,false,
xcsp3-csp-22to25,Dominoes-30-340_c23,false,,,false,10000,10000,xcsp3,global,32,1,false,
xcsp3-csp-22to25,Dominoes-35-116_c23,false,,,false,10000,10000,xcsp3,global,37,1,false,
xcsp3-csp-22to25,Dominoes-35-130_c23,false,,,false,10000,10000,xcsp3,global,37,1,false,
xcsp3-csp-22to25,Dominoes-35-248_c23,false,,,false,10000,10000,xcsp3,global,37,1,false,
xcsp3-csp-22to25,Dominoes-40-150_c23,false,,,false,10000,10000,xcsp3,global,42,1,false,
xcsp3-csp-22to25,Dominoes-40-189_c23,false,,,false,10000,10000,xcsp3,global,42,1,false,
xcsp3-csp-22to25,Dominoes-40-379_c23,false,,,false,10000,10000,xcsp3,global,42,1,false,
xcsp3-csp-22to25,Dominoes-45-142_c23,false,,,false,10000,10000,xcsp3,global,47,1,false,
xcsp3-csp-22to25,Dominoes-45-204_c23,false,,,false,10000,10000,xcsp3,global,47,1,false,
xcsp3-csp-22to25,Dominoes-45-286_c23,false,,,false,10000,10000,xcsp3,global,47,1,false,
xcsp3-csp-22to25,EFPA-3-7-7-06_c25,false,,true,false,3210,10000,xcsp3,global,2,1,false,
xcsp3-csp-22to25,EFPA-3-7-7-07_c25,false,,,false,10000,10000,xcsp3,global,2,1,false,
xcsp3-csp-22to25,EFPA-3-8-8-07_c25,false,,,false,10000,10000,xcsp3,global,2,1,false,
xcsp3-csp-22to25,EFPA-3-8-8-08_c25,false,,,false,10000,10000,xcsp3,global,2,1,false,
xcsp3-csp-22to25,EFPA-4-4-5-10_c25,false,,true,false,3238,10000,xcsp3,global,2,1,false,
xcsp3-csp-22to25,EFPA-4-4-5-11_c25,false,,,false,10000,10000,xcsp3,global,2,1,false,
xcsp3-csp-22to25,EFPA-4-5-4-10_c25,false,,,false,10000,10000,xcsp3,global,2,1,false,
xcsp3-csp-22to25,EFPA-4-5-4-11_c25,false,,,false,10000,10000,xcsp3,global,2,1,false,
xcsp3-csp-22to25,EFPA-5-4-4-08_c25,false,,,false,10000,10000,xcsp3,global,2,1,false,
xcsp3-csp-22to25,EFPA-5-4-4-09_c25,false,,,false,10000,10000,xcsp3,global,2,1,false,
xcsp3-csp-22to25,EFPA-6-4-4-13_c25,false,,,false,10000,10000,xcsp3,global,2,1,false,
xcsp3-csp-22to25,EFPA-6-4-4-14_c25,false,,,false,10000,10000,xcsp3,global,2,1,false,
xcsp3-csp-22to25,Eternity-06-06_c22,false,,true,false,397,10000,xcsp3,global,2,0,false,
xcsp3-csp-22to25,Eternity-07-07_c22,false,,,false,10000,10000,xcsp3,global,2,0,false,
xcsp3-csp-22to25,Eternity-08-06_c22,false,,,false,10000,10000,xcsp3,global,2,0,false,
xcsp3-csp-22to25,Eternity-08-07_c22,false,,,false,10000,10000,xcsp3,global,2,0,false,
xcsp3-csp-22to25,Eternity-08-08_c22,false,,,false,10000,10000,xcsp3,global,2,0,false,
xcsp3-csp-22to25,Eternity-09-07_c22,false,,,false,10000,10000,xcsp3,global,2,0,false,
xcsp3-csp-22to25,Eternity-09-08_c22,false,,,false,10000,10000,xcsp3,global,2,0,false,
xcsp3-csp-22to25,Eternity-09-09_c22,false,,,false,10000,10000,xcsp3,global,2,0,false,
xcsp3-csp-22to25,Eternity-10-07_c22,false,,,false,10000,10000,xcsp3,global,2,0,false,
xcsp3-csp-22to25,Eternity-10-08_c22,false,,,false,10000,10000,xcsp3,global,2,0,false,
xcsp3-csp-22to25,FRB-40-19-1-mgd_c24,false,,true,false,1720,10000,xcsp3,global,321,0,false,
xcsp3-csp-22to25,FRB-40-19-2-mgd_c24,false,,true,false,1859,10000,xcsp3,global,321,0,false,
xcsp3-csp-22to25,FRB-40-19-3-mgd_c24,false,,,false,10000,10000,xcsp3,global,308,0,false,
xcsp3-csp-22to25,FRB-45-21-1-mgd_c24,false,,,false,10000,10000,xcsp3,global,394,0,false,
xcsp3-csp-22to25,FRB-45-21-2-mgd_c24,false,,,false,10000,10000,xcsp3,global,380,0,true,
xcsp3-csp-22to25,FRB-45-21-3-mgd_c24,false,,,false,10000,10000,xcsp3,global,369,0,false,
xcsp3-csp-22to25,FRB-50-23-1-mgd_c24,false,,,false,10000,10000,xcsp3,global,430,0,false,
xcsp3-csp-22to25,FRB-50-23-2-mgd_c24,false,,,false,10000,10000,xcsp3,global,445,0,true,
xcsp3-csp-22to25,FRB-50-23-3-mgd_c24,false,,,false,10000,10000,xcsp3,global,456,0,true,
xcsp3-csp-22to25,FRB-53-24-1-mgd_c24,false,,,false,10000,10000,xcsp3,global,475,0,false,
xcsp3-csp-22to25,FRB-53-24-2-mgd_c24,false,,,false,10000,10000,xcsp3,global,474,0,false,
xcsp3-csp-22to25,FRB-53-24-3-mgd_c24,false,,,false,10000,10000,xcsp3,global,470,0,false,
xcsp3-csp-22to25,FastMatrixMultiplication-1-3-3-09_c24,false,,true,false,603,10000,xcsp3,global,8,1,false,
xcsp3-csp-22to25,FastMatrixMultiplication-2-2-2-04_c24,false,,false,true,132,10000,xcsp3,global,3,1,false,
xcsp3-csp-22to25,FastMatrixMultiplication-2-2-2-05_c24,false,,false,true,5159,10000,xcsp3,global,4,1,false,
xcsp3-csp-22to25,FastMatrixMultiplication-2-2-2-06_c24,false,,,false,10000,10000,xcsp3,global,5,1,false,
xcsp3-csp-22to25,FastMatrixMultiplication-2-2-2-07_c24,false,,true,false,5260,10000,xcsp3,global,6,1,false,
xcsp3-csp-22to25,FastMatrixMultiplication-2-2-3-11_c24,false,,,false,10000,10000,xcsp3,global,10,1,false,
xcsp3-csp-22to25,FastMatrixMultiplication-3-1-3-09_c24,false,,true,false,335,10000,xcsp3,global,8,1,false,
xcsp3-csp-22to25,FastMatrixMultiplication-table-1-3-3-09_c24,false,,true,false,948,10000,xcsp3,global,1,1,false,
xcsp3-csp-22to25,FastMatrixMultiplication-table-2-2-2-04_c24,false,,false,true,411,10000,xcsp3,global,1,1,false,
xcsp3-csp-22to25,FastMatrixMultiplication-table-2-2-2-05_c24,false,,false,true,3034,10000,xcsp3,global,1,1,false,
xcsp3-csp-22to25,FastMatrixMultiplication-table-2-2-2-06_c24,false,,,false,10000,10000,xcsp3,global,1,1,false,
xcsp3-csp-22to25,FastMatrixMultiplication-table-2-2-2-07_c24,false,,true,false,3499,10000,xcsp3,global,1,1,false,
xcsp3-csp-22to25,FastMatrixMultiplication-table-2-2-3-11_c24,false,,,false,10000,10000,xcsp3,global,1,1,false,
xcsp3-csp-22to25,FastMatrixMultiplication-table-3-1-3-09_c24,false,,true,false,692,10000,xcsp3,global,1,1,false,
xcsp3-csp-22to25,Fillomino-5-0_c24,false,,true,false,526,10000,xcsp3,global,15,3,false,
xcsp3-csp-22to25,Fillomino-5-1_c24,false,,true,false,627,10000,xcsp3,global,14,3,false,
xcsp3-csp-22to25,Fillomino-6-0_c24,false,,,false,10000,10000,xcsp3,global,15,3,false,
xcsp3-csp-22to25,Fillomino-6-1_c24,false,,,false,10000,10000,xcsp3,global,15,3,false,
xcsp3-csp-22to25,Fillomino-7-0_c24,false,,,false,10000,10000,xcsp3,global,17,3,false,
xcsp3-csp-22to25,Fillomino-7-1_c24,false,,,false,10000,10000,xcsp3,global,17,3,false,
xcsp3-csp-22to25,Fillomino-8-0_c24,false,,,false,10000,10000,xcsp3,global,19,3,false,
xcsp3-csp-22to25,Fillomino-8-1_c24,false,,,false,10000,10000,xcsp3,global,19,3,false,
xcsp3-csp-22to25,Fillomino-8-2_c24,false,,,false,10000,10000,xcsp3,global,19,3,false,
xcsp3-csp-22to25,Fillomino-8-3_c24,false,,,false,10000,10000,xcsp3,global,19,3,false,
xcsp3-csp-22to25,Fischer-03-04-fair_c23,false,,false,true,29,10000,xcsp3,linear,0,7,false,
xcsp3-csp-22to25,Fischer-04-05-fair_c23,false,,false,true,56,10000,xcsp3,linear,0,7,false,
xcsp3-csp-22to25,Fischer-05-06-fair_c23,false,,false,true,82,10000,xcsp3,linear,0,7,false,
xcsp3-csp-22to25,Fischer-06-07-fair_c23,false,,false,true,124,10000,xcsp3,linear,0,7,false,
xcsp3-csp-22to25,Fischer-07-08-fair_c23,false,,false,true,182,10000,xcsp3,linear,0,7,false,
xcsp3-csp-22to25,Fischer-08-09-fair_c23,false,,false,true,310,10000,xcsp3,linear,0,7,false,
xcsp3-csp-22to25,Fischer-09-10-fair_c23,false,,false,true,717,10000,xcsp3,linear,0,7,false,
xcsp3-csp-22to25,Fischer-10-11-fair_c23,false,,false,true,1000,10000,xcsp3,linear,0,7,false,
xcsp3-csp-22to25,GracefulGraph-03-08_c25,false,,true,false,973,10000,xcsp3,global,2,1,false,
xcsp3-csp-22to25,GracefulGraph-03-10_c25,false,,true,false,5308,10000,xcsp3,global,2,1,false,
xcsp3-csp-22to25,GracefulGraph-04-05_c25,false,,,false,10000,10000,xcsp3,global,2,1,false,
xcsp3-csp-22to25,GracefulGraph-04-06_c25,false,,,false,10000,10000,xcsp3,global,2,1,false,
xcsp3-csp-22to25,GracefulGraph-05-04_c25,false,,,false,10000,10000,xcsp3,global,2,1,false,
xcsp3-csp-22to25,GracefulGraph-05-05_c25,false,,,false,10000,10000,xcsp3,global,2,1,false,
xcsp3-csp-22to25,GracefulGraph-05-06_c25,false,,,false,10000,10000,xcsp3,global,2,1,false,
xcsp3-csp-22to25,GracefulGraph-06-02_c25,false,,,false,10000,10000,xcsp3,global,2,1,false,
xcsp3-csp-22to25,GracefulGraph-06-03_c25,false,,,false,10000,10000,xcsp3,global,2,1,false,
xcsp3-csp-22to25,GracefulGraph-06-04_c25,false,,,false,10000,10000,xcsp3,global,2,1,false,
xcsp3-csp-22to25,Hadamard-17_c22,false,,true,false,375,10000,xcsp3,linear,0,3,false,
xcsp3-csp-22to25,Hadamard-19_c22,false,,true,false,1386,10000,xcsp3,linear,0,3,false,
xcsp3-csp-22to25,Hadamard-21_c22,false,,true,false,5206,10000,xcsp3,linear,0,3,false,
xcsp3-csp-22to25,Hadamard-23_c22,false,,true,false,5342,10000,xcsp3,linear,0,3,false,
xcsp3-csp-22to25,Hadamard-25_c22,false,,true,false,7580,10000,xcsp3,linear,0,3,false,
xcsp3-csp-22to25,Hadamard-27_c22,false,,,false,10000,10000,xcsp3,linear,0,3,false,
xcsp3-csp-22to25,Hadamard-29_c22,false,,,false,10000,10000,xcsp3,linear,0,3,false,
xcsp3-csp-22to25,Hadamard-31_c22,false,,,false,10000,10000,xcsp3,linear,0,3,false,
xcsp3-csp-22to25,Hadamard-35_c22,false,,,false,10000,10000,xcsp3,linear,0,3,false,
xcsp3-csp-22to25,Hadamard-41_c22,false,,,false,10000,10000,xcsp3,linear,0,3,false,
xcsp3-csp-22to25,Hamming-20-10-03-05_c24,false,,true,false,239,10000,xcsp3,global,1,1,false,
xcsp3-csp-22to25,Hamming-20-10-03-06_c24,false,,true,false,906,10000,xcsp3,global,1,1,false,
xcsp3-csp-22to25,Hamming-20-10-03-07_c24,false,,,false,10000,10000,xcsp3,global,1,1,false,
xcsp3-csp-22to25,Hamming-20-10-03-08_c24,false,,false,true,2405,10000,xcsp3,global,1,1,false,
xcsp3-csp-22to25,Hamming-20-10-05-07_c24,false,,true,false,226,10000,xcsp3,global,1,1,false,
xcsp3-csp-22to25,Hamming-20-10-05-08_c24,false,,true,false,925,10000,xcsp3,global,1,1,false,
xcsp3-csp-22to25,Hamming-20-10-05-09_c24,false,,,false,10000,10000,xcsp3,global,1,1,false,
xcsp3-csp-22to25,Hamming-20-10-05-10_c24,false,,false,true,15,10000,xcsp3,global,1,1,false,
xcsp3-csp-22to25,Hamming-30-15-07-12_c24,false,,true,false,1093,10000,xcsp3,global,1,1,false,
xcsp3-csp-22to25,Hamming-30-15-07-13_c24,false,,,false,10000,10000,xcsp3,global,1,1,false,
xcsp3-csp-22to25,Hamming-30-15-07-14_c24,false,,,false,10000,10000,xcsp3,global,1,1,false,
xcsp3-csp-22to25,Hamming-30-15-07-15_c24,false,,false,true,43,10000,xcsp3,global,1,1,false,
xcsp3-csp-22to25,Heterosquare-easy-20_c25,false,,true,false,37,10000,xcsp3,global,2,4,false,
xcsp3-csp-22to25,Heterosquare-easy-25_c25,false,,true,false,63,10000,xcsp3,global,2,4,false,
xcsp3-csp-22to25,Heterosquare-easy-30_c25,false,,true,false,120,10000,xcsp3,global,2,4,false,
xcsp3-csp-22to25,Heterosquare-easy-35_c25,false,,true,false,222,10000,xcsp3,global,2,4,false,
xcsp3-csp-22to25,Heterosquare-easy-40_c25,false,,true,false,394,10000,xcsp3,global,2,4,false,
xcsp3-csp-22to25,Heterosquare-easy-50_c25,false,,true,false,942,10000,xcsp3,global,2,4,false,
xcsp3-csp-22to25,Heterosquare-easy-60_c25,false,,true,false,1856,10000,xcsp3,global,2,4,false,
xcsp3-csp-22to25,Heterosquare-fair-05_c25,false,,true,false,28,10000,xcsp3,global,2,4,false,
xcsp3-csp-22to25,Heterosquare-fair-10_c25,false,,,false,10000,10000,xcsp3,global,2,4,false,
xcsp3-csp-22to25,Heterosquare-fair-15_c25,false,,,false,10000,10000,xcsp3,global,2,4,false,
xcsp3-csp-22to25,Heterosquare-fair-20_c25,false,,,false,10000,10000,xcsp3,global,2,4,false,
xcsp3-csp-22to25,Heterosquare-hard-05_c25,false,,,false,10000,10000,xcsp3,global,2,4,false,
xcsp3-csp-22to25,Heterosquare-hard-10_c25,false,,,false,10000,10000,xcsp3,global,2,4,false,
xcsp3-csp-22to25,Heterosquare-hard-15_c25,false,,,false,10000,10000,xcsp3,global,2,4,false,
xcsp3-csp-22to25,Heterosquare-hard-20_c25,false,,false,true,17,10000,xcsp3,global,2,4,false,
xcsp3-csp-22to25,Hidato-table-09-09-None_c22,false,,,false,10000,10000,xcsp3,global,4,0,true,
xcsp3-csp-22to25,Hidato-table-10-10-None_c22,false,,,false,10000,10000,xcsp3,global,4,0,true,
xcsp3-csp-22to25,Hidato-table-11-11-None_c22,false,,,false,10000,10000,xcsp3,global,4,0,true,
xcsp3-csp-22to25,Hidato-table-12-12-None_c22,false,,,false,10000,10000,xcsp3,global,4,0,true,
xcsp3-csp-22to25,Hidato-table-13-13-None_c22,false,,,false,10000,10000,xcsp3,global,4,0,true,
xcsp3-csp-22to25,Hidato-table-14-14-None_c22,false,,,false,10000,10000,xcsp3,global,4,0,true,
xcsp3-csp-22to25,Hidato-table-15-15-None_c22,false,,,false,10000,10000,xcsp3,global,4,0,true,
xcsp3-csp-22to25,Hidato-table-p1_c22,false,,true,false,624,10000,xcsp3,global,4,0,true,
xcsp3-csp-22to25,Hidato-table-p2_c22,false,,true,false,1015,10000,xcsp3,global,4,0,true,
xcsp3-csp-22to25,HyperSudoku-03_c24,false,,true,false,21,10000,xcsp3,global,3,0,false,
xcsp3-csp-22to25,HyperSudoku-04_c24,false,,true,false,173,10000,xcsp3,global,3,0,false,
xcsp3-csp-22to25,HyperSudoku-05_c24,false,,,false,10000,10000,xcsp3,global,3,0,false,
xcsp3-csp-22to25,HyperSudoku-06_c24,false,,,false,10000,10000,xcsp3,global,3,0,false,
xcsp3-csp-22to25,HyperSudoku-07_c24,false,,,false,10000,10000,xcsp3,global,3,0,false,
xcsp3-csp-22to25,HyperSudoku-08_c24,false,,,false,10000,10000,xcsp3,global,3,0,false,
xcsp3-csp-22to25,HyperSudoku-09_c24,false,,,false,10000,10000,xcsp3,global,3,0,false,
xcsp3-csp-22to25,HyperSudoku-10_c24,false,,,false,10000,10000,xcsp3,global,3,0,false,
xcsp3-csp-22to25,KnightTour2-010_c22,false,,true,false,8663,10000,xcsp3,global,1,1,false,
xcsp3-csp-22to25,KnightTour2-020_c22,false,,,false,10000,10000,xcsp3,global,1,1,false,
xcsp3-csp-22to25,KnightTour2-030_c22,false,,,false,10000,10000,xcsp3,global,1,1,false,
xcsp3-csp-22to25,KnightTour2-040_c22,false,,,false,10000,10000,xcsp3,global,1,1,false,
xcsp3-csp-22to25,KnightTour2-050_c22,false,,,false,10000,10000,xcsp3,global,1,1,false,
xcsp3-csp-22to25,KnightTour2-060_c22,false,,,false,10000,10000,xcsp3,global,1,1,false,
xcsp3-csp-22to25,KnightTour2-070_c22,false,,,false,10000,10000,xcsp3,global,1,1,false,
xcsp3-csp-22to25,KnightTour2-080_c22,false,,,false,10000,10000,xcsp3,global,1,1,false,
xcsp3-csp-22to25,KnightTour2-090_c22,false,,,false,10000,10000,xcsp3,global,1,1,false,
xcsp3-csp-22to25,KnightTour2-100_c22,false,,,false,10000,10000,xcsp3,global,1,1,false,
xcsp3-csp-22to25,LangfordBin-010_c25,false,,false,true,1486,10000,xcsp3,global,2,1,false,
xcsp3-csp-22to25,LangfordBin-013_c25,false,,,false,10000,10000,xcsp3,global,2,1,false,
xcsp3-csp-22to25,LangfordBin-014_c25,false,,,false,10000,10000,xcsp3,global,2,1,false,
xcsp3-csp-22to25,LangfordBin-016_c25,false,,true,false,17,10000,xcsp3,global,2,1,false,
xcsp3-csp-22to25,LangfordBin-039_c25,false,,true,false,139,10000,xcsp3,global,2,1,false,
xcsp3-csp-22to25,LangfordBin-040_c25,false,,true,false,134,10000,xcsp3,global,2,1,false,
xcsp3-csp-22to25,LangfordBin-059_c25,false,,true,false,422,10000,xcsp3,global,2,1,false,
xcsp3-csp-22to25,LangfordBin-060_c25,false,,true,false,527,10000,xcsp3,global,2,1,false,
xcsp3-csp-22to25,LangfordBin-079_c25,false,,true,false,916,10000,xcsp3,global,2,1,false,
xcsp3-csp-22to25,LangfordBin-080_c25,false,,true,false,937,10000,xcsp3,global,2,1,false,
xcsp3-csp-22to25,LangfordBin-120_c25,false,,true,false,1983,10000,xcsp3,global,2,1,false,
xcsp3-csp-22to25,LangfordBin-240_c25,false,,,false,10000,10000,xcsp3,global,2,1,false,
xcsp3-csp-22to25,LotteryDesign-32-6-6-2-0007_c25,false,,true,false,62,10000,xcsp3,global,3,1,false,
xcsp3-csp-22to25,LotteryDesign-32-6-6-2-0017_c25,false,,true,false,250,10000,xcsp3,global,3,1,false,
xcsp3-csp-22to25,LotteryDesign-32-6-6-2-0047_c25,false,,true,false,2082,10000,xcsp3,global,3,1,false,
xcsp3-csp-22to25,LotteryDesign-32-6-6-2-0067_c25,false,,true,false,4779,10000,xcsp3,global,3,1,false,
xcsp3-csp-22to25,LotteryDesign-32-6-6-2-0087_c25,false,,true,false,9555,10000,xcsp3,global,3,1,false,
xcsp3-csp-22to25,LotteryDesign-32-6-6-2-0107_c25,false,,,false,10000,10000,xcsp3,global,3,1,false,
xcsp3-csp-22to25,LotteryDesign-32-6-6-2-0207_c25,false,,,false,10000,10000,xcsp3,global,3,1,false,
xcsp3-csp-22to25,LotteryDesign-32-6-6-2-0307_c25,false,,,false,10000,10000,xcsp3,global,3,1,false,
xcsp3-csp-22to25,LotteryDesign-32-6-6-2-0407_c25,false,,,false,10000,10000,xcsp3,global,3,1,false,
xcsp3-csp-22to25,LotteryDesign-32-6-6-2-1000_c25,false,,,false,10000,10000,xcsp3,global,3,1,false,
xcsp3-csp-22to25,LotteryDesign-32-6-6-2-2000_c25,false,,,false,10000,10000,xcsp3,global,3,1,false,
xcsp3-csp-22to25,LotteryDesign-32-6-6-2-3000_c25,false,,,false,10000,10000,xcsp3,global,3,1,false,
xcsp3-csp-22to25,MagicSquare-mdd-06_c23,false,,,false,10000,10000,xcsp3,global,4,0,false,
xcsp3-csp-22to25,MagicSquare-mdd-09_c23,false,,,false,10000,10000,xcsp3,global,4,0,false,
xcsp3-csp-22to25,MagicSquare-mdd-10_c23,false,,,false,10000,10000,xcsp3,global,4,0,false,
xcsp3-csp-22to25,MagicSquare-mdd-11_c23,false,,,false,10000,10000,xcsp3,global,4,0,false,
xcsp3-csp-22to25,MagicSquare-mdd-12_c23,false,,,false,10000,10000,xcsp3,global,4,0,false,
xcsp3-csp-22to25,MagicSquare-mdd-14_c23,false,,,false,10000,10000,xcsp3,global,4,0,false,
xcsp3-csp-22to25,MagicSquare-mdd-16_c23,false,,,false,10000,10000,xcsp3,global,4,0,false,
xcsp3-csp-22to25,MagicSquare-sum-06_c23,false,,true,false,72,10000,xcsp3,global,1,3,false,
xcsp3-csp-22to25,MagicSquare-sum-09_c23,false,,,false,10000,10000,xcsp3,global,1,3,false,
xcsp3-csp-22to25,MagicSquare-sum-10_c23,false,,true,false,864,10000,xcsp3,global,1,3,false,
xcsp3-csp-22to25,MagicSquare-sum-11_c23,false,,,false,10000,10000,xcsp3,global,1,3,false,
xcsp3-csp-22to25,MagicSquare-sum-12_c23,false,,,false,10000,10000,xcsp3,global,1,3,false,
xcsp3-csp-22to25,MagicSquare-sum-14_c23,false,,,false,10000,10000,xcsp3,global,1,3,false,
xcsp3-csp-22to25,MagicSquare-sum-16_c23,false,,,false,10000,10000,xcsp3,global,1,3,false,
xcsp3-csp-22to25,MisteryShopper-4-06-1-6-0_c24,false,,false,true,4487,10000,xcsp3,global,12,0,false,
xcsp3-csp-22to25,MisteryShopper-4-06-2-6-0_c24,false,,false,true,164,10000,xcsp3,global,12,0,false,
xcsp3-csp-22to25,MisteryShopper-5-08-1-6-0_c24,false,,,false,10000,10000,xcsp3,global,13,0,false,
xcsp3-csp-22to25,MisteryShopper-5-08-2-6-0_c24,false,,false,true,754,10000,xcsp3,global,13,0,false,
xcsp3-csp-22to25,MisteryShopper-5-10-0-6-0_c24,false,,true,false,1443,10000,xcsp3,global,13,0,false,
xcsp3-csp-22to25,MisteryShopper-5-10-1-6-0_c24,false,,,false,10000,10000,xcsp3,global,13,0,false,
xcsp3-csp-22to25,MisteryShopper-5-10-2-6-0_c24,false,,false,true,2606,10000,xcsp3,global,13,0,false,
xcsp3-csp-22to25,MisteryShopper-5-10-3-6-0_c24,false,,false,true,119,10000,xcsp3,global,13,0,false,
xcsp3-csp-22to25,MisteryShopper-6-12-0-6-0_c24,false,,true,false,3572,10000,xcsp3,global,14,0,false,
xcsp3-csp-22to25,MisteryShopper-6-12-1-6-0_c24,false,,,false,10000,10000,xcsp3,global,14,0,false,
xcsp3-csp-22to25,MisteryShopper-6-12-2-6-0_c24,false,,,false,10000,10000,xcsp3,global,14,0,false,
xcsp3-csp-22to25,MisteryShopper-6-12-3-6-0_c24,false,,false,true,314,10000,xcsp3,global,14,0,false,
xcsp3-csp-22to25,Molnar-2-20_c22,false,,false,true,0,10000,xcsp3,global,1,3,false,
xcsp3-csp-22to25,Molnar-2-25_c22,false,,false,true,0,10000,xcsp3,global,1,3,false,
xcsp3-csp-22to25,Molnar-3-07_c22,false,,false,true,2335,10000,xcsp3,global,1,3,false,
xcsp3-csp-22to25,Molnar-3-08_c22,false,,false,true,8501,10000,xcsp3,global,1,3,false,
xcsp3-csp-22to25,Molnar-3-09_c22,false,,true,false,127,10000,xcsp3,global,1,3,false,
xcsp3-csp-22to25,Molnar-4-03_c22,false,,false,true,1,10000,xcsp3,global,1,3,false,
xcsp3-csp-22to25,Molnar-4-04_c22,false,,,false,10000,10000,xcsp3,global,1,3,false,
xcsp3-csp-22to25,Molnar-4-05_c22,false,,,false,10000,10000,xcsp3,global,1,3,false,
xcsp3-csp-22to25,Molnar-5-04_c22,false,,,false,10000,10000,xcsp3,global,1,3,false,
xcsp3-csp-22to25,Molnar-5-05_c22,false,,,false,10000,10000,xcsp3,global,1,3,false,
xcsp3-csp-22to25,NonTransitiveDice-06-06-0_c23,false,,true,false,40,10000,xcsp3,global,2,2,false,
xcsp3-csp-22to25,NonTransitiveDice-08-08-0_c23,false,,true,false,85,10000,xcsp3,global,2,2,false,
xcsp3-csp-22to25,NonTransitiveDice-08-08-3_c23,false,,false,true,2374,10000,xcsp3,global,2,2,false,
xcsp3-csp-22to25,NonTransitiveDice-10-10-0_c23,false,,true,false,3721,10000,xcsp3,global,2,2,false,
xcsp3-csp-22to25,NonTransitiveDice-10-10-3_c23,false,,,false,10000,10000,xcsp3,global,2,2,false,
xcsp3-csp-22to25,NonTransitiveDice-15-15-3_c23,false,,,false,10000,10000,xcsp3,global,2,2,false,
xcsp3-csp-22to25,NonTransitiveDice-15-15-4_c23,false,,,false,10000,10000,xcsp3,global,2,2,false,
xcsp3-csp-22to25,NonTransitiveDice-20-20-3_c23,false,,,false,10000,10000,xcsp3,global,2,2,false,
xcsp3-csp-22to25,NonTransitiveDice-20-20-4_c23,false,,,false,10000,10000,xcsp3,global,2,2,false,
xcsp3-csp-22to25,NonTransitiveDice-30-30-3_c23,false,,,false,10000,10000,xcsp3,global,2,2,false,
xcsp3-csp-22to25,NonTransitiveDice-30-30-4_c23,false,,,false,10000,10000,xcsp3,global,2,2,false,
xcsp3-csp-22to25,NonTransitiveDice-40-40-0_c23,false,,,false,10000,10000,xcsp3,global,2,2,false,
xcsp3-csp-22to25,Nonogram-014-ternary-table_c23,false,,true,false,68,10000,xcsp3,global,60,0,false,
xcsp3-csp-22to25,Nonogram-039-ternary-table_c23,false,,true,false,102,10000,xcsp3,global,68,0,false,
xcsp3-csp-22to25,Nonogram-067-ternary-table_c23,false,,true,false,127,10000,xcsp3,global,81,0,false,
xcsp3-csp-22to25,Nonogram-069-ternary-table_c23,false,,true,false,1216,10000,xcsp3,global,110,0,false,
xcsp3-csp-22to25,Nonogram-124-ternary-table_c23,false,,true,false,78,10000,xcsp3,global,57,0,false,
xcsp3-csp-22to25,Nonogram-125-ternary-table_c23,false,,true,false,318,10000,xcsp3,global,78,0,false,
xcsp3-csp-22to25,Nonogram-141-ternary-table_c23,false,,true,false,646,10000,xcsp3,global,79,0,false,
xcsp3-csp-22to25,Nonogram-153-ternary-table_c23,false,,true,false,176,10000,xcsp3,global,71,0,false,
xcsp3-csp-22to25,NumberPartitioning-020_c22,false,,true,false,12,10000,xcsp3,global,2,3,false,
xcsp3-csp-22to25,NumberPartitioning-050_c22,false,,,false,10000,10000,xcsp3,global,2,3,false,
xcsp3-csp-22to25,NumberPartitioning-080_c22,false,,true,false,973,10000,xcsp3,global,2,3,false,
xcsp3-csp-22to25,NumberPartitioning-110_c22,false,,,false,10000,10000,xcsp3,global,2,3,false,
xcsp3-csp-22to25,NumberPartitioning-140_c22,false,,true,false,2328,10000,xcsp3,global,2,3,false,
xcsp3-csp-22to25,NumberPartitioning-170_c22,false,,,false,10000,10000,xcsp3,global,2,3,false,
xcsp3-csp-22to25,NumberPartitioning-200_c22,false,,true,false,2539,10000,xcsp3,global,2,3,false,
xcsp3-csp-22to25,NumberPartitioning-230_c22,false,,,false,10000,10000,xcsp3,global,2,3,false,
xcsp3-csp-22to25,NumberPartitioning-260_c22,false,,,false,10000,10000,xcsp3,global,2,3,false,
xcsp3-csp-22to25,NumberPartitioning-290_c22,false,,false,true,126,10000,xcsp3,global,2,3,false,
xcsp3-csp-22to25,NurseRostering-roster-5-00-02_c22,false,,false,true,522,10000,xcsp3,global,2,0,false,
xcsp3-csp-22to25,NurseRostering-roster-5-00-08_c22,false,,false,true,417,10000,xcsp3,global,2,0,false,
xcsp3-csp-22to25,NurseRostering-roster-5-00-14_c22,false,,true,false,594,10000,xcsp3,global,2,0,false,
xcsp3-csp-22to25,NurseRostering-roster-5-00-17_c22,false,,false,true,337,10000,xcsp3,global,2,0,false,
xcsp3-csp-22to25,NurseRostering-roster-5-00-20_c22,false,,false,true,364,10000,xcsp3,global,2,0,false,
xcsp3-csp-22to25,NurseRostering-roster-5-25-04_c22,false,,false,true,1238,10000,xcsp3,global,2,1,false,
xcsp3-csp-22to25,NurseRostering-roster-5-25-20_c22,false,,false,true,1712,10000,xcsp3,global,2,1,false,
xcsp3-csp-22to25,NurseRostering-roster-5-25-22_c22,false,,true,false,205,10000,xcsp3,global,2,1,false,
xcsp3-csp-22to25,NurseRostering-roster-5-25-23_c22,false,,false,true,1716,10000,xcsp3,global,2,1,false,
xcsp3-csp-22to25,NurseRostering-roster-5-25-28_c22,false,,false,true,978,10000,xcsp3,global,2,1,false,
xcsp3-csp-22to25,Ortholatin-05_c22,false,,true,false,13,10000,xcsp3,global,5,0,false,
xcsp3-csp-22to25,Ortholatin-06_c22,false,,false,true,38,10000,xcsp3,global,5,0,false,
xcsp3-csp-22to25,Ortholatin-07_c22,false,,true,false,120,10000,xcsp3,global,5,0,false,
xcsp3-csp-22to25,Ortholatin-08_c22,false,,,false,10000,10000,xcsp3,global,5,0,false,
xcsp3-csp-22to25,Ortholatin-09_c22,false,,,false,10000,10000,xcsp3,global,5,0,false,
xcsp3-csp-22to25,Ortholatin-10_c22,false,,,false,10000,10000,xcsp3,global,5,0,false,
xcsp3-csp-22to25,Ortholatin-11_c22,false,,,false,10000,10000,xcsp3,global,5,0,false,
xcsp3-csp-22to25,Ortholatin-12_c22,false,,,false,10000,10000,xcsp3,global,5,0,false,
xcsp3-csp-22to25,Ortholatin-15_c22,false,,,false,10000,10000,xcsp3,global,5,0,false,
xcsp3-csp-22to25,Ortholatin-20_c22,false,,,false,10000,10000,xcsp3,global,5,0,false,
xcsp3-csp-22to25,PegSolitaire-english-0-2-0_c23,false,,,false,10000,10000,xcsp3,linear,0,11,false,
xcsp3-csp-22to25,PegSolitaire-english-0-3-0_c23,false,,,false,10000,10000,xcsp3,linear,0,11,false,
xcsp3-csp-22to25,PegSolitaire-english-0-4-0_c23,false,,,false,10000,10000,xcsp3,linear,0,11,false,
xcsp3-csp-22to25,PegSolitaire-english-1-2-0_c23,false,,,false,10000,10000,xcsp3,linear,0,11,false,
xcsp3-csp-22to25,PegSolitaire-english-1-3-0_c23,false,,,false,10000,10000,xcsp3,linear,0,11,false,
xcsp3-csp-22to25,PegSolitaire-english-1-4-0_c23,false,,true,false,1399,10000,xcsp3,linear,0,11,false,
xcsp3-csp-22to25,PegSolitaire-english-2-0-0_c23,false,,,false,10000,10000,xcsp3,linear,0,11,false,
xcsp3-csp-22to25,PegSolitaire-english-2-2-0_c23,false,,true,false,1706,10000,xcsp3,linear,0,11,false,
xcsp3-csp-22to25,PegSolitaire-english-2-3-0_c23,false,,,false,10000,10000,xcsp3,linear,0,11,false,
xcsp3-csp-22to25,PegSolitaire-english-2-4-0_c23,false,,,false,10000,10000,xcsp3,linear,0,11,false,
xcsp3-csp-22to25,PegSolitaire-english-2-6-0_c23,false,,,false,10000,10000,xcsp3,linear,0,11,false,
xcsp3-csp-22to25,PegSolitaire-english-3-3-0_c23,false,,,false,10000,10000,xcsp3,linear,0,11,false,
xcsp3-csp-22to25,PegSolitaireTable-english-0-2-0_c25,false,,,false,10000,10000,xcsp3,global,33,0,false,
xcsp3-csp-22to25,PegSolitaireTable-english-0-3-0_c25,false,,,false,10000,10000,xcsp3,global,33,0,false,
xcsp3-csp-22to25,PegSolitaireTable-english-0-4-0_c25,false,,,false,10000,10000,xcsp3,global,33,0,false,
xcsp3-csp-22to25,PegSolitaireTable-english-1-2-0_c25,false,,,false,10000,10000,xcsp3,global,33,0,false,
xcsp3-csp-22to25,PegSolitaireTable-english-1-3-0_c25,false,,,false,10000,10000,xcsp3,global,33,0,false,
xcsp3-csp-22to25,PegSolitaireTable-english-1-4-0_c25,false,,true,false,9600,10000,xcsp3,global,33,0,false,
xcsp3-csp-22to25,PegSolitaireTable-english-2-0-0_c25,false,,,false,10000,10000,xcsp3,global,33,0,false,
xcsp3-csp-22to25,PegSolitaireTable-english-2-2-0_c25,false,,true,false,4973,10000,xcsp3,global,33,0,false,
xcsp3-csp-22to25,PegSolitaireTable-english-2-3-0_c25,false,,,false,10000,10000,xcsp3,global,33,0,false,
xcsp3-csp-22to25,PegSolitaireTable-english-2-4-0_c25,false,,,false,10000,10000,xcsp3,global,33,0,false,
xcsp3-csp-22to25,PegSolitaireTable-english-2-6-0_c25,false,,,false,10000,10000,xcsp3,global,33,0,false,
xcsp3-csp-22to25,PegSolitaireTable-english-3-3-0_c25,false,,,false,10000,10000,xcsp3,global,33,0,false,
xcsp3-csp-22to25,Pentominoes-03-20_c24,false,,true,false,565,10000,xcsp3,global,13,0,false,
xcsp3-csp-22to25,Pentominoes-03-30_c24,false,,true,false,8948,10000,xcsp3,global,13,1,false,
xcsp3-csp-22to25,Pentominoes-03-40_c24,false,,,false,10000,10000,xcsp3,global,13,1,false,
xcsp3-csp-22to25,Pentominoes-04-15_c24,false,,true,false,776,10000,xcsp3,global,13,0,false,
xcsp3-csp-22to25,Pentominoes-04-30_c24,false,,,false,10000,10000,xcsp3,global,13,1,false,
xcsp3-csp-22to25,Pentominoes-05-12_c24,false,,true,false,1799,10000,xcsp3,global,13,0,false,
xcsp3-csp-22to25,Pentominoes-05-18_c24,false,,true,false,2916,10000,xcsp3,global,13,1,false,
xcsp3-csp-22to25,Pentominoes-05-24_c24,false,,,false,10000,10000,xcsp3,global,13,1,false,
xcsp3-csp-22to25,Pentominoes-06-10_c24,false,,true,false,1138,10000,xcsp3,global,13,0,false,
xcsp3-csp-22to25,Pentominoes-06-15_c24,false,,true,false,2562,10000,xcsp3,global,13,1,false,
xcsp3-csp-22to25,Pentominoes-06-20_c24,false,,,false,10000,10000,xcsp3,global,13,1,false,
xcsp3-csp-22to25,Pentominoes-08-15_c24,false,,true,false,4586,10000,xcsp3,global,13,1,false,
xcsp3-csp-22to25,Pentominoes-09-10_c24,false,,true,false,2247,10000,xcsp3,global,13,1,false,
xcsp3-csp-22to25,Pentominoes-10-12_c24,false,,true,false,4358,10000,xcsp3,global,13,1,false,
xcsp3-csp-22to25,PoolBallTriangle-05_c24,false,,true,false,23,10000,xcsp3,global,1,2,true,
xcsp3-csp-22to25,PoolBallTriangle-07_c24,false,,false,true,3217,10000,xcsp3,global,1,2,true,
xcsp3-csp-22to25,PoolBallTriangle-10_c24,false,,,false,10000,10000,xcsp3,global,1,2,true,
xcsp3-csp-22to25,PoolBallTriangle-11_c24,false,,,false,10000,10000,xcsp3,global,1,2,true,
xcsp3-csp-22to25,PoolBallTriangle-12_c24,false,,,false,10000,10000,xcsp3,global,1,2,true,
xcsp3-csp-22to25,PoolBallTriangle-13_c24,false,,,false,10000,10000,xcsp3,global,1,2,true,
xcsp3-csp-22to25,PoolBallTriangle-14_c24,false,,,false,10000,10000,xcsp3,global,1,2,true,
xcsp3-csp-22to25,PoolBallTriangle-15_c24,false,,,false,10000,10000,xcsp3,global,1,2,true,
xcsp3-csp-22to25,PoolBallTriangle-16_c24,false,,,false,10000,10000,xcsp3,global,1,2,true,
xcsp3-csp-22to25,PoolBallTriangle-18_c24,false,,,false,10000,10000,xcsp3,global,1,2,true,
xcsp3-csp-22to25,PoolBallTriangle-20_c24,false,,,false,10000,10000,xcsp3,global,1,2,true,
xcsp3-csp-22to25,Primes-10-40-3-5_c23,false,,,false,10000,10000,xcsp3,linear,0,40,false,
xcsp3-csp-22to25,Primes-10-40-3-7_c23,false,,,false,10000,10000,xcsp3,linear,0,40,false,
xcsp3-csp-22to25,Primes-15-40-3-5_c23,false,,,false,10000,10000,xcsp3,linear,0,40,false,
xcsp3-csp-22to25,Primes-15-40-3-7_c23,false,,,false,10000,10000,xcsp3,linear,0,40,false,
xcsp3-csp-22to25,Primes-20-40-3-5_c23,false,,,false,10000,10000,xcsp3,linear,0,40,false,
xcsp3-csp-22to25,Primes-20-40-3-7_c23,false,,,false,10000,10000,xcsp3,linear,0,40,false,
xcsp3-csp-22to25,Primes-25-40-3-5_c23,false,,,false,10000,10000,xcsp3,linear,0,40,false,
xcsp3-csp-22to25,Primes-25-40-3-7_c23,false,,,false,10000,10000,xcsp3,linear,0,40,false,
xcsp3-csp-22to25,PseudoB-BeauxArts-K65_c22,false,,,false,10000,10000,xcsp3,linear,0,7,false,
xcsp3-csp-22to25,PseudoB-BeauxArts-K68_c22,false,,true,false,2097,10000,xcsp3,linear,0,7,false,
xcsp3-csp-22to25,PseudoB-BeauxArts-K71_c22,false,,true,false,870,10000,xcsp3,linear,0,7,false,
xcsp3-csp-22to25,PseudoB-BeauxArts-K74_c22,false,,true,false,517,10000,xcsp3,linear,0,7,false,
xcsp3-csp-22to25,PseudoB-BeauxArts-K77_c22,false,,true,false,531,10000,xcsp3,linear,0,7,false,
xcsp3-csp-22to25,PseudoB-fpga35-33-sat_c22,false,,true,false,148,10000,xcsp3,linear,0,6,false,
xcsp3-csp-22to25,PseudoB-fpga35-34-sat_c22,false,,true,false,130,10000,xcsp3,linear,0,5,false,
xcsp3-csp-22to25,PseudoB-fpga40-38-sat_c22,false,,true,false,189,10000,xcsp3,linear,0,4,false,
xcsp3-csp-22to25,PseudoB-fpga40-39-sat_c22,false,,true,false,310,10000,xcsp3,linear,0,5,false,
xcsp3-csp-22to25,PseudoB-fpga45-43-sat_c22,false,,true,false,295,10000,xcsp3,linear,0,6,false,
xcsp3-csp-22to25,PseudoB-fpga45-44-sat_c22,false,,true,false,3138,10000,xcsp3,linear,0,5,false,
xcsp3-csp-22to25,PythagoreanTriples-2000_c23,false,,true,false,21,10000,xcsp3,global,1,1,false,
xcsp3-csp-22to25,PythagoreanTriples-4000_c23,false,,true,false,224,10000,xcsp3,global,1,1,false,
xcsp3-csp-22to25,PythagoreanTriples-5000_c23,false,,true,false,286,10000,xcsp3,global,1,1,false,
xcsp3-csp-22to25,PythagoreanTriples-6000_c23,false,,true,false,2278,10000,xcsp3,global,1,1,false,
xcsp3-csp-22to25,PythagoreanTriples-7000_c23,false,,,false,10000,10000,xcsp3,global,1,1,false,
xcsp3-csp-22to25,PythagoreanTriples-7500_c23,false,,,false,10000,10000,xcsp3,global,1,1,false,
xcsp3-csp-22to25,PythagoreanTriples-7824_c23,false,,,false,10000,10000,xcsp3,global,1,1,false,
xcsp3-csp-22to25,PythagoreanTriples-7825_c23,false,,,false,10000,10000,xcsp3,global,1,1,false,
xcsp3-csp-22to25,QuasiGroup-base-v3-08_c22,false,,true,false,317,10000,xcsp3,global,9,0,false,
xcsp3-csp-22to25,QuasiGroup-base-v3-09_c22,false,,,false,10000,10000,xcsp3,global,10,0,false,
xcsp3-csp-22to25,QuasiGroup-base-v3-10_c22,false,,,false,10000,10000,xcsp3,global,11,0,false,
xcsp3-csp-22to25,QuasiGroup-base-v3-11_c22,false,,,false,10000,10000,xcsp3,global,12,0,false,
xcsp3-csp-22to25,QuasiGroup-base-v3-16_c22,false,,,false,10000,10000,xcsp3,global,17,0,false,
xcsp3-csp-22to25,QuasiGroup-base-v5-08_c22,false,,true,false,46,10000,xcsp3,global,17,0,false,
xcsp3-csp-22to25,QuasiGroup-base-v5-09_c22,false,,false,true,408,10000,xcsp3,global,19,0,false,
xcsp3-csp-22to25,QuasiGroup-base-v5-10_c22,false,,false,true,3827,10000,xcsp3,global,21,0,false,
xcsp3-csp-22to25,QuasiGroup-base-v5-11_c22,false,,true,false,227,10000,xcsp3,global,23,0,false,
xcsp3-csp-22to25,QuasiGroup-base-v5-16_c22,false,,,false,10000,10000,xcsp3,global,33,0,false,
xcsp3-csp-22to25,QuasiGroup-base-v6-08_c22,false,,true,false,41,10000,xcsp3,global,17,0,false,
xcsp3-csp-22to25,QuasiGroup-base-v6-09_c22,false,,true,false,91,10000,xcsp3,global,19,0,false,
xcsp3-csp-22to25,QuasiGroup-base-v6-10_c22,false,,,false,10000,10000,xcsp3,global,21,0,false,
xcsp3-csp-22to25,QuasiGroup-base-v6-11_c22,false,,,false,10000,10000,xcsp3,global,23,0,false,
xcsp3-csp-22to25,QuasiGroup-base-v6-16_c22,false,,true,false,7853,10000,xcsp3,global,33,0,false,
xcsp3-csp-22to25,RamseyPartition-equ-3-0300_c25,false,,false,true,3660,10000,xcsp3,global,2,0,false,
xcsp3-csp-22to25,RamseyPartition-equ-3-0600_c25,false,,,false,10000,10000,xcsp3,global,2,0,false,
xcsp3-csp-22to25,RamseyPartition-equ-3-1200_c25,false,,,false,10000,10000,xcsp3,global,2,0,false,
xcsp3-csp-22to25,RamseyPartition-equ-4-0060_c25,false,,true,false,9932,10000,xcsp3,global,2,0,false,
xcsp3-csp-22to25,RamseyPartition-equ-4-0062_c25,false,,false,true,103,10000,xcsp3,global,2,0,false,
xcsp3-csp-22to25,RamseyPartition-equ-4-0064_c25,false,,,false,10000,10000,xcsp3,global,2,0,false,
xcsp3-csp-22to25,RamseyPartition-equ-4-0080_c25,false,,,false,10000,10000,xcsp3,global,2,0,false,
xcsp3-csp-22to25,RamseyPartition-equ-4-0100_c25,false,,,false,10000,10000,xcsp3,global,2,0,false,
xcsp3-csp-22to25,RamseyPartition-equ-4-0400_c25,false,,,false,10000,10000,xcsp3,global,2,0,false,
xcsp3-csp-22to25,RamseyPartition-equ-5-0130_c25,false,,,false,10000,10000,xcsp3,global,2,0,false,
xcsp3-csp-22to25,RamseyPartition-equ-5-0140_c25,false,,,false,10000,10000,xcsp3,global,2,0,false,
xcsp3-csp-22to25,RamseyPartition-equ-5-0160_c25,false,,,false,10000,10000,xcsp3,global,2,0,false,
xcsp3-csp-22to25,RamseyPartition-equ-5-0180_c25,false,,,false,10000,10000,xcsp3,global,2,0,false,
xcsp3-csp-22to25,RamseyPartition-equ-5-0200_c25,false,,,false,10000,10000,xcsp3,global,2,0,false,
xcsp3-csp-22to25,RamseyPartition-equ-5-0400_c25,false,,,false,10000,10000,xcsp3,global,2,0,false,
xcsp3-csp-22to25,RoomMate-sr0200_c22,false,,true,false,1838,10000,xcsp3,linear,0,2,false,
xcsp3-csp-22to25,RoomMate-sr0300_c22,false,,false,true,5137,10000,xcsp3,linear,0,2,false,
xcsp3-csp-22to25,RoomMate-sr0400_c22,false,,,false,10000,10000,xcsp3,linear,0,2,false,
xcsp3-csp-22to25,RoomMate-sr0500_c22,false,,,false,10000,10000,xcsp3,linear,0,2,false,
xcsp3-csp-22to25,RoomMate-sr0700_c22,false,,,false,10000,10000,xcsp3,linear,0,2,false,
xcsp3-csp-22to25,RoomMate-sr1000_c22,false,,,false,10000,10000,xcsp3,linear,0,2,false,
xcsp3-csp-22to25,Rostering-00-14-20_c25,false,,true,false,7138,10000,xcsp3,global,2,0,false,
xcsp3-csp-22to25,Rostering-00-14-25_c25,false,,,false,10000,10000,xcsp3,global,2,0,false,
xcsp3-csp-22to25,Rostering-00-14-30_c25,false,,,false,10000,10000,xcsp3,global,2,0,false,
xcsp3-csp-22to25,Rostering-00-14-35_c25,false,,,false,10000,10000,xcsp3,global,2,0,false,
xcsp3-csp-22to25,Rostering-00-14-40_c25,false,,,false,10000,10000,xcsp3,global,2,0,false,
xcsp3-csp-22to25,Rostering-25-22-20_c25,false,,true,false,4282,10000,xcsp3,global,2,1,false,
xcsp3-csp-22to25,Rostering-25-22-25_c25,false,,true,false,7177,10000,xcsp3,global,2,1,false,
xcsp3-csp-22to25,Rostering-25-22-30_c25,false,,,false,10000,10000,xcsp3,global,2,1,false,
xcsp3-csp-22to25,Rostering-25-22-35_c25,false,,,false,10000,10000,xcsp3,global,2,1,false,
xcsp3-csp-22to25,Rostering-25-22-40_c25,false,,,false,10000,10000,xcsp3,global,2,1,false,
xcsp3-csp-22to25,Rostering-25-28-20_c25,false,,,false,10000,10000,xcsp3,global,2,1,false,
xcsp3-csp-22to25,Rostering-25-28-25_c25,false,,true,false,7335,10000,xcsp3,global,2,1,false,
xcsp3-csp-22to25,Rostering-25-28-30_c25,false,,,false,10000,10000,xcsp3,global,2,1,false,
xcsp3-csp-22to25,Rostering-25-28-35_c25,false,,,false,10000,10000,xcsp3,global,2,1,false,
xcsp3-csp-22to25,Rostering-25-28-40_c25,false,,,false,10000,10000,xcsp3,global,2,1,false,
xcsp3-csp-22to25,RotatingRostering-008-2-3_c25,false,,true,false,38,10000,xcsp3,global,4,4,true,
xcsp3-csp-22to25,RotatingRostering-012-2-3_c25,false,,true,false,38,10000,xcsp3,global,3,4,true,
xcsp3-csp-22to25,RotatingRostering-020-2-3_c25,false,,false,true,637,10000,xcsp3,global,3,4,true,
xcsp3-csp-22to25,RotatingRostering-028-2-3_c25,false,,,false,10000,10000,xcsp3,global,3,4,true,
xcsp3-csp-22to25,RotatingRostering-036-2-3_c25,false,,true,false,589,10000,xcsp3,global,3,4,true,
xcsp3-csp-22to25,RotatingRostering-036-2-4_c25,false,,true,false,411,10000,xcsp3,global,3,4,true,
xcsp3-csp-22to25,RotatingRostering-044-2-3_c25,false,,true,false,613,10000,xcsp3,global,3,4,true,
xcsp3-csp-22to25,RotatingRostering-044-2-4_c25,false,,true,false,279,10000,xcsp3,global,3,4,true,
xcsp3-csp-22to25,RotatingRostering-052-2-3_c25,false,,,false,10000,10000,xcsp3,global,3,4,true,
xcsp3-csp-22to25,RotatingRostering-052-2-4_c25,false,,true,false,8176,10000,xcsp3,global,3,4,true,
xcsp3-csp-22to25,RotatingRostering-064-2-4-c25,false,,,false,10000,10000,xcsp3,global,3,4,true,
xcsp3-csp-22to25,RotatingRostering-088-2-4-c25,false,,,false,10000,10000,xcsp3,global,3,4,true,
xcsp3-csp-22to25,RotatingRostering-124-2-4-c25,false,,,false,10000,10000,xcsp3,global,3,4,true,
xcsp3-csp-22to25,RotatingRostering-196-2-4_c25,false,,,false,10000,10000,xcsp3,global,3,4,true,
xcsp3-csp-22to25,RotatingWorkforce2-025-00_c24,false,,true,false,116,10000,xcsp3,global,4,2,false,
xcsp3-csp-22to25,RotatingWorkforce2-025-01_c24,false,,true,false,227,10000,xcsp3,global,4,2,false,
xcsp3-csp-22to25,RotatingWorkforce2-025-02_c24,false,,true,false,173,10000,xcsp3,global,5,2,false,
xcsp3-csp-22to25,RotatingWorkforce2-040-00_c24,false,,true,false,1139,10000,xcsp3,global,4,2,false,
xcsp3-csp-22to25,RotatingWorkforce2-040-01_c24,false,,true,false,6258,10000,xcsp3,global,4,2,false,
xcsp3-csp-22to25,RotatingWorkforce2-040-02_c24,false,,true,false,325,10000,xcsp3,global,4,2,false,
xcsp3-csp-22to25,RotatingWorkforce2-060-00_c24,false,,,false,10000,10000,xcsp3,global,4,2,false,
xcsp3-csp-22to25,RotatingWorkforce2-060-01_c24,false,,true,false,5209,10000,xcsp3,global,4,2,false,
xcsp3-csp-22to25,RotatingWorkforce2-060-02_c24,false,,,false,10000,10000,xcsp3,global,4,2,false,
xcsp3-csp-22to25,RotatingWorkforce2-080-00_c24,false,,,false,10000,10000,xcsp3,global,4,2,false,
xcsp3-csp-22to25,RotatingWorkforce2-080-01_c24,false,,,false,10000,10000,xcsp3,global,4,2,false,
xcsp3-csp-22to25,RotatingWorkforce2-080-02_c24,false,,,false,10000,10000,xcsp3,global,4,2,false,
xcsp3-csp-22to25,RotatingWorkforce2-100-00_c24,false,,,false,10000,10000,xcsp3,global,4,2,false,
xcsp3-csp-22to25,RotatingWorkforce2-100-01_c24,false,,,false,10000,10000,xcsp3,global,4,2,false,
xcsp3-csp-22to25,RotatingWorkforce2-100-02_c24,false,,,false,10000,10000,xcsp3,global,4,2,false,
xcsp3-csp-22to25,SEDF-19-1-C19-3-3-1_c25,false,,true,false,2849,10000,xcsp3,global,7,0,false,
xcsp3-csp-22to25,SEDF-21-1-C7C3-6-2-1_c25,false,,,false,10000,10000,xcsp3,global,7,0,false,
xcsp3-csp-22to25,SEDF-21-2-C21-6-2-1_c25,false,,,false,10000,10000,xcsp3,global,7,0,false,
xcsp3-csp-22to25,SEDF-25-1-C25-7-2-1_c25,false,,,false,10000,10000,xcsp3,global,7,0,false,
xcsp3-csp-22to25,SEDF-25-2-C5xC5-7-2-1_c25,false,,,false,10000,10000,xcsp3,global,7,0,false,
xcsp3-csp-22to25,SEDF-28-1-C7C4-4-3-1_c25,false,,,false,10000,10000,xcsp3,global,7,0,false,
xcsp3-csp-22to25,SEDF-28-2-C28-4-3-1_c25,false,,,false,10000,10000,xcsp3,global,7,0,false,
xcsp3-csp-22to25,SEDF-28-3-D28-4-3-1_c25,false,,,false,10000,10000,xcsp3,global,7,0,false,
xcsp3-csp-22to25,SEDF-28-4-C14xC2-4-3-1_c25,false,,,false,10000,10000,xcsp3,global,7,0,false,
xcsp3-csp-22to25,SEDF-29-1-C29-8-2-1_c25,false,,,false,10000,10000,xcsp3,global,7,0,false,
xcsp3-csp-22to25,Slant-01_c23,false,,true,false,113,10000,xcsp3,global,1,6,false,
xcsp3-csp-22to25,Slant-02_c23,false,,true,false,1247,10000,xcsp3,global,1,6,true,
xcsp3-csp-22to25,Slant-03_c23,false,,true,false,461,10000,xcsp3,global,1,6,false,
xcsp3-csp-22to25,Slant-04_c23,false,,true,false,1230,10000,xcsp3,global,1,6,true,
xcsp3-csp-22to25,Slant-05_c23,false,,true,false,1648,10000,xcsp3,global,1,6,true,
xcsp3-csp-22to25,Slant-06_c23,false,,true,false,3626,10000,xcsp3,global,1,6,true,
xcsp3-csp-22to25,Slant-07_c23,false,,,false,10000,10000,xcsp3,global,1,6,true,
xcsp3-csp-22to25,Slant-08_c23,false,,,false,10000,10000,xcsp3,global,1,6,true,
xcsp3-csp-22to25,Slant-09_c23,false,,,false,10000,10000,xcsp3,global,1,6,true,
xcsp3-csp-22to25,Slant-10_c23,false,,true,false,7678,10000,xcsp3,global,1,6,true,
xcsp3-csp-22to25,Soccer-20-12-20-1_c24,false,,true,false,912,10000,xcsp3,global,2,7,false,
xcsp3-csp-22to25,Soccer-20-25-20-1_c24,false,,true,false,178,10000,xcsp3,global,2,7,false,
xcsp3-csp-22to25,Soccer-22-12-20-1_c24,false,,true,false,1911,10000,xcsp3,global,2,8,false,
xcsp3-csp-22to25,Soccer-22-18-20-1_c24,false,,true,false,1408,10000,xcsp3,global,2,7,false,
xcsp3-csp-22to25,Soccer-24-15-20-1_c24,false,,true,false,1874,10000,xcsp3,global,2,7,false,
xcsp3-csp-22to25,Soccer-24-16-14-2_c23,false,,,false,10000,10000,xcsp3,global,2,8,false,
xcsp3-csp-22to25,Soccer-24-18-20-1_c24,false,,,false,10000,10000,xcsp3,global,2,7,false,
xcsp3-csp-22to25,Soccer-24-24-16-1_c23,false,,true,false,3102,10000,xcsp3,global,2,7,false,
xcsp3-csp-22to25,Soccer-24-25-20-1_c24,false,,true,false,305,10000,xcsp3,global,2,7,false,
xcsp3-csp-22to25,Soccer-26-15-20-1_c24,false,,true,false,5507,10000,xcsp3,global,2,8,false,
xcsp3-csp-22to25,Soccer-26-16-20-4_c23,false,,true,false,3148,10000,xcsp3,global,2,8,false,
xcsp3-csp-22to25,Soccer-26-20-20-1_c24,false,,true,false,7031,10000,xcsp3,global,2,7,false,
xcsp3-csp-22to25,Soccer-26-25-20-1_c24,false,,true,false,362,10000,xcsp3,global,2,7,false,
xcsp3-csp-22to25,Soccer-26-42-20-1_c23,false,,true,false,162,10000,xcsp3,global,2,8,false,
xcsp3-csp-22to25,Soccer-28-20-20-1_c24,false,,true,false,4877,10000,xcsp3,global,2,7,false,
xcsp3-csp-22to25,Soccer-28-22-07-4_c23,false,,,false,10000,10000,xcsp3,global,2,7,false,
xcsp3-csp-22to25,Soccer-28-23-09-2_c23,false,,true,false,7724,10000,xcsp3,global,2,7,false,
xcsp3-csp-22to25,Soccer-28-23-16-1_c23,false,,,false,10000,10000,xcsp3,global,2,7,false,
xcsp3-csp-22to25,Soccer-28-25-20-1_c24,false,,true,false,4626,10000,xcsp3,global,2,7,false,
xcsp3-csp-22to25,Soccer-28-30-20-1_c24,false,,true,false,1413,10000,xcsp3,global,2,7,false,
xcsp3-csp-22to25,Soccer-30-16-08-1_c23,false,,,false,10000,10000,xcsp3,global,2,7,false,
xcsp3-csp-22to25,Soccer-30-20-24-1_c23,false,,true,false,9455,10000,xcsp3,global,2,7,false,
xcsp3-csp-22to25,Soccer-30-24-20-1_c24,false,,true,false,8994,10000,xcsp3,global,2,7,false,
xcsp3-csp-22to25,Soccer-30-25-15-4_c23,false,,,false,10000,10000,xcsp3,global,2,7,false,
xcsp3-csp-22to25,Soccer-30-27-20-1_c24,false,,true,false,744,10000,xcsp3,global,2,8,false,
xcsp3-csp-22to25,Soccer-30-30-20-1_c24,false,,,false,10000,10000,xcsp3,global,2,7,false,
xcsp3-csp-22to25,SocialGolfers-05-05-06_c24,false,,true,false,161,10000,xcsp3,global,6,1,true,
xcsp3-csp-22to25,SocialGolfers-06-06-07_c24,false,,,false,10000,10000,xcsp3,global,7,1,true,
xcsp3-csp-22to25,SocialGolfers-07-07-08_c24,false,,,false,10000,10000,xcsp3,global,8,1,true,
xcsp3-csp-22to25,SocialGolfers-08-04-07_c24,false,,true,false,1605,10000,xcsp3,global,3,1,true,
xcsp3-csp-22to25,SocialGolfers-08-04-08_c24,false,,,false,10000,10000,xcsp3,global,3,1,true,
xcsp3-csp-22to25,SocialGolfers-08-04-09_c24,false,,,false,10000,10000,xcsp3,global,3,1,true,
xcsp3-csp-22to25,SocialGolfers-08-04-10_c24,false,,,false,10000,10000,xcsp3,global,3,1,true,
xcsp3-csp-22to25,SocialGolfers-08-04-11_c24,false,,false,true,1415,10000,xcsp3,global,3,1,true,
xcsp3-csp-22to25,SocialGolfers-08-08-09_c24,false,,,false,10000,10000,xcsp3,global,9,1,true,
xcsp3-csp-22to25,SocialGolfers-cnt-05-05-06_c24,false,,true,false,140,10000,xcsp3,global,6,1,false,
xcsp3-csp-22to25,SocialGolfers-cnt-06-06-07_c24,false,,false,true,1277,10000,xcsp3,global,7,1,false,
xcsp3-csp-22to25,SocialGolfers-cnt-07-07-08_c24,false,,true,false,7619,10000,xcsp3,global,8,1,false,
xcsp3-csp-22to25,SocialGolfers-cnt-08-04-07_c24,false,,true,false,3565,10000,xcsp3,global,3,1,false,
xcsp3-csp-22to25,SocialGolfers-cnt-08-04-08_c24,false,,,false,10000,10000,xcsp3,global,3,1,false,
xcsp3-csp-22to25,SocialGolfers-cnt-08-04-09_c24,false,,,false,10000,10000,xcsp3,global,3,1,false,
xcsp3-csp-22to25,SocialGolfers-cnt-08-04-10_c24,false,,,false,10000,10000,xcsp3,global,3,1,false,
xcsp3-csp-22to25,SocialGolfers-cnt-08-04-11_c24,false,,false,true,1599,10000,xcsp3,global,3,1,false,
xcsp3-csp-22to25,SocialGolfers-cnt-08-08-09_c24,false,,,false,10000,10000,xcsp3,global,9,1,false,
xcsp3-csp-22to25,SolitaireBattleship-13-13-5-1_c22,false,,true,false,570,10000,xcsp3,global,4,4,false,
xcsp3-csp-22to25,SolitaireBattleship-13-13-5-5_c22,false,,false,true,168,10000,xcsp3,global,4,4,false,
xcsp3-csp-22to25,SolitaireBattleship-15-15-6-0_c22,false,,true,false,4605,10000,xcsp3,global,4,4,false,
xcsp3-csp-22to25,SolitaireBattleship-15-15-6-1_c22,false,,,false,10000,10000,xcsp3,global,4,5,false,
xcsp3-csp-22to25,SolitaireBattleship-15-15-7-1_c22,false,,true,false,5367,10000,xcsp3,global,4,4,false,
xcsp3-csp-22to25,SolitaireBattleship-15-15-7-3_c22,false,,true,false,2101,10000,xcsp3,global,4,4,false,
xcsp3-csp-22to25,SolitaireBattleship-15-15-7-5_c22,false,,true,false,3284,10000,xcsp3,global,4,4,false,
xcsp3-csp-22to25,SolitaireBattleship-15-15-7-6_c22,false,,true,false,2934,10000,xcsp3,global,4,4,false,
xcsp3-csp-22to25,SolitairePattern-dec2-3-3-0_c24,false,,true,false,1175,10000,xcsp3,global,2,12,false,
xcsp3-csp-22to25,SolitairePattern-dec2-3-3-1_c24,false,,true,false,3276,10000,xcsp3,global,2,12,false,
xcsp3-csp-22to25,SolitairePattern-dec2-3-3-2_c24,false,,true,false,678,10000,xcsp3,global,2,12,false,
xcsp3-csp-22to25,SolitairePattern-dec2-3-3-3_c24,false,,true,false,515,10000,xcsp3,global,2,12,false,
xcsp3-csp-22to25,SolitairePattern-dec2-3-3-4_c24,false,,true,false,808,10000,xcsp3,global,2,12,false,
xcsp3-csp-22to25,SolitairePattern-dec2-3-3-5_c24,false,,true,false,700,10000,xcsp3,global,2,12,false,
xcsp3-csp-22to25,SolitairePattern-dec2-3-3-6_c24,false,,true,false,771,10000,xcsp3,global,2,12,false,
xcsp3-csp-22to25,SolitairePattern-dec2-3-3-7_c24,false,,true,false,831,10000,xcsp3,global,2,12,false,
xcsp3-csp-22to25,SolitairePattern-dec2-3-3-8_c24,false,,true,false,3592,10000,xcsp3,global,2,12,false,
xcsp3-csp-22to25,SolitairePattern-dec2-3-3-9_c24,false,,true,false,1719,10000,xcsp3,global,2,12,false,
xcsp3-csp-22to25,SportsScheduling-dummy-08_c22,false,,true,false,118,10000,xcsp3,global,7,1,false,
xcsp3-csp-22to25,SportsScheduling-dummy-10_c22,false,,true,false,722,10000,xcsp3,global,7,1,false,
xcsp3-csp-22to25,SportsScheduling-dummy-12_c22,false,,,false,10000,10000,xcsp3,global,7,1,false,
xcsp3-csp-22to25,SportsScheduling-dummy-14_c22,false,,,false,10000,10000,xcsp3,global,7,1,false,
xcsp3-csp-22to25,SportsScheduling-dummy-16_c22,false,,,false,10000,10000,xcsp3,global,7,1,false,
xcsp3-csp-22to25,SportsScheduling-dummy-18_c22,false,,,false,10000,10000,xcsp3,global,7,1,false,
xcsp3-csp-22to25,SportsScheduling-dummy-20_c22,false,,,false,10000,10000,xcsp3,global,7,1,false,
xcsp3-csp-22to25,SportsScheduling-dummy-22_c22,false,,,false,10000,10000,xcsp3,global,7,1,false,
xcsp3-csp-22to25,SportsScheduling-dummy-24_c22,false,,,false,10000,10000,xcsp3,global,7,1,false,
xcsp3-csp-22to25,SportsScheduling-dummy-26_c22,false,,,false,10000,10000,xcsp3,global,7,1,false,
xcsp3-csp-22to25,SquarePackingSuite-15_c23,false,,true,false,28,10000,xcsp3,global,2,2,false,
xcsp3-csp-22to25,SquarePackingSuite-18_c23,false,,true,false,369,10000,xcsp3,global,2,2,false,
xcsp3-csp-22to25,SquarePackingSuite-20_c23,false,,true,false,419,10000,xcsp3,global,2,2,false,
xcsp3-csp-22to25,SquarePackingSuite-21_c23,false,,true,false,415,10000,xcsp3,global,2,2,false,
xcsp3-csp-22to25,SquarePackingSuite-22_c23,false,,,false,10000,10000,xcsp3,global,2,2,false,
xcsp3-csp-22to25,SquarePackingSuite-23_c23,false,,,false,10000,10000,xcsp3,global,2,2,false,
xcsp3-csp-22to25,SquarePackingSuite-24_c23,false,,true,false,2786,10000,xcsp3,global,2,2,false,
xcsp3-csp-22to25,SquarePackingSuite-25_c23,false,,,false,10000,10000,xcsp3,global,2,2,false,
xcsp3-csp-22to25,SquarePackingSuite-26_c23,false,,,false,10000,10000,xcsp3,global,2,2,false,
xcsp3-csp-22to25,SquarePackingSuite-27_c23,false,,,false,10000,10000,xcsp3,global,2,2,false,
xcsp3-csp-22to25,Subisomorphism-g08-g43_c24,false,,true,false,2333,10000,xcsp3,global,8,0,false,
xcsp3-csp-22to25,Subisomorphism-g10-g23_c24,false,,,false,10000,10000,xcsp3,global,9,0,false,
xcsp3-csp-22to25,Subisomorphism-g10-g27_c24,false,,,false,10000,10000,xcsp3,global,9,0,false,
xcsp3-csp-22to25,Subisomorphism-g11-g30_c24,false,,,false,10000,10000,xcsp3,global,2,0,false,
xcsp3-csp-22to25,Subisomorphism-g11-g44_c24,false,,,false,10000,10000,xcsp3,global,11,0,false,
xcsp3-csp-22to25,Subisomorphism-g17-g37_c24,false,,true,false,4681,10000,xcsp3,global,2,0,false,
xcsp3-csp-22to25,Subisomorphism-g17-g42_c24,false,,,false,10000,10000,xcsp3,global,4,0,false,
xcsp3-csp-22to25,Subisomorphism-g19-g43_c24,false,,,false,10000,10000,xcsp3,global,7,0,false,
xcsp3-csp-22to25,Subisomorphism-g19-g45_c24,false,,,false,10000,10000,xcsp3,global,7,0,false,
xcsp3-csp-22to25,Subisomorphism-g29-g50_c24,false,,,false,10000,10000,xcsp3,global,11,0,false,
xcsp3-csp-22to25,Subisomorphism-g34-g36_c24,false,,false,true,415,10000,xcsp3,global,2,0,false,
xcsp3-csp-22to25,Superpermutation-3_c22,false,,true,false,1,10000,xcsp3,global,4,2,false,
xcsp3-csp-22to25,Superpermutation-4_c22,false,,true,false,55,10000,xcsp3,global,5,2,false,
xcsp3-csp-22to25,Superpermutation-5_c22,false,,,false,10000,10000,xcsp3,global,6,2,false,
xcsp3-csp-22to25,Superpermutation-table-3_c22,false,,,false,10000,10000,xcsp3,global,2,1,false,
xcsp3-csp-22to25,Superpermutation-table-4_c22,false,,true,false,48,10000,xcsp3,global,2,1,false,
xcsp3-csp-22to25,Superpermutation-table-5_c22,false,,,false,10000,10000,xcsp3,global,2,1,false,
xcsp3-csp-22to25,Takuzu-030_c24,false,,true,false,1232,10000,xcsp3,global,2,4,false,
xcsp3-csp-22to25,Takuzu-040_c24,false,,true,false,4645,10000,xcsp3,global,2,4,false,
xcsp3-csp-22to25,Takuzu-050_c24,false,,true,false,5723,10000,xcsp3,global,2,4,false,
xcsp3-csp-22to25,Takuzu-060_c24,false,,true,false,9307,10000,xcsp3,global,2,4,false,
xcsp3-csp-22to25,Takuzu-070_c24,false,,,false,10000,10000,xcsp3,global,2,4,false,
xcsp3-csp-22to25,Takuzu-080_c24,false,,,false,10000,10000,xcsp3,global,2,4,false,
xcsp3-csp-22to25,Takuzu-090_c24,false,,,false,10000,10000,xcsp3,global,2,4,false,
xcsp3-csp-22to25,Takuzu-100_c24,false,,,false,10000,10000,xcsp3,global,2,4,false,
xcsp3-csp-22to25,Takuzu-110_c24,false,,,false,10000,10000,xcsp3,global,2,4,false,
xcsp3-csp-22to25,Takuzu-120_c24,false,,,false,10000,10000,xcsp3,global,2,4,false,
xcsp3-csp-22to25,Takuzu-150_c24,false,,,false,10000,10000,xcsp3,global,2,4,false,
xcsp3-csp-22to25,Takuzu-200_c24,false,,,false,10000,10000,xcsp3,global,2,4,false,
xcsp3-csp-22to25,TilingRythmicCanons1-16_c25,false,,,false,10000,10000,xcsp3,global,44,4,false,
xcsp3-csp-22to25,TilingRythmicCanons1-17_c25,false,,,false,10000,10000,xcsp3,global,32,4,false,
xcsp3-csp-22to25,TilingRythmicCanons1-18_c25,false,,,false,10000,10000,xcsp3,global,30,4,false,
xcsp3-csp-22to25,TilingRythmicCanons1-19_c25,false,,,false,10000,10000,xcsp3,global,22,4,false,
xcsp3-csp-22to25,TilingRythmicCanons1-20_c25,false,,,false,10000,10000,xcsp3,global,72,4,false,
xcsp3-csp-22to25,TilingRythmicCanons1-21_c25,false,,,false,10000,10000,xcsp3,global,32,4,false,
xcsp3-csp-22to25,TilingRythmicCanons1-22_c25,false,,,false,10000,10000,xcsp3,global,30,4,false,
xcsp3-csp-22to25,TilingRythmicCanons1-23_c25,false,,,false,10000,10000,xcsp3,global,14,4,false,
xcsp3-csp-22to25,TilingRythmicCanons1-24_c25,false,,,false,10000,10000,xcsp3,global,72,4,false,
xcsp3-csp-22to25,TilingRythmicCanons1-30_c25,false,,,false,10000,10000,xcsp3,global,14,4,false,
xcsp3-csp-22to25,TilingRythmicCanons1-31_c25,false,,,false,10000,10000,xcsp3,global,62,4,false,
xcsp3-csp-22to25,TilingRythmicCanons1-32_c25,false,,,false,10000,10000,xcsp3,global,32,4,false,
xcsp3-csp-22to25,TilingRythmicCanons1-33_c25,false,,,false,10000,10000,xcsp3,global,92,4,false,
xcsp3-csp-22to25,TilingRythmicCanons1-36_c25,false,,,false,10000,10000,xcsp3,global,32,4,false,
xcsp3-csp-22to25,WordDesign1-words-005_c23,false,,true,false,832,10000,xcsp3,global,2,3,false,
xcsp3-csp-22to25,WordDesign1-words-015_c23,false,,true,false,2583,10000,xcsp3,global,2,3,false,
xcsp3-csp-22to25,WordDesign1-words-025_c23,false,,true,false,3890,10000,xcsp3,global,2,3,false,
xcsp3-csp-22to25,WordDesign1-words-035_c23,false,,true,false,5631,10000,xcsp3,global,2,3,false,
xcsp3-csp-22to25,WordDesign1-words-045_c23,false,,true,false,7849,10000,xcsp3,global,2,3,false,
xcsp3-csp-22to25,WordDesign1-words-055_c23,false,,,false,10000,10000,xcsp3,global,2,3,false,
xcsp3-csp-22to25,WordDesign1-words-065_c23,false,,,false,10000,10000,xcsp3,global,2,3,false,
xcsp3-csp-22to25,WordDesign1-words-075_c23,false,,,false,10000,10000,xcsp3,global,2,3,false,
xcsp3-csp-22to25,WordDesign1-words-085_c23,false,,,false,10000,10000,xcsp3,global,2,3,false,
xcsp3-csp-22to25,WordDesign1-words-100_c23,false,,,false,10000,10000,xcsp3,global,2,3,false,
xcsp3-csp-22to25,WordDesign2-words-mdd-005_c23,false,,,false,10000,10000,xcsp3,global,3,0,true,
xcsp3-csp-22to25,WordDesign2-words-mdd-015_c23,false,,,false,10000,10000,xcsp3,global,3,0,true,
xcsp3-csp-22to25,WordDesign2-words-mdd-025_c23,false,,,false,10000,10000,xcsp3,global,3,0,true,
xcsp3-csp-22to25,WordDesign2-words-mdd-035_c23,false,,,false,10000,10000,xcsp3,global,3,0,true,
xcsp3-csp-22to25,WordDesign2-words-mdd-045_c23,false,,,false,10000,10000,xcsp3,global,3,0,true,
xcsp3-csp-22to25,WordDesign2-words-mdd-055_c23,false,,,false,10000,10000,xcsp3,global,3,0,true,
xcsp3-csp-22to25,WordDesign2-words-mdd-065_c23,false,,,false,10000,10000,xcsp3,global,3,0,true,
xcsp3-csp-22to25,WordDesign2-words-mdd-075_c23,false,,,false,10000,10000,xcsp3,global,3,0,true,
xcsp3-csp-22to25,WordDesign2-words-mdd-085_c23,false,,,false,10000,10000,xcsp3,global,3,0,true,
xcsp3-csp-22to25,WordDesign2-words-mdd-100_c23,false,,,false,10000,10000,xcsp3,global,3,0,true,
xcsp3-csp-22to25,WordSquare-hak-07-ogd2008_c24,false,,,false,10000,10000,xcsp3,global,15,0,false,
xcsp3-csp-22to25,WordSquare-hak-08-ogd2008_c24,false,,,false,10000,10000,xcsp3,global,17,0,false,
xcsp3-csp-22to25,WordSquare-hak-09-ogd2008_c24,false,,,false,10000,10000,xcsp3,global,19,0,false,
xcsp3-csp-22to25,WordSquare-hak-10-ogd2008_c24,false,,,false,10000,10000,xcsp3,global,21,0,false,
xcsp3-csp-22to25,WordSquare-hak-11-ogd2008_c24,false,,,false,10000,10000,xcsp3,global,23,0,false,
xcsp3-csp-22to25,WordSquare-tab1-07-ogd2008_c24,false,,,false,10000,10000,xcsp3,global,2,1,false,
xcsp3-csp-22to25,WordSquare-tab1-08-ogd2008_c24,false,,,false,10000,10000,xcsp3,global,2,1,false,
xcsp3-csp-22to25,WordSquare-tab1-09-ogd2008_c24,false,,,false,10000,10000,xcsp3,global,2,1,false,
xcsp3-csp-22to25,WordSquare-tab1-10-ogd2008_c24,false,,,false,10000,10000,xcsp3,global,2,1,false,
xcsp3-csp-22to25,WordSquare-tab1-11-ogd2008_c24,false,,,false,10000,10000,xcsp3,global,2,1,false,
xcsp3-csp-22to25,WordSquare-tab2-07-ogd2008_c24,false,,,false,10000,10000,xcsp3,global,2,1,false,
xcsp3-csp-22to25,WordSquare-tab2-08-ogd2008_c24,false,,,false,10000,10000,xcsp3,global,2,1,false,
xcsp3-csp-22to25,WordSquare-tab2-09-ogd2008_c24,false,,,false,10000,10000,xcsp3,global,2,1,false,
xcsp3-csp-22to25,WordSquare-tab2-10-ogd2008_c24,false,,,false,10000,10000,xcsp3,global,2,1,false,
xcsp3-csp-22to25,WordSquare-tab2-11-ogd2008_c24,false,,,false,10000,10000,xcsp3,global,2,1,false,
